CO,DIST,IND1,IND2,IND3,IND4,IND5,IND6,IND7,IND8,IND9,IND10,IND11,IND12,IND13,IND15,ENROLL,DISTNAME,CONAME,GROUP,OPTYPE,DFG,ABBOTT,FLAG,COUNTY
1,10,9706227,6475188,6176743,226822,71623,1094878,946137,1082665,910498,998077,544189,0,47025,0,858,ABSECON CITY,ATLANTIC,D. K-8 / 751 +,2,CD,,1,ATLANTIC
1,110,138004772,85414003,80836398,3015617,1561988,20347612,18513134,11385391,9162791,18786893,10491693,0,1672138,227861,7106,ATLANTIC CITY,ATLANTIC,G. K-12 / 3501 +,3,A,,1,ATLANTIC
1,120,16773025,8867700,8260868,534075,72757,1953232,1816473,1673387,1206610,3541861,1805744,0,408151,225737,1398,ATLANTIC CO VOCATIONAL,ATLANTIC,J. VOC,8,,,1,ATLANTIC
1,125,20253532,11648821,11280588,106993,261240,3939473,3780435,2472092,2209767,1887171,943410,305976,0,48553,411,ATLANTIC CO SPECIAL SERV,ATLANTIC,I. CSSD,7,,,1,ATLANTIC
1,570,12338643,7618443,7350833,208058,59552,1856488,1572336,1202199,981586,1506671,865500,0,154842,87879,684,BRIGANTINE CITY,ATLANTIC,C. K-8 / 401 - 750,2,CD,,1,ATLANTIC
1,590,30313875,18165833,17787328,306102,72403,5037145,4068363,3143189,2537174,3203019,1546379,0,741387,144265,1946,BUENA REGIONAL,ATLANTIC,F. K-12 / 1801 - 3500,3,A,,1,ATLANTIC
1,1300,7510152,4537680,4350804,139381,47495,1183351,1090919,814235,666727,909304,382541,0,65582,0,505,EGG HARBOR CITY,ATLANTIC,C. K-8 / 401 - 750,2,A,,1,ATLANTIC
1,1310,97250565,58526160,56825522,1582929,117709,17655774,16600794,8288272,6772336,10708841,6909499,0,1115670,215853,7489,EGG HARBOR TWP,ATLANTIC,G. K-12 / 3501 +,3,CD,,1,ATLANTIC
1,1410,2706403,1550972,1465376,75263,10333,333949,296241,373675,276357,422318,177442,2500,15740,43574,164,ESTELL MANOR CITY,ATLANTIC,B. K-8 / 0 - 400,2,DE,,1,ATLANTIC
1,1540,4957194,3008390,2646247,248819,113324,859805,775585,464904,350019,571772,212816,0,50591,3283,415,FOLSOM BORO,ATLANTIC,C. K-8 / 401 - 750,2,CD,,1,ATLANTIC
1,1690,47397029,31415790,30402889,819150,193751,6908290,6170860,4546983,4027090,4288618,2511019,89815,110681,33702,3268,GALLOWAY TWP,ATLANTIC,D. K-8 / 751 +,2,CD,,1,ATLANTIC
1,1790,51717212,27531497,25892064,1466726,172707,6138023,5737944,6229279,4650303,8574584,5055650,0,3209868,440345,3291,GREATER EGG HARBOR REG,ATLANTIC,H. 7-12 / 9-12,5,CD,,1,ATLANTIC
1,1940,36642384,23302250,22364123,746060,192067,5555451,5192798,3600986,2981564,3978419,2096988,0,191992,25084,3067,HAMILTON TWP,ATLANTIC,D. K-8 / 751 +,2,CD,,1,ATLANTIC
1,1960,37518355,22684793,21512718,1040851,131224,5879358,5135224,3798521,2989293,3923830,1686188,0,944405,433025,3585,HAMMONTON TOWN,ATLANTIC,G. K-12 / 3501 +,3,B,,1,ATLANTIC
1,2680,12854375,7727136,7414094,276765,36277,1925052,1833550,1466584,1151657,1602536,699007,0,133067,97141,859,LINWOOD CITY,ATLANTIC,D. K-8 / 751 +,2,GH,,1,ATLANTIC
1,2910,22619865,13239161,12918228,315891,5042,3314497,3007177,1817640,1430810,2572954,1155821,0,1365172,231416,1334,MAINLAND REGIONAL,ATLANTIC,H. 7-12 / 9-12,5,DE,,1,ATLANTIC
1,3020,9544562,5664275,5278984,373974,11317,1604477,1275814,846707,658304,1270443,626468,76140,71878,43246,425,MARGATE CITY,ATLANTIC,B. K-8 / 0 - 400,2,DE,,1,ATLANTIC
1,3480,9185353,6008469,5786585,21751,200133,930770,758613,1154005,953467,1043296,500025,0,48813,23898,764,MULLICA TWP,ATLANTIC,C. K-8 / 401 - 750,2,B,,1,ATLANTIC
1,3720,12374129,8433331,8169419,248757,15155,1319619,1181562,1356692,1048457,1193649,610149,0,70839,9290,922,NORTHFIELD CITY,ATLANTIC,D. K-8 / 751 +,2,DE,,1,ATLANTIC
1,4180,68139265,38878318,37327346,1150697,400275,10311506,9557719,8440183,6563782,8961904,5252083,0,1049457,339534,3882,PLEASANTVILLE CITY,ATLANTIC,G. K-12 / 3501 +,3,A,1,1,ATLANTIC
1,4240,1776791,1048623,986730,19761,42132,365132,269106,207052,167277,155984,79747,0,0,0,133,PORT REPUBLIC CITY,ATLANTIC,B. K-8 / 0 - 400,2,FG,,1,ATLANTIC
1,4800,14298282,8915270,8561818,176342,177110,2067132,1827143,1517331,1285375,1570521,741795,0,125999,77308,1003,SOMERS POINT CITY,ATLANTIC,D. K-8 / 751 +,2,CD,,1,ATLANTIC
1,5350,12090764,7717915,7410356,272886,34673,1736657,1481507,1287926,1101415,1260733,293069,30314,57219,519445,771,VENTNOR CITY,ATLANTIC,C. K-8 / 401 - 750,2,B,,1,ATLANTIC
1,5760,2740862,1554490,1501055,30962,22473,399430,372484,389641,310068,369101,175731,0,7466,30057,182,WEYMOUTH TWP,ATLANTIC,B. K-8 / 0 - 400,2,B,,1,ATLANTIC
3,40,12988906,7429464,6793117,372317,264030,2337743,1909779,1469305,1222997,1662792,896999,0,89602,90737,903,ALLENDALE BORO,BERGEN,D. K-8 / 751 +,2,I,,1,BERGEN
3,80,4034694,2276261,2080171,122620,73470,971881,877500,328158,277229,353063,83938,0,98512,28422,155,ALPINE BORO,BERGEN,B. K-8 / 0 - 400,2,I,,1,BERGEN
3,285,51765664,30105922,27108078,506307,2491537,11980872,11062971,4299350,3314107,4798708,1563588,97000,46334,499351,675,BERGEN CO SPECIAL SERVICE,BERGEN,I. CSSD,7,,,1,BERGEN
3,290,57051538,28284991,26030241,1414661,840089,5938829,5147096,10914022,8078247,9174873,4709621,0,1845745,568280,2108,BERGEN COUNTY VOCATIONAL,BERGEN,J. VOC,8,,,1,BERGEN
3,300,53069206,32437978,26119942,2200288,4117748,7226392,6272598,5566406,4777353,6502908,3722130,0,1041746,1396433,3405,BERGENFIELD BORO,BERGEN,G. K-12 / 3501 +,3,FG,,1,BERGEN
3,440,14413723,8380771,7934057,433644,13070,2098274,1536351,2073461,1325416,1327202,499589,0,518543,87304,1090,BOGOTA BORO,BERGEN,E. K-12 / 0 - 1800,3,DE,,1,BERGEN
3,740,8653918,5271017,5028977,198600,43440,1276243,954882,1125281,949910,944380,398927,0,30227,33200,574,CARLSTADT BORO,BERGEN,C. K-8 / 401 - 750,2,DE,,1,BERGEN
3,745,9086226,4782697,4512452,250070,20175,1408911,847312,1247116,907473,1206675,612929,0,404237,7112,484,CARLSTADT-EAST RUTHERFORD,BERGEN,H. 7-12 / 9-12,5,CD,,1,BERGEN
3,890,35446879,23779543,22593990,517227,668326,4718592,3440377,3445602,2665927,2500362,1330872,0,798744,51623,2957,CLIFFSIDE PARK BORO,BERGEN,F. K-12 / 1801 - 3500,3,B,,1,BERGEN
3,930,16135719,10381920,9635635,543211,203074,2360485,1923663,1788651,1532037,1525142,907391,0,77147,79972,1120,CLOSTER BORO,BERGEN,D. K-8 / 751 +,2,I,,1,BERGEN
3,990,24294130,15267417,14559903,496687,210827,2978452,2552333,3090317,2691648,2282565,1327693,0,675379,57536,1777,CRESSKILL BORO,BERGEN,F. K-12 / 1801 - 3500,3,I,,1,BERGEN
3,1070,10728790,6037128,5539786,274322,223020,2097414,1825632,1245505,1102758,1130670,587051,4848,126138,23056,677,DEMAREST BORO,BERGEN,C. K-8 / 401 - 750,2,I,,1,BERGEN
3,1130,35291198,21780172,20508090,1158136,113946,3682803,3412719,4443307,3973989,4444386,2609853,0,862537,27687,2579,DUMONT BORO,BERGEN,F. K-12 / 1801 - 3500,3,FG,,1,BERGEN
3,1230,13001075,8040790,7559250,303147,178393,1963576,1527086,1502264,1166168,1387184,670695,0,69737,177956,768,EAST RUTHERFORD BORO,BERGEN,D. K-8 / 751 +,2,CD,,1,BERGEN
3,1270,9666663,5551981,5126839,303435,121707,1366497,901719,1291903,990707,1298111,643244,0,20012,0,907,EDGEWATER BORO,BERGEN,A. K-6,1,DE,,1,BERGEN
3,1345,26523300,14340438,13207860,613787,518791,4118809,3083767,4383746,3333231,3295128,1897685,0,527703,275084,2531,ELMWOOD PARK,BERGEN,F. K-12 / 1801 - 3500,3,CD,,1,BERGEN
3,1360,16524928,9428882,8989332,227811,211739,2117772,1575731,2151536,2036756,1946825,1078268,0,828360,0,1192,EMERSON BORO,BERGEN,E. K-12 / 0 - 1800,3,GH,,1,BERGEN
3,1370,51837151,30279301,26649771,519894,3109636,8812451,6184293,5568056,4298733,6376275,962908,0,761231,220916,3090,ENGLEWOOD CITY,BERGEN,F. K-12 / 1801 - 3500,3,DE,,1,BERGEN
3,1380,9537117,5364260,4970789,183200,210271,2192179,1693657,1061692,777245,900717,551214,0,1832,6279,537,ENGLEWOOD CLIFFS BORO,BERGEN,C. K-8 / 401 - 750,2,I,,1,BERGEN
3,1450,72855975,43188962,40867138,976598,1345226,11554306,10335108,8315914,7033752,7808524,3200482,0,1431635,407146,4717,FAIR LAWN BORO,BERGEN,G. K-12 / 3501 +,3,GH,,1,BERGEN
3,1470,13382321,7889939,7280372,474422,135145,1768402,1416959,2144856,1720439,1457651,757192,10044,49907,0,1301,FAIRVIEW BORO,BERGEN,D. K-8 / 751 +,2,A,,1,BERGEN
3,1550,52447247,31598318,30284757,981194,332367,8833511,6951170,5472215,4506942,5379235,1915740,0,1070003,250573,3728,FORT LEE BORO,BERGEN,G. K-12 / 3501 +,3,FG,,1,BERGEN
3,1580,25215772,15939350,14960308,884194,94848,3890625,3659836,2402031,2139422,2825627,263801,0,154015,124862,1221,FRANKLIN LAKES BORO,BERGEN,D. K-8 / 751 +,2,I,,1,BERGEN
3,1700,78735874,47092802,46337392,710233,45177,12257834,10043973,8755370,7563537,9440869,5105036,0,902747,179074,4986,GARFIELD CITY,BERGEN,G. K-12 / 3501 +,3,B,1,1,BERGEN
3,1760,38047805,20363794,18432271,1471314,460209,7136603,4288407,5036455,4406319,4560399,1333695,0,942800,57570,2409,GLEN ROCK BORO,BERGEN,F. K-12 / 1801 - 3500,3,J,,1,BERGEN
3,1860,84247397,54317967,50553508,1801399,1963060,12362954,10945589,7304360,6085247,8749356,4079451,21554,1486538,235763,5612,HACKENSACK CITY,BERGEN,G. K-12 / 3501 +,3,CD,,1,BERGEN
3,2050,9775068,6213482,5998837,115147,99498,1435601,1170555,1023921,807548,975979,443573,0,126085,23991,639,HARRINGTON PARK BORO,BERGEN,C. K-8 / 401 - 750,2,I,,1,BERGEN
3,2080,24033708,14305957,13873778,290095,142084,4187747,3022837,2441198,1929813,2347869,1278821,0,743178,0,1870,HASBROUCK HEIGHTS BORO,BERGEN,F. K-12 / 1801 - 3500,3,FG,,1,BERGEN
3,2090,7357854,4371521,4158412,80068,133041,1297966,1078142,813824,569747,836010,335640,0,38533,28638,408,HAWORTH BORO,BERGEN,C. K-8 / 401 - 750,2,I,,1,BERGEN
3,2180,18285918,10776835,10459098,281898,35839,3507630,2587005,1767069,1462454,2119029,663790,0,94657,80250,1253,HILLSDALE BORO,BERGEN,D. K-8 / 751 +,2,GH,,1,BERGEN
3,2200,8926977,5333427,5140523,150513,42391,1525010,1276402,1167496,832096,856141,423860,0,44357,23952,638,HO HO KUS BORO,BERGEN,C. K-8 / 401 - 750,2,J,,1,BERGEN
3,2620,26120348,15282406,14568986,653063,60357,3813797,3544515,3329380,2742813,2826441,1272979,0,743846,154687,1825,LEONIA BORO,BERGEN,F. K-12 / 1801 - 3500,3,GH,,1,BERGEN
3,2710,11549137,7978854,7576393,292110,110351,1344772,1128521,1016141,706516,1138450,546842,0,62130,0,991,LITTLE FERRY BORO,BERGEN,D. K-8 / 751 +,2,CD,,1,BERGEN
3,2740,37432166,21756371,20796849,637389,322133,5838145,4300559,4880290,4231111,4216791,1997431,0,614569,93623,3227,LODI BOROUGH,BERGEN,F. K-12 / 1801 - 3500,3,B,,1,BERGEN
3,2860,32266702,18453460,17464366,647208,341886,4508764,3986002,4361077,3494842,3507638,1697328,312500,868956,28728,2390,LYNDHURST TWP,BERGEN,F. K-12 / 1801 - 3500,3,DE,,1,BERGEN
3,2900,49687509,27920334,26446650,847228,626456,8730039,6424172,5836725,4382051,5726890,734866,0,1383950,162055,3067,MAHWAH TWP,BERGEN,F. K-12 / 1801 - 3500,3,I,,1,BERGEN
3,3060,11234043,7433958,6946831,400950,86177,1481554,1137116,1105541,856513,1131793,578576,0,70663,0,946,MAYWOOD BORO,BERGEN,D. K-8 / 751 +,2,FG,,1,BERGEN
3,3170,16723430,9533400,9136709,336030,60661,2703125,2276579,2142199,1796729,1722916,895857,0,586192,83417,987,MIDLAND PARK BORO,BERGEN,E. K-12 / 0 - 1800,3,GH,,1,BERGEN
3,3330,13787645,8599469,8141754,360680,97035,2056061,1657986,1740966,1615245,1282732,720464,0,106688,88861,1051,MONTVALE BORO,BERGEN,D. K-8 / 751 +,2,I,,1,BERGEN
3,3350,5066324,2909809,2783965,102166,23678,1059967,346143,551086,433241,487651,274359,26738,27582,22411,293,MOONACHIE BORO,BERGEN,B. K-8 / 0 - 400,2,B,,1,BERGEN
3,3550,29278479,15273993,14132616,995454,145923,4943144,4268522,4177597,3360963,3852757,2171992,0,955934,291639,1979,NEW MILFORD BORO,BERGEN,F. K-12 / 1801 - 3500,3,FG,,1,BERGEN
3,3600,20023405,11725558,11047580,505541,172437,2268928,1544812,2835318,2465108,2463361,1109088,0,680743,8353,1733,NORTH ARLINGTON BORO,BERGEN,E. K-12 / 0 - 1800,3,DE,,1,BERGEN
3,3700,22274915,12561525,11734879,541176,285470,3245430,2758866,2077521,1532566,3001170,1222539,1740,1352942,56088,1370,NORTHERN HIGHLANDS REG,BERGEN,H. 7-12 / 9-12,5,J,,1,BERGEN
3,3710,44534631,25977379,24060412,574708,1342259,6768572,5749056,4863628,4033175,4612399,2680937,0,2288181,89056,2334,NORTHERN VALLEY REGIONAL,BERGEN,H. 7-12 / 9-12,5,I,,1,BERGEN
3,3730,7590713,4620749,4334364,210677,75708,1193881,862396,857977,673264,814792,283907,0,96958,41259,514,NORTHVALE BORO,BERGEN,C. K-8 / 401 - 750,2,FG,,1,BERGEN
3,3740,8258141,5169409,4785012,360697,23700,1221018,992036,942791,659342,864331,574512,0,60591,0,572,NORWOOD BORO,BERGEN,C. K-8 / 401 - 750,2,I,,1,BERGEN
3,3760,24779860,14516745,13679674,815835,21236,3793327,3172822,2909746,2548059,2296431,1410205,0,119522,42995,1559,OAKLAND BORO,BERGEN,D. K-8 / 751 +,2,I,,1,BERGEN
3,3850,10566126,6874300,6557795,229233,87272,1407115,1149061,1259598,1078764,950937,294298,0,74176,29483,737,OLD TAPPAN BORO,BERGEN,C. K-8 / 401 - 750,2,I,,1,BERGEN
3,3870,9590460,5727519,5287271,299022,141226,1557011,1201375,1284883,1099158,982469,555965,0,31244,51820,739,ORADELL BORO,BERGEN,A. K-6,1,I,,1,BERGEN
3,3910,20798227,14018040,13332658,406260,279122,2060370,1783630,2501982,1942148,1701836,1046717,0,408539,37408,1619,PALISADES PARK,BERGEN,E. K-12 / 0 - 1800,3,CD,,1,BERGEN
3,3930,65062790,36124482,34142988,1925543,55951,9691530,8068028,7503337,6786750,10036670,5483449,0,1320324,811453,3934,PARAMUS BORO,BERGEN,G. K-12 / 3501 +,3,GH,,1,BERGEN
3,3940,23860515,13841265,11830757,1952324,58184,4416585,3607105,2826148,2438403,1952065,1001115,0,808118,131886,1266,PARK RIDGE BORO,BERGEN,E. K-12 / 0 - 1800,3,I,,1,BERGEN
3,3960,38819156,21510157,19030765,427917,2051475,6361634,5596214,3768371,3137369,4971605,2530099,0,2194650,195247,2028,PASCACK VALLEY REGIONAL,BERGEN,H. 7-12 / 9-12,5,I,,1,BERGEN
3,4300,38356438,20343284,18876553,480359,986372,5740569,5290875,4364509,3469818,5080670,2364027,0,2767581,182980,2304,RAMAPO-INDIAN HILL REG,BERGEN,H. 7-12 / 9-12,5,I,,1,BERGEN
3,4310,45806776,27670608,26769785,720557,180266,7886818,6241104,4007201,3051813,4964278,2819004,0,1245598,119407,2878,RAMSEY BORO,BERGEN,F. K-12 / 1801 - 3500,3,I,,1,BERGEN
3,4370,32357111,19726724,18821747,563760,341217,5694780,5382946,3384152,2633704,2795174,1151478,0,671158,321293,1754,RIDGEFIELD BORO,BERGEN,E. K-12 / 0 - 1800,3,DE,,1,BERGEN
3,4380,31959238,19487844,19023482,458900,5462,5179281,5048260,3274285,2605182,2950824,1556059,0,970687,5374,2337,RIDGEFIELD PARK TWP,BERGEN,F. K-12 / 1801 - 3500,3,DE,,1,BERGEN
3,4390,80514360,47396962,45157255,1180283,1059424,15245462,12351097,7553161,6602076,8474165,421508,0,1702551,145732,5650,RIDGEWOOD VILLAGE,BERGEN,G. K-12 / 3501 +,3,J,,1,BERGEN
3,4405,25576405,14817364,13808797,479772,528795,3033299,2628031,3505739,3131441,2996592,1418015,30000,1186763,324128,1669,RIVER DELL REGIONAL,BERGEN,H. 7-12 / 9-12,4,I,,1,BERGEN
3,4410,15030994,9941682,9404318,220677,316687,2055337,1876578,1778352,1573711,1245478,747559,0,0,12627,1202,RIVER EDGE BORO,BERGEN,A. K-6,1,I,,1,BERGEN
3,4430,17607353,10147761,9578424,235880,333457,2769130,2441758,2470242,1981944,2068298,1160509,0,151921,64400,1224,RIVER VALE TWP,BERGEN,D. K-8 / 751 +,2,I,,1,BERGEN
3,4470,7077581,4559235,4376320,119361,63554,763851,571084,943582,657631,724484,412708,36695,49735,43515,470,ROCHELLE PARK TWP,BERGEN,C. K-8 / 401 - 750,2,FG,,1,BERGEN
3,4600,34272124,21197142,20003291,725415,468436,4294698,3571843,3854901,3195464,3970303,1724719,31136,861710,100687,2500,RUTHERFORD BORO,BERGEN,F. K-12 / 1801 - 3500,3,GH,,1,BERGEN
3,4610,24836027,13247401,12695963,208822,342616,5120489,4429546,2843961,2317080,3016244,1649278,0,572518,27491,1683,SADDLE BROOK TWP,BERGEN,E. K-12 / 0 - 1800,3,DE,,1,BERGEN
3,4620,4508180,2338533,2224104,59207,55222,1359300,1177260,366660,272529,413297,250229,0,22545,0,188,SADDLE RIVER BORO,BERGEN,A. K-6,1,J,,1,BERGEN
3,4870,4502508,2556469,2329763,104460,122246,790443,434395,338691,266190,693931,423944,12480,91253,0,249,SOUTH HACKENSACK TWP,BERGEN,B. K-8 / 0 - 400,2,CD,,1,BERGEN
3,5150,73773946,46101411,43274367,1283950,1543094,12429995,8919217,6339117,5301792,7602579,3697152,0,1290377,132567,3604,TEANECK TWP,BERGEN,G. K-12 / 3501 +,3,GH,,1,BERGEN
3,5160,54824823,32326648,30257463,1341066,728119,9416198,7354349,6816119,6345511,4984743,3056703,0,1251348,512375,3610,TENAFLY BORO,BERGEN,G. K-12 / 3501 +,3,I,,1,BERGEN
3,5330,19364327,11285814,10385787,846015,54012,3382744,2865363,2207604,1817313,2348815,1320755,0,139349,70039,1249,UPPER SADDLE RIVER BORO,BERGEN,D. K-8 / 751 +,2,J,,1,BERGEN
3,5410,23972605,15135927,14525387,494036,116504,3129212,2898486,2846010,2532237,2124968,1320040,0,699086,79607,1577,WALDWICK BORO,BERGEN,E. K-12 / 0 - 1800,3,GH,,1,BERGEN
3,5430,13876649,7448804,7299269,149400,135,2292868,2190660,1736151,1531059,1859041,757094,0,539785,102319,1292,WALLINGTON BORO,BERGEN,E. K-12 / 0 - 1800,3,B,,1,BERGEN
3,5755,41199339,22600104,21730743,657311,212050,9042810,7118490,4453110,3923276,3886831,2195819,0,1178126,365673,2736,WESTWOOD REGIONAL,BERGEN,F. K-12 / 1801 - 3500,3,GH,,1,BERGEN
3,5830,14674700,8233735,7778550,370483,84702,2313159,1416858,1999693,1614795,1725435,1067236,0,393017,42922,1182,WOOD-RIDGE BORO,BERGEN,E. K-12 / 0 - 1800,3,FG,,1,BERGEN
3,5880,12144413,6864940,6410745,332343,121852,2447897,2147164,1436727,1257570,1304420,408847,0,87837,16216,765,WOODCLIFF LAKE BORO,BERGEN,D. K-8 / 751 +,2,J,,1,BERGEN
3,5920,32960909,19076699,18133001,698748,244950,6332497,5540205,4098224,3523913,3338544,623799,0,112560,69841,2105,WYCKOFF TWP,BERGEN,D. K-8 / 751 +,2,I,,1,BERGEN
5,200,2250371,1368280,1235454,40832,91994,385987,266889,240404,165988,235748,122510,0,19951,0,116,BASS RIVER TWP,BURLINGTON,A. K-6,1,CD,,1,BURLINGTON
5,380,4251553,2531782,2319108,164935,47739,755815,645922,476584,356996,463026,159294,0,15656,25821,303,BEVERLY CITY,BURLINGTON,B. K-8 / 0 - 400,2,B,,1,BURLINGTON
5,475,31504334,16195335,15298911,683316,213108,6162830,4702928,3149703,2609731,4270289,2484265,0,881245,100577,2217,BORDENTOWN REGIONAL,BURLINGTON,F. K-12 / 1801 - 3500,3,FG,,1,BURLINGTON
5,600,29374818,16630930,15114967,651318,864645,5242258,4756797,3154315,2575869,3510476,1542251,0,768438,41446,1686,BURLINGTON CITY,BURLINGTON,E. K-12 / 0 - 1800,3,B,1,1,BURLINGTON
5,605,35134717,20421912,19278605,314804,828503,6383128,6013718,3762092,2617160,3747278,1957582,547580,152478,180552,667,BURLINGTON CO SPEC SERV,BURLINGTON,I. CSSD,7,,,1,BURLINGTON
5,610,31821131,14916373,14270900,641326,4147,4051694,3428703,7171429,3422523,6329780,2771907,0,1301266,484661,2033,BURLINGTON CO VOCATIONAL,BURLINGTON,J. VOC,8,,,1,BURLINGTON
5,620,51139045,32881537,30751863,672535,1457139,7962885,4622334,3848700,2712606,5650857,785577,0,795066,1167898,3994,BURLINGTON TWP,BURLINGTON,G. K-12 / 3501 +,3,FG,,1,BURLINGTON
5,830,8062774,4527366,4351205,139933,36228,1537352,1066572,931717,726782,1035833,605207,0,8044,0,728,CHESTERFIELD TWP,BURLINGTON,A. K-6,1,GH,,1,BURLINGTON
5,840,34714908,19374401,18345534,760839,268028,5855216,5171671,3764821,3164090,3802875,1780237,0,1543566,158362,2413,CINNAMINSON TWP,BURLINGTON,F. K-12 / 1801 - 3500,3,FG,,1,BURLINGTON
5,1030,5296076,3048624,2808383,147396,92845,928610,751519,628794,357677,631570,360738,0,42764,39868,387,DELANCO TWP,BURLINGTON,B. K-8 / 0 - 400,2,CD,,1,BURLINGTON
5,1060,36414912,21524303,20486437,568194,469672,6032219,4954978,3612051,2957539,4236372,1033994,0,994171,0,2979,DELRAN TWP,BURLINGTON,F. K-12 / 1801 - 3500,3,FG,,1,BURLINGTON
5,1250,8056737,4873208,4798883,72281,2044,1065351,832296,1029686,911853,1030098,640715,0,58394,0,595,EASTAMPTON TWP,BURLINGTON,C. K-8 / 401 - 750,2,FG,,1,BURLINGTON
5,1280,11738731,7196647,7085245,96633,14769,1849537,1381206,1441954,956206,1033436,666442,0,187574,110265,869,EDGEWATER PARK TWP,BURLINGTON,D. K-8 / 751 +,2,DE,,1,BURLINGTON
5,1420,63352034,39880983,38644719,735713,500551,9585020,7779624,5719976,4994806,7140732,4231264,0,425003,111521,4556,EVESHAM TWP,BURLINGTON,D. K-8 / 751 +,2,I,,1,BURLINGTON
5,1520,20520593,11250849,10735322,260914,254613,2993825,2477673,2590512,2134196,3219830,1907450,0,465577,56896,1639,FLORENCE TWP,BURLINGTON,E. K-12 / 0 - 1800,3,DE,,1,BURLINGTON
5,1910,7819379,5008546,4592909,336510,79127,1193220,914335,817022,579278,705888,255512,0,85915,11016,639,HAINESPORT TWP,BURLINGTON,C. K-8 / 401 - 750,2,FG,,1,BURLINGTON
5,2610,116143053,69853952,65473077,2952935,1427940,16596790,15074271,9528949,8186634,14046083,7446160,0,5969004,1737305,6824,LENAPE REGIONAL,BURLINGTON,H. 7-12 / 9-12,5,GH,,1,BURLINGTON
5,2850,19344447,11676962,11332371,291992,52599,2945027,2608721,2472511,2083974,2119516,1031882,0,130431,138185,1479,LUMBERTON TWP,BURLINGTON,D. K-8 / 751 +,2,FG,,1,BURLINGTON
5,2960,8916856,5015484,4669565,312941,32978,1646182,1072541,1170505,994531,1083269,612696,0,0,64488,658,MANSFIELD TWP,BURLINGTON,A. K-6,1,DE,,1,BURLINGTON
5,3010,29180601,18171185,17564891,468467,137827,4263320,3112037,2966657,2481916,2969679,1430869,0,682364,11470,2233,MAPLE SHADE TWP,BURLINGTON,F. K-12 / 1801 - 3500,3,CD,,1,BURLINGTON
5,3070,6537053,4221532,4004761,114447,102324,936525,702752,744173,584283,605033,303426,0,29790,0,539,MEDFORD LAKES BORO,BURLINGTON,C. K-8 / 401 - 750,2,I,,1,BURLINGTON
5,3080,38007523,23200864,19969333,487854,2743677,5330897,4617876,4351930,3671921,4526523,1851579,0,146307,233080,2733,MEDFORD TWP,BURLINGTON,D. K-8 / 751 +,2,I,,1,BURLINGTON
5,3360,57262763,33653840,31470377,687102,1496361,10740077,9623993,5165460,4242521,5771638,2441091,0,1717280,17917,3927,MOORESTOWN TWP,BURLINGTON,G. K-12 / 3501 +,3,I,,1,BURLINGTON
5,3430,15203231,9029360,8163691,361366,504303,2149850,1857707,1823665,1526206,2036792,1225652,0,163564,267838,977,MOUNT HOLLY TWP,BURLINGTON,D. K-8 / 751 +,2,B,,1,BURLINGTON
5,3440,56615857,36137357,34573123,1117266,446968,7229137,6236431,5377441,4146761,7031638,3522922,0,258507,245445,4229,MOUNT LAUREL TWP,BURLINGTON,D. K-8 / 751 +,2,I,,1,BURLINGTON
5,3540,3805090,2277244,2180793,73925,22526,793969,533963,325101,180811,358678,134094,0,36298,53950,186,NEW HANOVER TWP,BURLINGTON,B. K-8 / 0 - 400,2,B,,1,BURLINGTON
5,3650,18612864,11404472,10924028,223822,256622,2816832,2562037,2110761,1774287,2152838,1104335,0,62456,224551,1209,NORTH HANOVER TWP,BURLINGTON,A. K-6,1,CD,,1,BURLINGTON
5,3690,27327241,14842111,13287314,962081,592716,4755207,3618359,2648589,2284404,3849086,2061782,0,1181130,518272,2105,NORTHERN BURLINGTON REG,BURLINGTON,H. 7-12 / 9-12,4,DE,,1,BURLINGTON
5,3920,12423342,6729665,6293881,237925,197859,1936500,1701920,1539018,1296345,1568191,750765,0,628394,83635,944,PALMYRA BORO,BURLINGTON,E. K-12 / 0 - 1800,3,DE,,1,BURLINGTON
5,4050,90550546,53787775,52157952,988960,640863,18359859,14236248,6855412,5943518,9544062,5832966,0,1013159,261435,5081,PEMBERTON TWP,BURLINGTON,G. K-12 / 3501 +,3,B,1,1,BURLINGTON
5,4320,24734052,13412755,12331633,733503,347619,3387385,2877986,2942498,2247551,3723029,1541735,0,1268384,666653,2066,RANCOCAS VALLEY REGIONAL,BURLINGTON,H. 7-12 / 9-12,5,DE,,1,BURLINGTON
5,4450,17596592,10942472,10522671,232755,187046,2084177,1725442,2072128,1837785,1928296,1129014,0,569519,30500,1393,RIVERSIDE TWP,BURLINGTON,E. K-12 / 0 - 1800,3,B,,1,BURLINGTON
5,4460,3845820,2245296,2072184,153078,20034,567165,505302,435069,356821,535492,175006,0,62798,89915,293,RIVERTON,BURLINGTON,B. K-8 / 0 - 400,2,GH,,1,BURLINGTON
5,4740,11377079,6994722,6510603,206013,278106,1480397,1315021,1362616,1177495,1412616,857596,0,126727,0,799,SHAMONG TWP,BURLINGTON,D. K-8 / 751 +,2,GH,,1,BURLINGTON
5,4930,11007351,7081213,6689878,260093,131242,1450413,979075,1347768,1083818,1031094,482039,0,96863,172150,711,SOUTHAMPTON TWP,BURLINGTON,C. K-8 / 401 - 750,2,DE,,1,BURLINGTON
5,5010,4504725,2956642,2734642,203665,18335,626849,399194,454499,295476,466735,198159,0,0,26531,245,SPRINGFIELD TWP,BURLINGTON,A. K-6,1,FG,,1,BURLINGTON
5,5130,11308630,6532504,6035545,282274,214685,1951031,1755950,1284420,1089321,1353932,772204,0,89916,48012,770,TABERNACLE TWP,BURLINGTON,C. K-8 / 401 - 750,2,GH,,1,BURLINGTON
5,5720,10831538,6975682,6675236,263559,36887,1319517,1037958,1010724,831006,1468355,719342,0,57260,0,977,WESTAMPTON,BURLINGTON,D. K-8 / 751 +,2,GH,,1,BURLINGTON
5,5805,53893534,31107115,28563815,1309321,1233979,7660149,7014375,6564572,5116089,7671790,4081177,0,812665,273192,3740,WILLINGBORO TWP,BURLINGTON,G. K-12 / 3501 +,3,DE,,1,BURLINGTON
5,5890,2395344,1514890,1392158,72214,50518,219549,203087,271703,195959,321525,207161,46703,12012,0,154,WOODLAND TWP,BURLINGTON,B. K-8 / 0 - 400,2,DE,,1,BURLINGTON
7,150,20358850,11758903,11356991,299687,102225,3113834,2886718,2470467,2146051,2009171,1247786,20000,922087,12607,1548,AUDUBON BORO,CAMDEN,E. K-12 / 0 - 1800,3,DE,,1,CAMDEN
7,190,8128144,5243273,4913737,290712,38824,1221732,954875,814247,635134,813835,425055,0,35057,9189,617,BARRINGTON BORO,CAMDEN,C. K-8 / 401 - 750,2,FG,,1,CAMDEN
7,260,12876378,8162810,7335004,452417,375389,1985658,1453145,1275874,1084874,1339066,561701,0,111425,88733,1170,BELLMAWR BORO,CAMDEN,D. K-8 / 751 +,2,B,,1,CAMDEN
7,330,9608725,6372988,6050118,280543,42327,1222440,904394,1178414,1046257,734214,398711,0,100671,92430,862,BERLIN BORO,CAMDEN,D. K-8 / 751 +,2,DE,,1,CAMDEN
7,340,9435292,4603651,4265161,136922,201568,3078659,2836342,913616,664418,746560,296621,0,43225,101366,624,BERLIN TWP,CAMDEN,C. K-8 / 401 - 750,2,CD,,1,CAMDEN
7,390,50190286,26867174,25057377,951463,858334,8514837,7234145,5163962,4346132,7053772,3725071,27357,2481696,1004139,3752,BLACK HORSE PIKE REGIONAL,CAMDEN,H. 7-12 / 9-12,5,DE,,1,CAMDEN
7,580,4235090,2652577,2479943,141728,30906,682554,366396,415534,311375,367957,159852,33474,82995,15960,345,BROOKLAWN BORO,CAMDEN,B. K-8 / 0 - 400,2,B,,1,CAMDEN
7,680,215559172,117761862,105050532,4389333,8321997,43998359,33347140,19039251,15116900,32982346,17941002,0,1106008,790831,11253,CAMDEN CITY,CAMDEN,G. K-12 / 3501 +,3,A,1,1,CAMDEN
7,700,38203867,19846713,18554910,940895,350908,4043638,3791079,6309403,4916736,6469947,3015056,62699,1375687,37534,2086,CAMDEN COUNTY VOCATIONAL,CAMDEN,J. VOC,8,,,1,CAMDEN
7,800,148472166,94973086,86287070,2464535,6221481,22972169,19212447,15056807,13198448,12621215,6781353,0,2791711,162909,11244,CHERRY HILL TWP,CAMDEN,G. K-12 / 3501 +,3,GH,,1,CAMDEN
7,880,6286647,4125922,3768600,73751,283571,791305,485032,839846,668738,453735,213196,0,47790,14852,433,CLEMENTON BORO,CAMDEN,C. K-8 / 401 - 750,2,B,,1,CAMDEN
7,940,28627491,16772350,15618476,684117,469757,4397953,4106486,2769804,2411547,3765617,2305656,22712,897255,81882,1873,COLLINGSWOOD BORO,CAMDEN,F. K-12 / 1801 - 3500,3,FG,,1,CAMDEN
7,1255,28879372,15969152,14436098,1417313,115741,4408446,3537994,3070916,2668189,3702508,1613669,100000,1509713,213246,1994,EASTERN CAMDEN COUNTY REG,CAMDEN,H. 7-12 / 9-12,5,GH,,1,CAMDEN
7,1720,4127062,2657031,2472501,60883,123647,640290,564785,342371,190996,379937,134949,0,107432,0,273,GIBBSBORO BORO,CAMDEN,B. K-8 / 0 - 400,2,FG,,1,CAMDEN
7,1770,35716054,21143498,20339538,356642,447318,6356536,5707853,3347564,2896595,4084802,2213161,0,738091,67828,2110,GLOUCESTER CITY,CAMDEN,F. K-12 / 1801 - 3500,3,B,1,1,CAMDEN
7,1780,81288797,54726387,51279119,2314864,1132404,10022444,9187929,7810598,6215841,7854564,3912934,0,680545,186095,6534,GLOUCESTER TWP,CAMDEN,D. K-8 / 751 +,2,DE,,1,CAMDEN
7,1880,17371261,10914410,10580087,201785,132538,2319862,2147838,1768142,1431678,1596127,880129,0,758248,131234,1289,HADDON HEIGHTS BORO,CAMDEN,E. K-12 / 0 - 1800,3,GH,,1,CAMDEN
7,1890,28063718,16156075,15006121,996794,153160,4159401,3357911,3283145,2847024,3523226,2130726,0,776200,224774,2101,HADDON TWP,CAMDEN,F. K-12 / 1801 - 3500,3,FG,,1,CAMDEN
7,1900,30863452,18992300,17205669,737088,1049543,3909298,3605283,3357360,2858512,3309805,606901,0,1201168,123235,2609,HADDONFIELD BORO,CAMDEN,F. K-12 / 1801 - 3500,3,J,,1,CAMDEN
7,2540,2272219,1416178,1296203,71347,48628,353368,168277,256141,191220,243402,23220,0,0,0,200,LAUREL SPRINGS BORO,CAMDEN,A. K-6,1,DE,,1,CAMDEN
7,2560,4804479,2633760,2404987,204017,24756,984140,813982,558622,399495,621362,256871,0,6596,117963,267,LAWNSIDE BORO,CAMDEN,B. K-8 / 0 - 400,2,B,,1,CAMDEN
7,2670,32702142,18939603,17509862,539254,890487,5160912,4490806,4014829,3238732,3787579,2037186,0,792391,153815,2639,LINDENWOLD BORO,CAMDEN,F. K-12 / 1801 - 3500,3,B,,1,CAMDEN
7,2890,5925532,3934983,3738402,172806,23775,648723,397978,711866,434668,576397,292317,0,53563,37386,419,MAGNOLIA BORO,CAMDEN,C. K-8 / 401 - 750,2,CD,,1,CAMDEN
7,3110,5047848,3059665,2849980,134910,74775,400830,248423,990294,386916,547024,79356,0,50035,0,375,MERCHANTVILLE BORO,CAMDEN,B. K-8 / 0 - 400,2,DE,,1,CAMDEN
7,3420,6377587,3935718,3584226,150897,200595,1095125,868310,671102,548609,660195,349248,0,15447,16471,430,MOUNT EPHRAIM BORO,CAMDEN,C. K-8 / 401 - 750,2,CD,,1,CAMDEN
7,3770,4790080,2982534,2766271,94829,121434,833564,313558,499726,226190,428867,2332,0,43163,0,385,OAKLYN BORO,CAMDEN,E. K-12 / 0 - 1800,3,CD,,1,CAMDEN
7,4060,68479589,43287120,40762780,2111465,412875,8378865,7116856,6042777,4874343,9114159,5722555,0,1083427,956143,5054,PENNSAUKEN TWP,CAMDEN,G. K-12 / 3501 +,3,CD,,1,CAMDEN
7,4110,28560274,16898179,16088193,440131,369855,4091627,3366395,2707769,2146996,3945501,1903902,0,761677,57058,1939,PINE HILL BORO,CAMDEN,F. K-12 / 1801 - 3500,3,B,,1,CAMDEN
7,4590,10090724,6172846,5801840,266719,104287,1686585,1484705,1122706,929573,1003079,561374,25000,76316,74359,856,RUNNEMEDE BORO,CAMDEN,D. K-8 / 751 +,2,B,,1,CAMDEN
7,4790,6923259,4557123,3872235,463665,221223,860516,722316,790470,580061,638111,0,0,77038,111891,521,SOMERDALE BORO,CAMDEN,C. K-8 / 401 - 750,2,CD,,1,CAMDEN
7,5035,13140660,7115236,6665665,291203,158368,1805600,1573643,1397046,1107851,1820204,825587,0,1002574,27670,954,STERLING HIGH SCHOOL DIST,CAMDEN,H. 7-12 / 9-12,5,DE,,1,CAMDEN
7,5080,11582053,6850805,6305535,335774,209496,1821252,1510868,1407918,1176587,1289183,726888,0,106727,20209,859,STRATFORD BORO,CAMDEN,D. K-8 / 751 +,2,DE,,1,CAMDEN
7,5400,41370770,26527310,24872706,827222,827382,5188576,4958650,3887722,2880717,5431301,1602671,0,318853,40019,3006,VOORHEES TWP,CAMDEN,D. K-8 / 751 +,2,I,,1,CAMDEN
7,5560,12413829,7110333,6700261,342065,68007,2510935,1973376,1363451,1119056,1378829,211910,23548,905,26925,877,WATERFORD TWP,CAMDEN,A. K-6,1,DE,,1,CAMDEN
7,5820,71387674,42919536,39267991,1250508,2401037,12364529,8834726,7376106,5808369,6666138,121554,0,1187011,1723078,4839,WINSLOW TWP,CAMDEN,G. K-12 / 3501 +,3,CD,,1,CAMDEN
7,5900,4333459,2604501,2496743,64318,43440,679524,314993,621399,356062,400721,85909,0,27314,9803,418,WOODLYNNE BORO,CAMDEN,B. K-8 / 0 - 400,2,B,,1,CAMDEN
9,170,2901278,1724243,1576327,106508,41408,443211,251821,126033,95257,502860,135015,61023,32863,119986,51,AVALON BORO,CAPE MAY,B. K-8 / 0 - 400,2,FG,,1,CAPE MAY
9,710,3053656,1841659,1737830,70921,32908,477707,310772,293154,228878,365398,175603,20000,55738,0,175,CAPE MAY CITY,CAPE MAY,A. K-6,1,CD,,1,CAPE MAY
9,715,11489598,6074403,5821660,111558,141185,2226414,2135661,1190339,1001228,1921760,661410,66357,0,72138,250,CAPE MAY CO SPECIAL SERV,CAPE MAY,I. CSSD,7,,,1,CAPE MAY
9,720,13371553,7163100,6465308,557091,140701,1217609,1165050,1917349,1631359,2269716,798803,0,374114,125369,702,CAPE MAY CO VOCATIONAL,CAPE MAY,J. VOC,8,,,1,CAPE MAY
9,1080,9381424,5684419,5300895,364682,18842,1320716,1176917,1054167,722246,1066653,379618,0,64544,21234,530,DENNIS TWP,CAPE MAY,C. K-8 / 401 - 750,2,CD,,1,CAPE MAY
9,2820,23013424,14048394,13586925,421632,39837,2533279,2284978,2175319,1659671,2878773,1568505,184140,945937,308348,1406,LOWER CAPE MAY REGIONAL,CAPE MAY,H. 7-12 / 9-12,4,B,,1,CAPE MAY
9,2840,24148660,14465504,13918979,445599,100926,3973174,3506288,2130975,1870814,3286708,2016010,0,0,217939,1788,LOWER TWP,CAPE MAY,A. K-6,1,B,,1,CAPE MAY
9,3130,32265202,18615382,17913278,627140,74964,4749058,4207791,3296442,2085292,4150565,1892570,0,887722,0,2469,MIDDLE TWP,CAPE MAY,F. K-12 / 1801 - 3500,3,B,,1,CAPE MAY
9,3680,6160099,3642284,3432042,158772,51470,1105427,963025,559785,426332,718489,436011,28000,102289,54047,301,NORTH WILDWOOD CITY,CAPE MAY,B. K-8 / 0 - 400,2,A,,1,CAPE MAY
9,3780,33718298,20958288,19554457,976238,427593,4262584,3747083,3149725,2497372,4098052,2145847,125000,1124649,156213,2145,OCEAN CITY,CAPE MAY,F. K-12 / 1801 - 3500,3,DE,,1,CAPE MAY
9,5060,2255088,1288984,1123261,81803,83920,343437,218257,172228,27247,445782,112114,0,2199,47265,66,STONE HARBOR BORO,CAPE MAY,B. K-8 / 0 - 400,2,FG,,1,CAPE MAY
9,5340,19357167,11861997,11073395,777807,10795,2770395,2203242,2200007,1699434,2401365,956872,0,74606,86570,1408,UPPER TWP,CAPE MAY,D. K-8 / 751 +,2,FG,,1,CAPE MAY
9,5610,1146600,737741,643056,79265,15420,234190,148504,62245,3985,109631,49037,0,2794,12639,82,WEST CAPE MAY BORO,CAPE MAY,A. K-6,1,DE,,1,CAPE MAY
9,5790,15136548,9058353,8642879,309011,106463,2341063,1988118,1687512,1395070,1430885,766763,0,615983,10730,859,WILDWOOD CITY,CAPE MAY,E. K-12 / 0 - 1800,3,A,,1,CAPE MAY
9,5800,5262256,3094343,2955148,122084,17111,1008574,793364,320918,259559,709987,333642,0,128292,152537,234,WILDWOOD CREST BORO,CAPE MAY,B. K-8 / 0 - 400,2,B,,1,CAPE MAY
9,5840,3285571,2054018,2010723,17741,25554,513284,365400,438847,285490,250642,0,0,4141,0,220,WOODBINE BORO,CAPE MAY,B. K-8 / 0 - 400,2,A,,1,CAPE MAY
11,540,82264287,49744230,44914804,3807124,1022302,14801997,12946772,8166007,6381794,8126672,5378866,0,867766,559419,5645,BRIDGETON CITY,CUMBERLAND,G. K-12 / 3501 +,3,A,1,1,CUMBERLAND
11,950,7259932,4615407,4466879,70048,78480,803186,474347,1037483,818245,753532,80343,35342,5821,0,567,COMMERCIAL TWP,CUMBERLAND,C. K-8 / 401 - 750,2,A,,1,CUMBERLAND
11,995,7200140,3514528,3186378,247478,80672,978392,830492,1669934,1381935,963779,415900,21907,45567,93340,415,CUMBERLAND CO VOCATIONAL,CUMBERLAND,J. VOC,8,,,1,CUMBERLAND
11,997,16272921,8599372,7950921,352633,295818,2343984,1953009,2239892,1871712,2383445,1167435,0,690169,146751,1255,CUMBERLAND REGIONAL,CUMBERLAND,H. 7-12 / 9-12,5,B,,1,CUMBERLAND
11,1020,4396883,2783501,2628565,70080,84856,652431,489440,526258,424069,429459,67186,0,3385,0,337,DEERFIELD TWP,CUMBERLAND,B. K-8 / 0 - 400,2,B,,1,CUMBERLAND
11,1120,2660867,1579594,1549710,29667,217,534782,373469,245541,91297,271596,80667,16661,4561,0,191,DOWNE TWP,CUMBERLAND,B. K-8 / 0 - 400,2,A,,1,CUMBERLAND
11,1460,7043154,4657988,4481908,150214,25866,843680,467340,880254,640721,614299,91752,0,44015,6969,630,FAIRFIELD TWP,CUMBERLAND,C. K-8 / 401 - 750,2,A,,1,CUMBERLAND
11,1820,1171417,638327,558148,17723,62456,214911,141342,100356,9495,192292,4943,20308,5222,0,55,GREENWICH TWP,CUMBERLAND,B. K-8 / 0 - 400,2,CD,,1,CUMBERLAND
11,2270,5855020,3831453,3662904,151700,16849,765057,663178,529459,387189,703102,148224,0,25949,0,490,HOPEWELL TWP,CUMBERLAND,C. K-8 / 401 - 750,2,CD,,1,CUMBERLAND
11,2570,5416560,3775262,3593342,123253,58667,458343,327413,607063,456422,503801,193573,0,50703,5850,496,LAWRENCE TWP,CUMBERLAND,C. K-8 / 401 - 750,2,A,,1,CUMBERLAND
11,3050,4667298,2732657,2665301,61148,6208,554118,410326,635218,528057,629180,299304,25000,34748,0,428,MAURICE RIVER TWP,CUMBERLAND,C. K-8 / 401 - 750,2,B,,1,CUMBERLAND
11,3230,86874039,48449190,46778408,1257701,413081,17739919,15997105,9306956,7579300,10126407,4988358,0,1207498,517551,5779,MILLVILLE CITY,CUMBERLAND,G. K-12 / 3501 +,3,A,1,1,CUMBERLAND
11,5070,1577118,1075734,999587,21797,54350,118810,69467,183567,119007,191025,59896,1000,6982,22228,112,STOW CREEK TWP,CUMBERLAND,B. K-8 / 0 - 400,2,CD,,1,CUMBERLAND
11,5300,11579229,7270979,7029702,153609,87668,1537477,1310702,1269126,951700,1501647,850706,0,0,65908,913,UPPER DEERFIELD TWP,CUMBERLAND,D. K-8 / 751 +,2,B,,1,CUMBERLAND
11,5390,152135962,92534900,86436441,4341787,1756672,22689547,18976947,14880018,11024802,18269367,8917773,250000,1708140,927554,9788,VINELAND CITY,CUMBERLAND,G. K-12 / 3501 +,3,A,1,1,CUMBERLAND
13,250,52489674,32078109,30736957,291763,1049389,6975553,5632328,7317296,4935415,4941635,3370213,105000,842074,68950,4886,BELLEVILLE TOWN,ESSEX,G. K-12 / 3501 +,3,CD,,1,ESSEX
13,410,74808548,44720255,42830669,1210814,678772,10525655,8036117,9779553,7613350,7940684,4273998,0,1157774,266803,6299,BLOOMFIELD TWP,ESSEX,G. K-12 / 3501 +,3,DE,,1,ESSEX
13,660,36284726,20171015,19035251,765677,370087,5917568,4691070,4291607,3705774,4481444,2428253,0,1298526,122956,2644,CALDWELL-WEST CALDWELL,ESSEX,F. K-12 / 1801 - 3500,3,I,,1,ESSEX
13,760,22393534,12345279,11776206,481642,87431,3192943,2484378,3016266,2479572,3062420,1776204,0,770052,13318,1652,CEDAR GROVE TWP,ESSEX,E. K-12 / 0 - 1800,3,I,,1,ESSEX
13,1210,179365302,97608921,92371753,3651419,1585749,36349084,33102897,17738597,14054397,26415516,15030981,0,1192208,237444,9450,EAST ORANGE,ESSEX,G. K-12 / 3501 +,3,A,1,1,ESSEX
13,1390,36072387,18056931,17412293,549385,95253,4369437,4192167,6394976,3566028,5806092,2012529,0,1324390,65339,2190,ESSEX CO VOC-TECH,ESSEX,J. VOC,8,,,1,ESSEX
13,1400,4054447,2643935,2465279,117742,60914,513286,456609,448923,358405,440030,259800,0,830,0,209,ESSEX FELLS BORO,ESSEX,A. K-6,1,J,,1,ESSEX
13,1465,9879473,6425769,6060104,189478,176187,1450375,1096849,1130732,948830,861317,457760,0,0,99122,627,FAIRFIELD TWP,ESSEX,A. K-6,1,GH,,1,ESSEX
13,1750,26229413,15447718,14691398,751160,5160,3359110,2771135,3729845,2921780,2704135,1265324,0,968680,330674,1908,GLEN RIDGE BORO,ESSEX,F. K-12 / 1801 - 3500,3,I,,1,ESSEX
13,2330,108132504,60911002,53111966,1949439,5849597,20125772,17953987,9051433,7390281,16341729,9988151,0,798232,194992,6875,IRVINGTON TOWNSHIP,ESSEX,G. K-12 / 3501 +,3,A,1,1,ESSEX
13,2730,86650542,54018033,52007638,1536789,473606,13704954,11951631,9437887,7390266,7603126,4533521,0,1675240,160697,5881,LIVINGSTON TWP,ESSEX,G. K-12 / 3501 +,3,I,,1,ESSEX
13,3190,72855427,44355212,41908287,1388209,1058716,12613071,11825981,7090052,5995316,6994779,4056728,0,1611143,245271,4882,MILLBURN TWP,ESSEX,G. K-12 / 3501 +,3,J,,1,ESSEX
13,3310,102777793,58077916,55589565,2030991,457360,25088452,22180902,9033315,8054342,8672927,4703109,100830,1694596,129664,6568,MONTCLAIR TOWN,ESSEX,G. K-12 / 3501 +,3,I,,1,ESSEX
13,3570,613087312,302299448,287902315,9506931,4890202,133434903,122338362,66559480,52915706,97372303,67209373,2550000,6261593,1177786,35977,NEWARK CITY,ESSEX,G. K-12 / 3501 +,3,A,1,1,ESSEX
13,3630,10500431,6656969,6213213,309053,134703,1368012,1000239,1220953,1070450,1250348,631858,0,0,35979,665,NORTH CALDWELL BORO,ESSEX,A. K-6,1,J,,1,ESSEX
13,3750,53492232,33521787,30911904,2537545,72338,6453387,5951444,6659794,5643245,5215902,3235639,0,1331974,71157,4005,NUTLEY TOWN,ESSEX,G. K-12 / 3501 +,3,FG,,1,ESSEX
13,3880,79298291,42674610,39134345,1716955,1823310,14705987,12911162,11443114,7433850,9400445,1985411,0,966567,256584,5092,CITY OF ORANGE TWP,ESSEX,G. K-12 / 3501 +,3,A,1,1,ESSEX
13,4530,6819617,4289206,4190882,83093,15231,1046314,786034,794503,654636,671871,316348,0,2000,0,436,ROSELAND BORO,ESSEX,A. K-6,1,I,,1,ESSEX
13,4900,96214722,57631250,50772716,1700983,5157551,14212218,11942726,9830830,8431016,13036605,1036295,0,1263437,0,6845,SOUTH ORANGE-MAPLEWOOD,ESSEX,G. K-12 / 3501 +,3,I,,1,ESSEX
13,5370,28101131,16530229,15738810,667490,123929,3948549,3704853,3506492,3106125,3179403,1787780,8244,895190,26205,2172,VERONA BORO,ESSEX,F. K-12 / 1801 - 3500,3,I,,1,ESSEX
13,5630,28390024,16305658,15163534,646470,495654,3584720,2992514,3443143,2880216,3493849,1851604,0,1562654,271066,1646,WEST ESSEX REGIONAL,ESSEX,H. 7-12 / 9-12,4,I,,1,ESSEX
13,5680,116965887,74334238,71019572,1969301,1345365,14642586,13566182,12515734,11088313,13269808,8267372,0,1734099,676226,6725,WEST ORANGE TOWN,ESSEX,G. K-12 / 3501 +,3,GH,,1,ESSEX
15,860,17040445,10413847,9847104,456495,110248,2157204,1844861,2223751,1880712,1636957,836344,0,522758,67629,1431,CLAYTON BORO,GLOUCESTER,E. K-12 / 0 - 1800,3,CD,,1,GLOUCESTER
15,870,27348870,16159550,15094875,704167,360508,3330149,3009998,3391619,2755160,2976245,1359485,194517,1105108,361207,2424,CLEARVIEW REGIONAL,GLOUCESTER,H. 7-12 / 9-12,4,FG,,1,GLOUCESTER
15,1100,54025495,32575108,30124950,1451338,998820,7456285,6916884,6074744,4795479,6638919,4363887,0,769061,816588,4309,DEPTFORD TWP,GLOUCESTER,G. K-12 / 3501 +,3,CD,,1,GLOUCESTER
15,1180,13127800,8293143,7664194,483672,145277,2025210,1801189,1405520,1195707,1397096,678699,0,0,7700,1243,EAST GREENWICH TWP,GLOUCESTER,A. K-6,1,FG,,1,GLOUCESTER
15,1330,4719250,3013208,2664461,46755,301992,756771,698810,502057,288825,404896,218000,32000,10318,16425,350,ELK TWP,GLOUCESTER,A. K-6,1,,,1,GLOUCESTER
15,1590,16450874,10124743,9462068,526405,136270,2171081,2009574,1755976,1436584,2019579,1200010,0,20601,479405,1399,FRANKLIN TWP,GLOUCESTER,A. K-6,1,CD,,1,GLOUCESTER
15,1715,15115694,8278582,7760763,364052,153767,2908204,2319817,1254794,1069028,1615714,817936,0,785920,120980,926,GATEWAY REGIONAL,GLOUCESTER,H. 7-12 / 9-12,4,CD,,1,GLOUCESTER
15,1730,30326721,17983405,16706162,525581,751662,4156940,3774738,3734559,3053770,3478492,2127254,0,534109,497136,2165,GLASSBORO,GLOUCESTER,F. K-12 / 1801 - 3500,3,B,,1,GLOUCESTER
15,1774,29065053,16797631,14956145,722362,1119124,5980205,3135630,2986401,2330552,3166758,1870992,0,126080,240317,727,GLOUCESTER CO SPEC SERV,GLOUCESTER,I. CSSD,7,,,1,GLOUCESTER
15,1775,18165476,9191073,8198245,617346,375482,3412767,2854017,1411113,918382,3438742,1684704,65000,636987,347284,1369,GLOUCESTER CO VOCATIONAL,GLOUCESTER,J. VOC,8,,,1,GLOUCESTER
15,1830,8480574,4826510,4380317,84832,361361,1533719,1196447,864758,626723,1202875,631594,27946,17944,26957,470,GREENWICH TWP,GLOUCESTER,C. K-8 / 401 - 750,2,DE,,1,GLOUCESTER
15,2070,15877911,10335709,9670044,598959,66706,1677033,1430510,1786717,1338447,1848718,860936,0,0,0,1494,HARRISON TWP,GLOUCESTER,A. K-6,1,GH,,1,GLOUCESTER
15,2440,25894549,14400322,13678432,600939,120951,3498557,3197589,3503447,2830624,3550433,2165343,0,933863,82724,2522,KINGSWAY REGIONAL,GLOUCESTER,H. 7-12 / 9-12,4,FG,,1,GLOUCESTER
15,2750,11913574,7335603,6584132,257945,493526,1960340,1789446,1051083,821086,1517076,256137,0,41382,24545,833,LOGAN TWP,GLOUCESTER,D. K-8 / 751 +,2,FG,,1,GLOUCESTER
15,2990,18155405,11788529,10822384,961976,4169,2339839,2107777,1806624,1445747,2163015,1068705,4600,52799,73542,1270,MANTUA TWP,GLOUCESTER,A. K-6,1,FG,,1,GLOUCESTER
15,3280,69076620,40406792,37797049,795349,1814394,11831508,8709393,7622108,6274534,7838012,607882,0,1284614,9208,6035,MONROE TWP,GLOUCESTER,G. K-12 / 3501 +,3,CD,,1,GLOUCESTER
15,3490,3654385,2318898,2213853,86968,18077,604083,398431,375155,205089,345015,178806,0,6784,0,271,NATIONAL PARK BORO,GLOUCESTER,A. K-6,1,B,,1,GLOUCESTER
15,4020,17182614,9641150,8984899,321605,334646,3002760,2718182,2132651,1723906,1764479,849852,0,595068,81040,1163,PAULSBORO BORO,GLOUCESTER,E. K-12 / 0 - 1800,3,A,,1,GLOUCESTER
15,4140,21074881,12822967,11956116,478698,388153,3044896,2815352,2321790,2032298,2192647,1106694,90000,602581,41548,1406,PITMAN BORO,GLOUCESTER,E. K-12 / 0 - 1800,3,FG,,1,GLOUCESTER
15,4880,3930684,2388007,2182283,141860,63864,614086,375634,460289,298937,457672,6437,0,6645,0,386,SOUTH HARRISON TWP,GLOUCESTER,A. K-6,1,FG,,1,GLOUCESTER
15,4940,23357381,13138400,12044015,264777,829608,3590742,3115366,2114168,1589364,2996750,1429239,0,922338,508269,1695,DELSEA REGIONAL H.S DIST.,GLOUCESTER,H. 7-12 / 9-12,4,CD,,1,GLOUCESTER
15,5120,20217440,12706379,11921732,751996,32651,2811018,2021962,2465185,1778663,2192993,737754,0,38366,0,1751,SWEDESBORO-WOOLWICH,GLOUCESTER,A. K-6,1,DE,,1,GLOUCESTER
15,5500,116240588,70175366,63760251,1349753,5065362,17886691,16144294,13672779,11807455,10885612,6280286,924025,2035823,66280,7338,WASHINGTON TWP,GLOUCESTER,G. K-12 / 3501 +,3,FG,,1,GLOUCESTER
15,5590,3034531,1944350,1853659,70420,20271,461014,311196,326408,264843,281081,162003,0,11776,0,208,WENONAH BORO,GLOUCESTER,A. K-6,1,I,,1,GLOUCESTER
15,5620,37622141,22077086,20246916,1281363,548807,5640399,4907313,4053246,3252455,4774357,2714926,0,980846,123952,3016,WEST DEPTFORD TWP,GLOUCESTER,F. K-12 / 1801 - 3500,3,DE,,1,GLOUCESTER
15,5740,4764152,3217139,3120560,81826,14753,764819,420498,435247,261042,327016,148351,0,19930,0,355,WESTVILLE BORO,GLOUCESTER,A. K-6,1,B,,1,GLOUCESTER
15,5860,21051639,12518265,11441878,475445,600942,3622138,3326257,2229197,1929533,1995785,953537,0,623416,214003,1524,WOODBURY CITY,GLOUCESTER,E. K-12 / 0 - 1800,3,B,,1,GLOUCESTER
15,5870,3056856,2059309,1992449,38049,28811,438481,257631,338297,225072,210738,96187,0,10031,0,220,WOODBURY HEIGHTS BORO,GLOUCESTER,A. K-6,1,FG,,1,GLOUCESTER
17,220,122812405,82174156,78293679,2826116,1054361,13749783,11794267,11635801,8498083,13591827,7854594,0,1312419,428172,9409,BAYONNE CITY,HUDSON,G. K-12 / 3501 +,3,CD,,1,HUDSON
17,1200,2665315,1377348,1237852,109112,30384,422597,365734,490827,284216,364637,105448,0,7500,11313,264,EAST NEWARK BORO,HUDSON,B. K-8 / 0 - 400,2,A,,1,HUDSON
17,1850,10515701,6317699,6077455,209196,31048,2164140,1775655,1099034,871823,830656,438865,0,62097,45663,983,GUTTENBERG TOWN,HUDSON,D. K-8 / 751 +,2,B,,1,HUDSON
17,2060,33738275,18420112,17525386,801590,93136,5591535,5373404,4147097,3604089,4637675,1773076,0,201664,191618,2065,HARRISON TOWN,HUDSON,F. K-12 / 1801 - 3500,3,B,1,1,HUDSON
17,2210,40260729,19663630,18560638,991846,111146,9192705,8276834,3775688,2691822,5632117,3393764,822533,1118368,57590,1872,HOBOKEN CITY,HUDSON,E. K-12 / 0 - 1800,3,FG,1,1,HUDSON
17,2295,38167764,18421704,17768492,440854,212358,5026810,4940426,5117034,4045067,6527868,3646984,357398,588554,0,1962,HUDSON COUNTY VOCATIONAL,HUDSON,J. VOC,8,,,1,HUDSON
17,2390,471152848,281758543,261891711,8723938,11142894,68878691,61120789,42896943,35443240,72201280,45481660,231416,3844010,694105,25953,JERSEY CITY,HUDSON,G. K-12 / 3501 +,3,B,1,1,HUDSON
17,2410,73736752,46192409,43744463,1730025,717921,6934043,5966985,10191581,8865443,8620998,5669773,508262,1188760,35555,5909,KEARNY TOWN,HUDSON,G. K-12 / 3501 +,3,B,,1,HUDSON
17,3610,97688073,58867100,56479067,1421484,966549,12494330,10884927,12457745,10811463,11469140,7680545,0,1880045,81194,8031,NORTH BERGEN TWP,HUDSON,G. K-12 / 3501 +,3,B,,1,HUDSON
17,4730,31027082,18556321,17394306,319305,842710,3519779,3163990,3910883,3091434,3721894,2221498,0,1062578,266351,2181,SECAUCUS TOWN,HUDSON,F. K-12 / 1801 - 3500,3,DE,,1,HUDSON
17,5240,181911597,90526903,86828795,3211570,486538,35912991,28299847,15883925,10978995,35462385,20410778,35502,653138,454058,11762,UNION CITY,HUDSON,G. K-12 / 3501 +,3,A,1,1,HUDSON
17,5580,17634026,10432640,9555816,479436,397388,2457853,2101486,2095005,1712631,1818669,925042,0,555442,33375,1328,WEEHAWKEN TWP,HUDSON,E. K-12 / 0 - 1800,3,CD,,1,HUDSON
17,5670,111367759,66532992,65188777,1225186,119029,21581539,20068807,10108908,8084677,10303969,5296702,112741,1054475,263268,8320,WEST NEW YORK TOWN,HUDSON,G. K-12 / 3501 +,3,A,1,1,HUDSON
19,20,8655076,4903622,4624484,168723,110415,1778822,1542625,976737,810248,885614,404057,0,104371,0,493,ALEXANDRIA TWP,HUNTERDON,C. K-8 / 401 - 750,2,GH,,1,HUNTERDON
19,370,7616703,4116525,3956867,125222,34436,1562460,1182233,932722,756587,875676,247747,0,128559,0,400,BETHLEHEM TWP,HUNTERDON,B. K-8 / 0 - 400,2,I,,1,HUNTERDON
19,430,2230954,1509960,1372724,79433,57803,264443,193284,266008,119525,175575,95963,9930,5038,0,123,BLOOMSBURY BORO,HUNTERDON,B. K-8 / 0 - 400,2,GH,,1,HUNTERDON
19,670,2163652,1362844,1315258,25894,21692,449569,253966,129100,96894,201869,82872,0,20270,9084,109,CALIFON BORO,HUNTERDON,B. K-8 / 0 - 400,2,I,,1,HUNTERDON
19,910,6785752,4282913,3969909,214348,98656,1171641,1002167,682146,576950,560496,257789,0,88557,28099,484,CLINTON-GLEN GARDNER,HUNTERDON,B. K-8 / 0 - 400,2,I,,1,HUNTERDON
19,920,22238503,12885887,11425800,647702,812385,4512863,4074783,2286362,1952176,2449123,1245651,0,78918,46367,1450,CLINTON TWP,HUNTERDON,D. K-8 / 751 +,2,I,,1,HUNTERDON
19,1040,7587725,4519077,4385606,112675,20796,1555622,1111778,696782,545295,710419,315519,0,93089,160674,381,DELAWARE TWP,HUNTERDON,B. K-8 / 0 - 400,2,GH,,1,HUNTERDON
19,1050,14600537,7074372,6322289,207236,544847,3170422,3007098,1592803,1282300,1516074,765410,0,1246867,29868,894,DELAWARE VALLEY REGIONAL,HUNTERDON,H. 7-12 / 9-12,5,GH,,1,HUNTERDON
19,1160,6721031,4039700,3725343,182098,132259,1074665,927215,750926,659440,730767,408627,16000,108972,10207,391,EAST AMWELL TWP,HUNTERDON,B. K-8 / 0 - 400,2,I,,1,HUNTERDON
19,1376,15614693,9409683,8738453,542824,128406,2527247,2192619,1373971,1014246,1495111,728620,0,669998,45240,944,SOUTH HUNTERDON,HUNTERDON,E. K-12 / 0 - 1800,3,I,,1,HUNTERDON
19,1510,49208195,31930152,27790250,1123491,3016411,5778993,5258677,5855044,4894474,5408894,1108459,0,222967,398149,3325,FLEMINGTON-RARITAN REG,HUNTERDON,D. K-8 / 751 +,2,I,,1,HUNTERDON
19,1600,4711296,3054160,2555095,181517,317548,588732,432510,591668,486513,470530,12736,0,5781,32472,295,FRANKLIN TWP,HUNTERDON,B. K-8 / 0 - 400,2,I,,1,HUNTERDON
19,1680,2393780,1460010,1319040,67738,73232,361842,343055,231711,130153,298966,139926,8819,32129,12170,143,FRENCHTOWN BORO,HUNTERDON,B. K-8 / 0 - 400,2,FG,,1,HUNTERDON
19,1970,2386324,1419452,1375046,17877,26529,465295,388079,159805,117774,318166,192010,0,23606,0,119,HAMPTON BORO,HUNTERDON,B. K-8 / 0 - 400,2,DE,,1,HUNTERDON
19,2140,6472414,3791776,3577125,121036,93615,1385198,1282814,625165,521416,627683,284832,0,42306,5708,377,HIGH BRIDGE BORO,HUNTERDON,B. K-8 / 0 - 400,2,GH,,1,HUNTERDON
19,2220,9681061,6111603,5807637,254674,49292,1496161,1196167,1022568,847732,972588,502359,0,78142,49250,585,HOLLAND TWP,HUNTERDON,C. K-8 / 401 - 750,2,FG,,1,HUNTERDON
19,2300,45120139,25308986,23851580,1047158,410248,8528849,8240654,3538734,3015584,5203107,2689857,0,2100753,552318,2924,HUNTERDON CENTRAL REG,HUNTERDON,H. 7-12 / 9-12,5,I,,1,HUNTERDON
19,2308,4153216,2062684,1531730,137571,393383,496908,348534,803132,621234,831722,185573,0,31794,57138,285,HUNTERDON CO VOCATIONAL,HUNTERDON,J. VOC,8,,,1,HUNTERDON
19,2450,5680483,3498007,3203516,167967,126524,822561,732857,633626,557251,665686,323294,0,50002,11786,360,KINGWOOD TWP,HUNTERDON,B. K-8 / 0 - 400,2,FG,,1,HUNTERDON
19,2590,2055156,1015224,976938,20452,17834,520662,427915,327691,259274,189288,101975,0,2290,2199,92,LEBANON BORO,HUNTERDON,A. K-6,1,I,,1,HUNTERDON
19,2600,11374808,7030361,6715651,268855,45855,2048468,1840932,1263718,1117436,940979,563443,0,91282,0,687,LEBANON TWP,HUNTERDON,C. K-8 / 401 - 750,2,I,,1,HUNTERDON
19,3180,1845810,1017099,906436,29358,81305,445754,194439,173742,76080,171403,77927,0,28165,0,95,MILFORD BORO,HUNTERDON,B. K-8 / 0 - 400,2,FG,,1,HUNTERDON
19,3660,42967873,24082269,21777727,1298505,1006037,6276707,5795352,4155003,3282575,5049011,2469725,0,3312656,302283,2813,N HUNT/VOORHEES REGIONAL,HUNTERDON,H. 7-12 / 9-12,5,I,,1,HUNTERDON
19,4350,25805273,15699323,15145165,472581,81577,4586989,4201395,2722289,2296787,2278393,672475,0,329248,265943,1755,READINGTON TWP,HUNTERDON,D. K-8 / 751 +,2,I,,1,HUNTERDON
19,5180,10570007,6427574,6095540,307414,24620,1661653,1256056,1274147,1029384,954895,430765,0,175433,32369,655,TEWKSBURY TWP,HUNTERDON,C. K-8 / 401 - 750,2,J,,1,HUNTERDON
19,5270,7646159,4605992,4328003,243235,34754,1134025,771638,835660,606316,988122,478257,0,82360,53743,471,UNION TWP,HUNTERDON,C. K-8 / 401 - 750,2,GH,,1,HUNTERDON
21,1245,67171357,41378747,38986717,1962532,429498,9679409,8771932,6326700,5224411,7665281,4581454,0,1447191,771317,5069,EAST WINDSOR REGIONAL,MERCER,G. K-12 / 3501 +,3,GH,,1,MERCER
21,1430,54676999,33546441,32287060,464843,794538,7270205,6699767,4898379,4370238,6182622,3176235,0,1136532,91756,3601,EWING TWP,MERCER,G. K-12 / 3501 +,3,DE,,1,MERCER
21,1950,152774718,92778416,88019958,2501392,2257066,23595180,21734570,15152987,12813404,18541528,12619821,0,2318192,259323,11908,HAMILTON TWP,MERCER,G. K-12 / 3501 +,3,FG,,1,MERCER
21,2280,62257071,39197300,36833042,1768746,595512,9235446,8374227,5107225,4302689,6913577,3772360,0,1381683,709642,3639,HOPEWELL VALLEY REGIONAL,MERCER,G. K-12 / 3501 +,3,I,,1,MERCER
21,2580,56254034,32090769,30340534,1446789,303446,9986378,9157081,4973266,4322577,8022649,4326437,0,976467,347602,3982,LAWRENCE TWP,MERCER,G. K-12 / 3501 +,3,GH,,1,MERCER
21,3103,36340435,21634685,21231070,201684,201931,8593471,8138486,3213360,2724875,2852375,1243141,0,0,176105,652,MERCER CO SPECIAL SERVICE,MERCER,I. CSSD,7,,,1,MERCER
21,3105,10461070,4613570,4023269,418291,172010,1471301,1246614,1839597,1484930,2438365,830496,0,0,120627,486,MERCER COUNTY VOCATIONAL,MERCER,J. VOC,8,,,1,MERCER
21,4255,65101506,39052835,37175173,1295876,581786,11746563,10674441,5850007,5133397,6724698,3857987,0,1550372,110762,3560,PRINCETON,MERCER,G. K-12 / 3501 +,3,I,,1,MERCER
21,5210,198538612,108704237,100468034,3528065,4708135,30850869,27928783,20185897,17036411,35484184,10697625,0,1416730,917531,11266,TRENTON CITY,MERCER,G. K-12 / 3501 +,3,A,1,1,MERCER
21,5510,32717953,19834706,18707529,915244,211933,4458993,4055237,3560134,3037543,3471951,487070,0,1291514,348137,2937,ROBBINSVILLE TWP,MERCER,F. K-12 / 1801 - 3500,3,I,,1,MERCER
21,5715,125996312,80155412,77374645,2555637,225130,18844071,17235686,12047604,10103507,11822136,944124,0,2788755,943602,9706,W WINDSOR-PLAINSBORO REG,MERCER,G. K-12 / 3501 +,3,J,,1,MERCER
23,750,43215834,28492075,27107637,322155,1062283,5009444,4234785,4360506,3840212,4728783,2724213,0,425890,55990,3734,CARTERET BORO,MIDDLESEX,G. K-12 / 3501 +,3,B,,1,MIDDLESEX
23,970,9668607,5756272,5297046,294107,165119,1380458,1209742,930380,775433,1411762,499468,0,179770,7417,513,CRANBURY TWP,MIDDLESEX,C. K-8 / 401 - 750,2,J,,1,MIDDLESEX
23,1140,13397798,7716850,7317810,350899,48141,2004598,1667348,1835502,1507873,1465614,174174,0,375233,0,1159,DUNELLEN BORO,MIDDLESEX,E. K-12 / 0 - 1800,3,FG,,1,MIDDLESEX
23,1170,117327484,70798883,67455547,1616168,1727168,20234857,17707679,11954136,10392742,12703665,5145610,0,1289109,86388,8262,EAST BRUNSWICK TWP,MIDDLESEX,G. K-12 / 3501 +,3,I,,1,MIDDLESEX
23,1290,182893466,121220336,117125271,3808605,286460,24845544,21207962,15641607,11904119,18587648,11097000,0,2286894,3234686,14697,EDISON TWP,MIDDLESEX,G. K-12 / 3501 +,3,GH,,1,MIDDLESEX
23,2150,23595700,14239481,13385623,279524,574334,3489401,3141373,2902005,2272257,2380658,70025,0,580606,86906,1581,HIGHLAND PARK BORO,MIDDLESEX,E. K-12 / 0 - 1800,3,GH,,1,MIDDLESEX
23,2370,7138524,4347730,4067684,187505,92541,882139,592031,1204322,962798,702591,389941,0,1741,0,651,JAMESBURG BORO,MIDDLESEX,C. K-8 / 401 - 750,2,DE,,1,MIDDLESEX
23,3120,28528248,17589594,16668460,856316,64818,4147616,3632877,2931578,2406356,2921821,1647646,0,876318,148795,2150,METUCHEN BORO,MIDDLESEX,F. K-12 / 1801 - 3500,3,I,,1,MIDDLESEX
23,3140,28393182,16840568,15992602,771074,76892,4610072,4076930,3171913,2642404,2982483,1570090,0,753172,107383,2079,MIDDLESEX BORO,MIDDLESEX,F. K-12 / 1801 - 3500,3,FG,,1,MIDDLESEX
23,3150,37993373,17886320,16271937,1017538,596845,4825449,4629368,6618438,5721629,7622844,3549347,0,719206,0,2144,MIDDLESEX CO VOCATIONAL,MIDDLESEX,J. VOC,8,,,1,MIDDLESEX
23,3220,8903052,5964978,5043560,475019,446399,1091408,810440,769119,555128,939690,464113,0,118625,56610,683,MILLTOWN BORO,MIDDLESEX,C. K-8 / 401 - 750,2,FG,,1,MIDDLESEX
23,3290,84317068,51264626,47724556,2091435,1448635,12222967,10809328,8348659,7467528,10032376,6105847,0,1676435,58847,6334,MONROE TWP,MIDDLESEX,G. K-12 / 3501 +,3,FG,,1,MIDDLESEX
23,3530,134029765,76876013,70557823,2355878,3962312,23200738,17174856,12028189,8381954,20546918,10122211,0,948288,403099,8682,NEW BRUNSWICK CITY,MIDDLESEX,G. K-12 / 3501 +,3,A,1,1,MIDDLESEX
23,3620,74076615,46029494,44613834,751743,663917,11053681,10120491,7160657,5960817,8226457,5115871,0,1314004,221993,6147,NORTH BRUNSWICK TWP,MIDDLESEX,G. K-12 / 3501 +,3,FG,,1,MIDDLESEX
23,3845,122369294,77620502,75021660,2416209,182633,16165914,14515744,11124164,9274587,14780597,3922890,0,1859022,859645,9018,OLD BRIDGE TWP,MIDDLESEX,G. K-12 / 3501 +,3,FG,,1,MIDDLESEX
23,4090,154090921,99726386,93416708,3150594,3159084,21193705,16835933,11912607,10219019,17166678,9501221,0,1118214,3421808,10212,PERTH AMBOY CITY,MIDDLESEX,G. K-12 / 3501 +,3,A,1,1,MIDDLESEX
23,4130,88130113,55300154,51248682,1357575,2693897,12715808,11612320,8205015,6369839,10138220,5421502,0,1504851,946306,7288,PISCATAWAY TWP,MIDDLESEX,G. K-12 / 3501 +,3,GH,,1,MIDDLESEX
23,4660,67572512,43833571,41553723,1162277,1117571,9304874,7997378,6855842,5178547,5971379,3703091,0,1262551,71702,6011,SAYREVILLE BORO,MIDDLESEX,G. K-12 / 3501 +,3,DE,,1,MIDDLESEX
23,4830,13168262,8182497,7741121,321102,120274,1624750,1512531,1809375,1571114,1238631,733751,0,276106,52046,1077,SOUTH AMBOY CITY,MIDDLESEX,E. K-12 / 0 - 1800,3,CD,,1,MIDDLESEX
23,4860,105314368,63729522,61618406,1725324,385792,12169591,10912996,12374797,10808853,14938622,8381885,0,1417967,258924,8665,SOUTH BRUNSWICK TWP,MIDDLESEX,G. K-12 / 3501 +,3,I,,1,MIDDLESEX
23,4910,49222051,29289539,27650993,696730,941816,7488615,6317473,6101581,5084236,4833807,391154,0,1176212,354618,3576,SOUTH PLAINFIELD BORO,MIDDLESEX,F. K-12 / 1801 - 3500,3,FG,,1,MIDDLESEX
23,4920,24243865,14270857,13865054,271603,134200,3366825,2783167,2843285,2518656,3041771,666578,0,721126,45576,2274,SOUTH RIVER BORO,MIDDLESEX,F. K-12 / 1801 - 3500,3,CD,,1,MIDDLESEX
23,4970,22597550,13650611,12904939,616280,129392,3515952,2832333,2178785,1783877,2596364,1638443,0,619715,157003,1762,SPOTSWOOD BORO,MIDDLESEX,E. K-12 / 0 - 1800,3,DE,,1,MIDDLESEX
23,5850,167622343,107608599,100399122,4411446,2798031,23894780,22507085,18846063,15368827,13089034,2088710,0,2788420,1442611,13627,WOODBRIDGE TWP,MIDDLESEX,G. K-12 / 3501 +,3,DE,,1,MIDDLESEX
25,100,60382522,28125871,25388011,2082034,655826,18917332,11438012,4133678,2602119,7446498,4273125,0,1147437,196667,1949,ASBURY PARK CITY,MONMOUTH,F. K-12 / 1801 - 3500,3,A,1,1,MONMOUTH
25,130,4565987,3066936,2968416,88838,9682,526024,414490,563105,451164,384854,189014,0,25068,21980,317,ATLANTIC HIGHLANDS BORO,MONMOUTH,A. K-6,1,GH,,1,MONMOUTH
25,180,2374842,1298103,1126078,131845,40180,526950,501813,244240,204031,251518,76283,12352,40923,0,156,AVON BORO,MONMOUTH,B. K-8 / 0 - 400,2,I,,1,MONMOUTH
25,270,7557227,4765988,4572166,134340,59482,1068432,983021,930750,804961,672651,44773,0,110055,0,537,BELMAR BORO,MONMOUTH,C. K-8 / 401 - 750,2,CD,,1,MONMOUTH
25,500,4769972,2813045,2645973,112876,54196,785332,710648,514430,367904,575455,270509,10000,70958,10636,285,BRADLEY BEACH BORO,MONMOUTH,B. K-8 / 0 - 400,2,CD,,1,MONMOUTH
25,560,7415201,4216437,3925118,265581,25738,1370183,1036581,790535,627688,915675,386388,29490,92880,0,559,BRIELLE BORO,MONMOUTH,C. K-8 / 401 - 750,2,GH,,1,MONMOUTH
25,945,19202986,11425962,10602582,529383,293997,3461035,3288337,1836780,1621824,2116392,1011335,35000,113918,180167,959,COLTS NECK TWP,MONMOUTH,D. K-8 / 751 +,2,I,,1,MONMOUTH
25,1000,3025724,1552557,1365269,112181,75107,491584,282532,316966,235006,606714,29481,0,57902,80454,161,DEAL BORO,MONMOUTH,B. K-8 / 0 - 400,2,,,1,MONMOUTH
25,1260,15731120,9503881,8888313,540714,74854,2465685,2227187,1605537,1399112,1959897,229417,0,147056,27262,1060,EATONTOWN BORO,MONMOUTH,D. K-8 / 751 +,2,FG,,1,MONMOUTH
25,1440,12364391,7310767,7047220,230733,32814,2086808,1847138,1275570,1031022,1611196,691033,0,80049,0,1016,FAIR HAVEN BORO,MONMOUTH,D. K-8 / 751 +,2,I,,1,MONMOUTH
25,1490,2351281,1428401,1386359,35292,6750,371765,239322,315095,227823,220330,40461,0,3386,0,166,FARMINGDALE BORO,MONMOUTH,B. K-8 / 0 - 400,2,DE,,1,MONMOUTH
25,1640,17565874,10689419,10220557,264846,204016,2760886,2468482,2445104,2069666,1540086,772849,0,130379,87697,1633,FREEHOLD BORO,MONMOUTH,D. K-8 / 751 +,2,B,,1,MONMOUTH
25,1650,144532871,87618830,83632837,2783895,1202098,20335243,16760210,13740604,10963305,15501220,7793254,0,5963335,667992,11066,FREEHOLD REGIONAL,MONMOUTH,H. 7-12 / 9-12,5,GH,,1,MONMOUTH
25,1660,61649360,37764166,36184303,1371223,208640,9876082,9388934,6234093,4976547,6534415,3529393,0,488630,33108,3921,FREEHOLD TWP,MONMOUTH,D. K-8 / 751 +,2,GH,,1,MONMOUTH
25,2105,43113489,26024108,24285052,1253034,486022,5312087,4741167,4828487,4245968,5866541,3366489,0,1024065,6199,3033,HAZLET TWP,MONMOUTH,F. K-12 / 1801 - 3500,3,DE,,1,MONMOUTH
25,2120,6373116,3383487,3151362,173525,58600,1138664,943363,549263,391718,663875,55973,0,594091,214359,307,HENRY HUDSON REGIONAL,MONMOUTH,H. 7-12 / 9-12,4,DE,,1,MONMOUTH
25,2160,3431828,1839566,1720616,45278,73672,983432,683498,251921,97891,346620,140877,0,9983,0,178,HIGHLANDS BORO,MONMOUTH,A. K-6,1,CD,,1,MONMOUTH
25,2230,47960719,27383861,26520030,681520,182311,9218138,8546254,3729648,3212255,6700093,4100207,0,906116,63136,3027,HOLMDEL TWP,MONMOUTH,F. K-12 / 1801 - 3500,3,I,,1,MONMOUTH
25,2290,92948565,57206181,55587828,1073224,545129,13905285,13622286,9042960,8012837,11167825,6289251,0,561958,151005,6148,HOWELL TWP,MONMOUTH,D. K-8 / 751 +,2,FG,,1,MONMOUTH
25,2400,31931502,17713470,16778587,561970,372913,7615237,6315128,2444750,1915862,3080300,77461,233328,844416,685171,1499,KEANSBURG BORO,MONMOUTH,E. K-12 / 0 - 1800,3,A,1,1,MONMOUTH
25,2430,15890750,9064239,8503343,520200,40696,2176443,2030993,1785997,1485534,2358408,919147,0,489971,0,1073,KEYPORT BORO,MONMOUTH,E. K-12 / 0 - 1800,3,CD,,1,MONMOUTH
25,2720,11279801,6798954,6427804,351041,20109,1794762,1638796,1462760,1200329,1096609,548796,11219,111723,72747,849,LITTLE SILVER BORO,MONMOUTH,D. K-8 / 751 +,2,J,,1,MONMOUTH
25,2770,84029025,50426606,48306905,1419174,700527,14086726,12196508,8057016,6778747,9490710,5756602,0,1661998,188294,5649,LONG BRANCH CITY,MONMOUTH,G. K-12 / 3501 +,3,B,1,1,MONMOUTH
25,2920,65376303,39228576,37344850,1613586,270140,9253763,8662519,6751441,5481337,8989200,4967805,0,365749,394458,5094,MANALAPAN-ENGLISHTOWN REG,MONMOUTH,D. K-8 / 751 +,2,GH,,1,MONMOUTH
25,2930,21967337,12503402,11380933,941067,181402,3420578,3136495,2799929,2276137,2379986,1212489,0,863442,79408,1599,MANASQUAN BORO,MONMOUTH,E. K-12 / 0 - 1800,3,GH,,1,MONMOUTH
25,3030,70545438,43257414,41609303,1511085,137026,9757597,8836990,8223415,6802224,8161316,2810104,0,447385,179917,5149,MARLBORO TWP,MONMOUTH,D. K-8 / 751 +,2,I,,1,MONMOUTH
25,3040,51388391,31804578,29317299,1214265,1273014,7330357,6063374,5319027,4480495,4949318,768954,0,1434410,184833,3847,MATAWAN-ABERDEEN REGIONAL,MONMOUTH,G. K-12 / 3501 +,3,FG,,1,MONMOUTH
25,3160,131710307,86867461,82205443,4088244,573774,15876705,13459136,12472107,11423680,14091554,8667914,0,2151793,654729,9727,MIDDLETOWN TWP,MONMOUTH,G. K-12 / 3501 +,3,GH,,1,MONMOUTH
25,3200,19932339,11680064,11008598,579405,92061,2755470,2186812,2821985,2354771,2353078,1278469,0,178674,27331,1191,MILLSTONE TWP,MONMOUTH,D. K-8 / 751 +,2,I,,1,MONMOUTH
25,3250,3910637,2408982,2252063,103280,53639,414105,337933,582713,436291,443715,164834,0,48360,97927,267,MONMOUTH BEACH BORO,MONMOUTH,B. K-8 / 0 - 400,2,I,,1,MONMOUTH
25,3260,38382730,23190974,20719749,1392731,1078494,3775488,3517625,5025771,4351116,6123739,2620950,71663,0,0,2755,MONMOUTH CO VOCATIONAL,MONMOUTH,J. VOC,8,,,1,MONMOUTH
25,3270,19131211,10017612,9620051,260565,136996,3443016,3239700,1757958,1445830,2583274,1430731,50000,1058935,50604,948,MONMOUTH REGIONAL,MONMOUTH,H. 7-12 / 9-12,5,GH,,1,MONMOUTH
25,3500,4222036,2548765,2470970,42032,35763,660019,456505,597876,485966,370453,212605,0,44924,2800,379,NEPTUNE CITY,MONMOUTH,B. K-8 / 0 - 400,2,CD,,1,MONMOUTH
25,3510,65191359,36634886,34747824,991778,895284,8980089,7900490,7021821,6069187,10673707,4269253,0,1841786,221740,4300,NEPTUNE TWP,MONMOUTH,G. K-12 / 3501 +,3,CD,1,1,MONMOUTH
25,3810,60055144,36162218,34727907,1177019,257292,8563524,7976564,5613344,4647059,7487273,3842233,0,1638626,252965,3726,OCEAN TWP,MONMOUTH,G. K-12 / 3501 +,3,FG,,1,MONMOUTH
25,3830,8320796,4951241,4817571,132940,730,1680630,1561265,744010,560817,813723,369437,0,120098,172816,628,OCEANPORT BORO,MONMOUTH,C. K-8 / 401 - 750,2,GH,,1,MONMOUTH
25,4360,14892511,9032684,8250046,421122,361516,2593959,2161364,1459232,1199428,1671708,899142,0,63794,142615,1211,RED BANK BORO,MONMOUTH,D. K-8 / 751 +,2,CD,,1,MONMOUTH
25,4365,21357212,11681829,10802456,732870,146503,3511936,3329491,2218167,1664743,2491197,698369,0,1167010,347888,1201,RED BANK REGIONAL,MONMOUTH,H. 7-12 / 9-12,5,FG,,1,MONMOUTH
25,4520,1608630,1000504,928129,42012,30363,251683,219136,193415,63547,159475,24730,398,3155,0,93,ROOSEVELT BORO,MONMOUTH,A. K-6,1,GH,,1,MONMOUTH
25,4570,13165995,7955806,7626399,267581,61826,2035439,1619096,1767970,1422881,1337801,725916,0,68979,70181,972,RUMSON BORO,MONMOUTH,D. K-8 / 751 +,2,J,,1,MONMOUTH
25,4580,14457527,7781376,7239574,433926,107876,2611623,2465554,1578629,1224844,1401071,425816,0,1079319,19417,936,RUMSON-FAIR HAVEN REG,MONMOUTH,H. 7-12 / 9-12,5,J,,1,MONMOUTH
25,4690,3185572,1821941,1690578,126106,5257,508591,404871,327719,177291,423988,261719,0,101373,0,161,SEA GIRT BORO,MONMOUTH,B. K-8 / 0 - 400,2,I,,1,MONMOUTH
25,4760,11837090,6310643,5866621,334780,109242,1830423,1562223,1038298,733945,1561686,88526,13493,1050820,935448,615,SHORE REGIONAL,MONMOUTH,H. 7-12 / 9-12,5,GH,,1,MONMOUTH
25,4770,6969322,4096362,3681164,267414,147784,1251667,1087870,844688,609231,726313,365151,0,50292,20786,476,SHREWSBURY BORO,MONMOUTH,C. K-8 / 401 - 750,2,I,,1,MONMOUTH
25,4980,4899911,2543689,2390575,89915,63199,1156796,926390,458023,367125,664349,273894,0,74359,16252,212,SPRING LAKE BORO,MONMOUTH,B. K-8 / 0 - 400,2,I,,1,MONMOUTH
25,4990,4808649,2826821,2690863,129718,6240,800189,754959,582605,459258,518434,232183,0,80601,0,349,SPRING LAKE HEIGHTS BORO,MONMOUTH,B. K-8 / 0 - 400,2,FG,,1,MONMOUTH
25,5185,22317707,13115811,12010904,915600,189307,4676012,4384482,2441019,2103446,1868746,216178,0,216118,68246,1496,TINTON FALLS,MONMOUTH,D. K-8 / 751 +,2,GH,,1,MONMOUTH
25,5230,7965017,4674591,4413387,138745,122459,1322328,1083613,857373,698374,994847,533838,0,62306,65211,629,UNION BEACH,MONMOUTH,C. K-8 / 401 - 750,2,CD,,1,MONMOUTH
25,5310,31892995,18837150,17887125,537743,412282,5727558,5269450,3001799,2584367,3471676,1908949,0,850683,68592,2331,UPPER FREEHOLD REGIONAL,MONMOUTH,F. K-12 / 1801 - 3500,3,GH,,1,MONMOUTH
25,5420,56941105,34214666,32137510,1682476,394680,7952438,7214346,6194270,5196348,6782192,3948016,0,1297554,178904,3641,WALL TWP,MONMOUTH,F. K-12 / 1801 - 3500,3,GH,,1,MONMOUTH
25,5640,8993680,5508264,5077071,379420,51773,1291687,1048597,1088465,740362,933092,270117,0,130254,152011,585,WEST LONG BRANCH BORO,MONMOUTH,C. K-8 / 401 - 750,2,FG,,1,MONMOUTH
27,450,22347815,12958981,12108208,443036,407737,4051835,3509194,2172058,1508075,2006051,998002,0,1139683,143874,1308,BOONTON TOWN,MORRIS,E. K-12 / 0 - 1800,3,FG,,1,MORRIS
27,460,7375574,4728654,4377589,316033,35032,842706,603432,915237,755866,753461,380606,0,104671,8903,454,BOONTON TWP,MORRIS,C. K-8 / 401 - 750,2,I,,1,MORRIS
27,630,18139522,9865768,9157714,541010,167044,3397772,2852151,1997238,1443255,2351792,1367124,4108,522844,40536,1145,BUTLER BORO,MORRIS,E. K-12 / 0 - 1800,3,DE,,1,MORRIS
27,785,54507286,32673039,30442032,1911022,319985,8777377,8030371,6248710,5472706,5510767,3176760,0,1252946,310187,4118,SCH DIST OF THE CHATHAMS,MORRIS,G. K-12 / 3501 +,3,J,,1,MORRIS
27,820,17732864,10907445,10300384,363536,243525,2542358,1973168,2076838,1635540,2037108,954067,0,143086,30573,1158,CHESTER TWP,MORRIS,D. K-8 / 751 +,2,J,,1,MORRIS
27,1090,24549525,15210553,14207700,473691,529162,3887177,3268618,2778715,2462635,2193442,1212424,0,190653,35349,1680,DENVILLE TWP,MORRIS,D. K-8 / 751 +,2,I,,1,MORRIS
27,1110,33596071,22033574,19650664,2143381,239529,2902593,2488398,4246342,3748443,3494223,1997811,0,834594,96189,3169,DOVER TOWN,MORRIS,F. K-12 / 1801 - 3500,3,A,,1,MORRIS
27,1190,16459288,10068710,9074214,616699,377797,2475983,1797626,2105375,1774723,1616957,1038431,0,144986,55129,996,EAST HANOVER TWP,MORRIS,D. K-8 / 751 +,2,GH,,1,MORRIS
27,1530,15220035,8673546,8061913,429913,181720,2549628,2287455,1826037,1497059,1848034,1018316,0,162761,121441,990,FLORHAM PARK BORO,MORRIS,D. K-8 / 751 +,2,I,,1,MORRIS
27,1990,24716690,13630328,12881524,563109,185695,3560942,3197393,2923853,2434527,2575012,1416750,0,1709513,241579,1599,HANOVER PARK REGIONAL,MORRIS,H. 7-12 / 9-12,5,GH,,1,MORRIS
27,2000,22367047,12859934,11757503,553811,548620,3721745,3216636,2551468,2216478,2909365,1780675,0,138511,201495,1464,HANOVER TWP,MORRIS,D. K-8 / 751 +,2,I,,1,MORRIS
27,2010,6085719,3415397,3114272,198840,102285,1092614,879505,620619,419710,791104,232964,0,153719,0,304,HARDING TOWNSHIP,MORRIS,B. K-8 / 0 - 400,2,J,,1,MORRIS
27,2380,47648825,26745794,25458817,672132,614845,8497850,8064626,5414165,4857267,5732966,3273366,0,943283,46505,3203,JEFFERSON TWP,MORRIS,F. K-12 / 1801 - 3500,3,GH,,1,MORRIS
27,2460,31431992,18594784,17457372,818751,318661,5362877,4942523,2963388,2455411,3312971,1626685,0,1098642,365582,2010,KINNELON BORO,MORRIS,F. K-12 / 1801 - 3500,3,I,,1,MORRIS
27,2650,11348913,7245885,6713980,326082,205823,1312098,1141969,1541118,1306575,1193381,688534,0,56133,0,954,LINCOLN PARK BORO,MORRIS,D. K-8 / 751 +,2,FG,,1,MORRIS
27,2870,36976405,20628797,19377657,986403,264737,6521577,6031396,4026385,3196167,4283904,1927120,0,1505834,124215,2528,MADISON BORO,MORRIS,F. K-12 / 1801 - 3500,3,I,,1,MORRIS
27,3090,8483843,4984310,4704281,164878,115151,1399162,1210080,1169538,981568,838554,518704,5531,86749,8129,596,MENDHAM BORO,MORRIS,C. K-8 / 401 - 750,2,J,,1,MORRIS
27,3100,13211934,8943200,8333996,304878,304326,1448732,1220385,1316354,1071404,1300093,609379,0,203555,0,712,MENDHAM TWP,MORRIS,C. K-8 / 401 - 750,2,J,,1,MORRIS
27,3240,4911105,2985674,2739428,214566,31680,612831,280752,767939,618182,511548,117120,0,32087,629352,367,MINE HILL TWP,MORRIS,A. K-6,1,FG,,1,MORRIS
27,3340,59755107,37714637,35192758,1321841,1200038,10298823,9588002,5392934,4697161,4598952,1033658,0,1736617,128657,3886,MONTVILLE TWP,MORRIS,G. K-12 / 3501 +,3,I,,1,MORRIS
27,3365,16310448,9393844,6932321,457139,2004384,2071575,1926044,2352609,1942723,2123442,998108,20258,347241,86951,1027,MORRIS COUNTY VOCATIONAL,MORRIS,J. VOC,8,,,1,MORRIS
27,3370,48432424,27610516,25707608,1232854,670054,7737973,6829006,5270260,4302251,4963190,2905003,0,2906355,731671,2777,MORRIS HILLS REGIONAL,MORRIS,H. 7-12 / 9-12,5,GH,,1,MORRIS
27,3380,9294750,5399250,4896862,308138,194250,1465920,815381,1158427,950704,1136110,531868,0,134762,54609,612,MORRIS PLAINS BORO,MORRIS,C. K-8 / 401 - 750,2,I,,1,MORRIS
27,3385,77110969,43782890,41390615,1472059,920216,14777434,13130917,7538114,6352157,8912396,5069072,136063,1581058,721393,5239,MORRIS SCHOOL DISTRICT,MORRIS,G. K-12 / 3501 +,3,GH,,1,MORRIS
27,3410,5995584,3312336,3050368,163403,98565,1189158,1034794,702222,579481,715092,322518,0,72546,11892,347,MOUNT ARLINGTON BORO,MORRIS,B. K-8 / 0 - 400,2,GH,,1,MORRIS
27,3450,64208660,36360921,34500299,1307802,552820,10215906,9370332,7252390,5699163,8115666,4840713,0,1324881,864124,4664,MOUNT OLIVE TWP,MORRIS,G. K-12 / 3501 +,3,GH,,1,MORRIS
27,3460,31002074,18408226,17493936,602864,311426,5284586,4947818,2850991,2454740,3395044,1649442,27535,1036040,107942,1556,MOUNTAIN LAKES BORO,MORRIS,E. K-12 / 0 - 1800,3,J,,1,MORRIS
27,3520,3986720,2581228,2517593,44517,19118,578004,483417,528075,420827,268870,105740,0,30544,24952,292,NETCONG BORO,MORRIS,B. K-8 / 0 - 400,2,DE,,1,MORRIS
27,3950,107096472,61977001,60123538,1580727,272736,19856492,17438608,10327888,8907358,12121085,7485467,0,2524847,732629,6958,PARSIPPANY-TROY HILLS TWP,MORRIS,G. K-12 / 3501 +,3,GH,,1,MORRIS
27,4000,13367456,7691606,7192774,284584,214248,2670533,2384283,1501901,1409627,1503417,17763,0,0,199574,832,LONG HILL TWP,MORRIS,D. K-8 / 751 +,2,I,,1,MORRIS
27,4080,30808858,19129292,17798272,987302,343718,4743689,4141218,3136937,2614986,2793533,1599305,0,921895,159523,2234,PEQUANNOCK TWP,MORRIS,F. K-12 / 1801 - 3500,3,GH,,1,MORRIS
27,4330,71523003,42666232,40648940,1433167,584125,11190786,9460914,7926146,6248018,7301039,4638624,0,1806945,363784,4831,RANDOLPH TWP,MORRIS,G. K-12 / 3501 +,3,I,,1,MORRIS
27,4440,4375946,2539999,2436469,76266,27264,739352,530215,625843,514043,412377,226035,0,52675,9045,329,RIVERDALE BORO,MORRIS,B. K-8 / 0 - 400,2,FG,,1,MORRIS
27,4480,7578740,4195421,3922886,234089,38446,1524670,1089411,910601,715577,877926,481739,0,49492,49420,579,ROCKAWAY BORO,MORRIS,C. K-8 / 401 - 750,2,FG,,1,MORRIS
27,4490,39575847,22282064,21596919,640786,44359,8236869,7791488,4341579,3417043,4188263,2171990,0,33161,645967,2363,ROCKAWAY TWP,MORRIS,D. K-8 / 751 +,2,I,,1,MORRIS
27,4560,57457798,33822619,31758999,1021051,1042569,9715391,7373225,4999338,4302804,6762802,1627187,0,1448915,891926,3707,ROXBURY TWP,MORRIS,G. K-12 / 3501 +,3,GH,,1,MORRIS
27,5520,35167463,22238680,20832527,568299,837854,6042094,4767645,2954200,2558668,3595411,1989336,75000,262078,57238,2273,WASHINGTON TWP,MORRIS,D. K-8 / 751 +,2,I,,1,MORRIS
27,5660,39227915,22625140,21776899,525711,322530,5819753,5111266,4378189,3306949,3561592,1843567,0,2786160,197780,2659,WEST MORRIS REGIONAL,MORRIS,H. 7-12 / 9-12,5,I,,1,MORRIS
27,5770,11231086,7369316,6647873,598001,123442,1833678,1098315,1120531,854724,802962,112383,0,104438,22098,789,WHARTON BORO,MORRIS,D. K-8 / 751 +,2,DE,,1,MORRIS
29,185,41453113,25072522,23532504,825861,714157,5552131,5153708,3688017,3082246,5474875,2813263,0,1253173,769705,3180,BARNEGAT TWP,OCEAN,F. K-12 / 1801 - 3500,3,CD,,1,OCEAN
29,210,2418351,1406242,1312812,39288,54142,353368,229100,232846,81449,351140,158361,0,58776,11077,146,BAY HEAD BORO,OCEAN,B. K-8 / 0 - 400,2,I,,1,OCEAN
29,230,1678686,869571,822423,35881,11267,195602,176792,283932,212131,315542,65309,0,8089,0,63,BEACH HAVEN BORO,OCEAN,A. K-6,1,FG,,1,OCEAN
29,320,26611047,15584163,14694687,836574,52902,3599352,3378837,3588983,2996202,3404390,1725138,0,39639,593302,2103,BERKELEY TWP,OCEAN,A. K-6,1,B,,1,OCEAN
29,530,120055406,76224082,70758490,1444917,4020675,19325616,17784158,10321207,9429383,9803566,5851025,0,2601703,602818,9140,BRICK TWP,OCEAN,G. K-12 / 3501 +,3,DE,,1,OCEAN
29,770,28031293,15317729,14385226,265392,667111,4082455,3773433,3269168,2417093,3412144,1945512,0,1629124,800839,1923,CENTRAL REGIONAL,OCEAN,H. 7-12 / 9-12,4,B,,1,OCEAN
29,1150,2222889,1420091,1308795,86296,25000,335118,217125,277955,228243,183250,68438,0,0,0,138,EAGLESWOOD TWP,OCEAN,A. K-6,1,B,,1,OCEAN
29,2350,2160227,1355200,1219576,119073,16551,136939,59681,255165,226731,400013,98621,0,10662,0,121,ISLAND HEIGHTS BORO,OCEAN,A. K-6,1,GH,,1,OCEAN
29,2360,111790235,65747801,61070769,1886859,2790173,18590951,16470919,11177260,9169961,12031806,6835711,0,2429083,315905,8707,JACKSON TWP,OCEAN,G. K-12 / 3501 +,3,DE,,1,OCEAN
29,2480,59193510,37369430,35412351,1067317,889762,8339695,7535013,3905620,3391651,7303954,4908581,0,1711108,489907,4299,LACEY TWP,OCEAN,G. K-12 / 3501 +,3,DE,,1,OCEAN
29,2500,5375402,3367591,3022740,240132,104719,738196,685446,688648,562647,525511,275009,0,44985,10000,377,LAKEHURST BORO,OCEAN,B. K-8 / 0 - 400,2,B,,1,OCEAN
29,2520,67872356,38103909,35830952,842674,1430283,14468599,11760884,7574479,6062257,6190649,1119651,0,1257149,191108,5787,LAKEWOOD TWP,OCEAN,G. K-12 / 3501 +,3,,,1,OCEAN
29,2550,2698154,1586985,1511203,53088,22694,390828,281532,259362,211547,292577,144700,6500,80326,17166,138,LAVALLETTE BORO,OCEAN,B. K-8 / 0 - 400,2,DE,,1,OCEAN
29,2690,24314234,15266808,14827895,198752,240161,4803657,3877464,2344669,1835662,1839813,1024590,0,10943,76989,1614,LITTLE EGG HARBOR TWP,OCEAN,A. K-6,1,B,,1,OCEAN
29,2760,5562014,3042969,2849605,116989,76375,982941,791683,544426,394024,894913,353634,39828,2129,104498,230,LONG BEACH ISLAND,OCEAN,A. K-6,1,FG,,1,OCEAN
29,2940,43291183,26300417,25157290,980428,162699,5823399,5375861,4027601,3427511,5408886,2145468,0,1092090,668527,2974,MANCHESTER TWP,OCEAN,F. K-12 / 1801 - 3500,3,B,,1,OCEAN
29,3790,21638115,13122071,11699939,1323297,98835,2496188,2237395,4265469,3474039,2539379,898285,0,226796,214553,1772,OCEAN COUNTY VOCATIONAL,OCEAN,J. VOC,8,,,1,OCEAN
29,3800,2454215,1562843,1473166,73144,16533,380156,267243,251785,205403,232462,92474,18000,302,0,152,OCEAN GATE BORO,OCEAN,A. K-6,1,B,,1,OCEAN
29,3820,8916810,5296641,4978176,239236,79229,1432009,1222709,926024,838173,1081157,571298,120000,48948,141717,542,OCEAN TWP,OCEAN,A. K-6,1,CD,,1,OCEAN
29,4105,26983366,14801624,14068850,303743,429031,4652320,4341286,2675905,2197872,3508585,1712348,0,1124579,0,1564,PINELANDS REGIONAL,OCEAN,H. 7-12 / 9-12,4,B,,1,OCEAN
29,4190,21551526,12446853,11583201,733213,130439,3372635,2984712,2459090,2097961,2239893,333842,0,989780,135252,1488,PLUMSTED TWP,OCEAN,E. K-12 / 0 - 1800,3,DE,,1,OCEAN
29,4210,33591937,19562914,18580845,747714,234355,5557704,4952317,3987322,3449353,3351136,289312,0,977865,864615,2785,POINT PLEASANT BORO,OCEAN,F. K-12 / 1801 - 3500,3,FG,,1,OCEAN
29,4220,13081150,7455212,7010325,345344,99543,1915743,1612904,1262525,1132264,1474109,835273,0,942811,36069,846,POINT PLEASANT BEACH BORO,OCEAN,E. K-12 / 0 - 1800,3,FG,,1,OCEAN
29,4710,3615882,2139037,2038569,65494,34974,783969,613636,325838,184303,332621,161914,0,0,152492,227,SEASIDE HEIGHTS BORO,OCEAN,A. K-6,1,A,,1,OCEAN
29,4950,44837513,26621178,25396521,757498,467159,6221660,6115156,4319094,3740913,5885755,3421471,0,1606004,720025,2923,SOUTHERN REGIONAL,OCEAN,H. 7-12 / 9-12,4,DE,,1,OCEAN
29,5020,30034314,17121088,16186896,577419,356773,5628349,5312335,3015902,2636299,3746455,1731882,0,104818,29073,2203,STAFFORD TWP,OCEAN,A. K-6,1,DE,,1,OCEAN
29,5190,191744287,118462323,113589613,3278566,1594144,24498738,22336512,18574475,16326986,21729169,14871738,0,4845937,639975,15784,TOMS RIVER REGIONAL,OCEAN,G. K-12 / 3501 +,3,DE,,1,OCEAN
29,5220,4167100,2671676,2602430,58178,11068,528061,403024,355435,305995,537015,236602,0,49509,0,331,TUCKERTON BORO,OCEAN,A. K-6,1,CD,,1,OCEAN
31,420,10432598,5384578,5196376,142786,45416,2803005,1822667,1090714,891695,1087108,155930,0,60348,17322,594,BLOOMINGDALE BORO,PASSAIC,C. K-8 / 401 - 750,2,FG,,1,PASSAIC
31,900,127285677,82710060,77935805,4293219,481036,19190635,17259994,12892048,10204211,9548766,6395442,0,2113807,755380,10391,CLIFTON CITY,PASSAIC,G. K-12 / 3501 +,3,CD,,1,PASSAIC
31,1920,12781644,8697535,8346099,251403,100033,1610600,1467905,1376767,689541,959956,373004,0,121001,54377,1029,HALEDON BORO,PASSAIC,D. K-8 / 751 +,2,B,,1,PASSAIC
31,2100,32465947,19109553,18506055,380157,223341,5979798,4634724,3061566,2638390,3436973,2319242,0,722057,19800,2317,HAWTHORNE BORO,PASSAIC,F. K-12 / 1801 - 3500,3,DE,,1,PASSAIC
31,2510,18331957,10145385,9775840,190977,178568,3659721,2897825,1622330,1230932,1632522,856475,0,991828,119514,999,LAKELAND REGIONAL,PASSAIC,H. 7-12 / 9-12,5,FG,,1,PASSAIC
31,2700,12848823,8423460,8085688,155763,182009,1814871,1526700,1362274,1027556,1115205,654260,13000,45167,0,898,LITTLE FALLS TWP,PASSAIC,D. K-8 / 751 +,2,FG,,1,PASSAIC
31,3640,8980895,5578301,5364498,119363,94440,1308432,1096340,1270365,909596,746221,278995,0,65773,39545,704,NORTH HALEDON BORO,PASSAIC,C. K-8 / 401 - 750,2,FG,,1,PASSAIC
31,3970,223962241,132501181,122566347,6190543,3744291,44416403,34498323,20363221,18150480,22370438,10453510,0,1748279,465982,13811,PASSAIC CITY,PASSAIC,G. K-12 / 3501 +,3,A,1,1,PASSAIC
31,3980,11997397,7622365,6551259,206302,864804,1356999,1101683,1324082,953779,1192846,395385,0,501105,30900,912,PASSAIC CO MANCHESTER REG,PASSAIC,H. 7-12 / 9-12,5,B,,1,PASSAIC
31,3990,19628574,11503740,11086116,402111,15513,2002095,1816561,2045680,1653871,2979140,1879535,0,1082148,366216,1340,PASSAIC VALLEY REGIONAL,PASSAIC,H. 7-12 / 9-12,5,DE,,1,PASSAIC
31,3995,63074967,34359497,31096674,2581209,681614,11002063,9450808,6265218,4776012,8805543,3935527,0,2493006,1220041,3332,PASSAIC COUNTY VOCATIONAL,PASSAIC,J. VOC,8,,,1,PASSAIC
31,4010,395385758,215538105,206837324,7134401,1566380,81523841,73279335,39820687,33662158,53825020,15321646,0,2141229,1019073,24876,PATERSON CITY,PASSAIC,G. K-12 / 3501 +,3,A,1,1,PASSAIC
31,4230,27104530,16341921,15430989,730047,180885,3421484,3093899,3338624,3055413,3302668,1791186,0,699833,262485,1702,POMPTON LAKES BORO,PASSAIC,E. K-12 / 0 - 1800,3,FG,,1,PASSAIC
31,4270,9939556,6480185,6197389,257977,24819,1282207,939036,1167358,931829,969823,379228,0,4552,0,876,PROSPECT PARK BORO,PASSAIC,D. K-8 / 751 +,2,B,,1,PASSAIC
31,4400,19038069,12260235,11400495,376472,483268,2829133,2554173,1751089,1552495,2101447,1198237,0,26899,53260,1232,RINGWOOD BORO,PASSAIC,D. K-8 / 751 +,2,GH,,1,PASSAIC
31,5200,13754822,8057996,7668573,114409,275014,2292285,1891690,1681033,1494297,1669873,991902,0,0,55601,1065,TOTOWA BORO,PASSAIC,D. K-8 / 751 +,2,CD,,1,PASSAIC
31,5440,13867340,9087550,8866175,175569,45806,1797733,1394132,1612287,1129296,1278668,237436,0,75647,10624,958,WANAQUE BORO,PASSAIC,D. K-8 / 751 +,2,DE,,1,PASSAIC
31,5570,128433514,73205476,70911939,1200857,1092680,21656478,19816116,13408583,11211618,15113637,8782628,63686,3397554,146870,8092,WAYNE TWP,PASSAIC,G. K-12 / 3501 +,3,GH,,1,PASSAIC
31,5650,58036022,34574816,32486121,1835196,253499,8711667,8096509,5935860,5195070,6926373,4288400,135588,1048809,269117,3600,WEST MILFORD TWP,PASSAIC,F. K-12 / 1801 - 3500,3,FG,,1,PASSAIC
31,5690,14274219,8686499,8102832,533336,50331,2199261,1547813,1706015,1453268,1674814,906086,0,0,50221,1090,WOODLAND PARK,PASSAIC,D. K-8 / 751 +,2,DE,,1,PASSAIC
33,60,4549755,2892034,2741493,80223,70318,531420,411462,601517,516909,460124,191410,22500,39632,20760,377,ALLOWAY TWP,SALEM,B. K-8 / 0 - 400,2,DE,,1,SALEM
33,1350,1602894,1085058,986719,70085,28254,173801,101695,214910,149147,122460,35287,6000,0,6660,127,ELSINBORO TWP,SALEM,B. K-8 / 0 - 400,2,DE,,1,SALEM
33,2800,2955990,1924784,1712673,133419,78692,287593,100875,338657,175473,357715,119685,4000,3038,32180,177,LOWER ALLOWAYS CREEK,SALEM,B. K-8 / 0 - 400,2,CD,,1,SALEM
33,2950,2327123,1518053,1388724,42199,87130,249935,178420,299758,180210,230749,131231,26000,138,9175,181,MANNINGTON TWP,SALEM,B. K-8 / 0 - 400,2,CD,,1,SALEM
33,3860,3409366,2100706,1917448,118440,64818,392295,357991,358637,306053,536882,174880,0,19338,64084,266,OLDMANS TWP,SALEM,B. K-8 / 0 - 400,2,CD,,1,SALEM
33,4070,29793253,18489335,17271667,505402,712266,3482923,3025493,3639448,2803913,3709366,2391510,0,455796,23753,2287,PENNS GRV-CARNEY'S PT REG,SALEM,F. K-12 / 1801 - 3500,3,A,,1,SALEM
33,4075,24425416,14038516,13182124,711831,144561,3752861,3320584,3343968,2859566,2693148,488102,17009,579914,305378,1695,PENNSVILLE,SALEM,E. K-12 / 0 - 1800,3,CD,,1,SALEM
33,4150,23400109,12722577,11249710,309806,1163061,4058952,3219939,3050409,2517999,2763393,740008,0,517949,75843,1668,PITTSGROVE TWP,SALEM,E. K-12 / 0 - 1800,3,CD,,1,SALEM
33,4280,4093891,2370721,2126403,150982,93336,549602,395969,543225,463915,600801,235918,0,28392,40931,357,QUINTON TWP,SALEM,B. K-8 / 0 - 400,2,A,,1,SALEM
33,4630,20359510,11175260,10584342,383048,207870,4044444,3247538,2132833,1651606,2502161,1234796,0,476050,20021,1159,SALEM CITY,SALEM,E. K-12 / 0 - 1800,3,A,1,1,SALEM
33,4635,7413784,4129347,3982475,51202,95670,1031866,999249,1562718,1392095,689852,184385,0,0,0,204,SALEM CO SPECIAL SERVICE,SALEM,I. CSSD,7,,,1,SALEM
33,4640,8357415,5154498,3089989,153745,1910764,1073825,939449,888902,693749,1217313,456850,0,22878,129594,812,SALEM COUNTY VOCATIONAL,SALEM,J. VOC,8,,,1,SALEM
33,5320,4613433,2937873,2864499,46443,26931,518674,384594,573152,267262,492045,232854,0,36684,87222,357,UPPER PITTSGROVE TWP,SALEM,B. K-8 / 0 - 400,2,CD,,1,SALEM
33,5910,21255585,12569092,12061216,310453,197423,2787905,2533598,2828454,2304004,2328092,1322867,93660,637087,0,1591,WOODSTOWN-PILESGROVE REG,SALEM,E. K-12 / 0 - 1800,3,FG,,1,SALEM
35,240,9980565,6201363,5773638,176765,250960,1686706,1331785,854883,748272,1064496,389071,0,157599,11540,543,BEDMINSTER TWP,SOMERSET,C. K-8 / 401 - 750,2,I,,1,SOMERSET
35,350,75706639,48739066,46271044,2189842,278180,12205243,11245797,6895289,6108382,6082121,262279,0,1784921,113705,5686,BERNARDS TWP,SOMERSET,G. K-12 / 3501 +,3,J,,1,SOMERSET
35,490,20745125,11142047,10428513,524614,188920,3367579,2992719,2694566,2169261,2781602,1409706,49481,653751,49736,1802,BOUND BROOK BORO,SOMERSET,F. K-12 / 1801 - 3500,3,B,,1,SOMERSET
35,510,24811656,15386213,14531050,636705,218458,3968629,3681099,2967863,2408521,2090242,675526,0,64690,341249,1557,BRANCHBURG TWP,SOMERSET,D. K-8 / 751 +,2,I,,1,SOMERSET
35,555,120648111,76956394,74109527,1916228,930639,16872495,16005054,12706762,11017004,11783422,2534530,0,2013937,577869,8451,BRIDGEWATER-RARITAN REG,SOMERSET,G. K-12 / 3501 +,3,I,,1,SOMERSET
35,1610,104284682,60041601,54246432,1286889,4508280,16846834,14108480,11405547,9633542,14088951,8496734,0,1644372,696470,7494,FRANKLIN TWP,SOMERSET,G. K-12 / 3501 +,3,GH,,1,SOMERSET
35,1810,13044911,7463110,7027334,397662,38114,2107410,1496973,1719223,1504659,1254080,621420,0,257990,56976,900,GREEN BROOK TWP,SOMERSET,D. K-8 / 751 +,2,GH,,1,SOMERSET
35,2170,98709576,62269602,61192185,812614,264803,16944389,13766972,9001308,7671570,8592909,4895126,0,1660177,206786,7230,HILLSBOROUGH TWP,SOMERSET,G. K-12 / 3501 +,3,I,,1,SOMERSET
35,3000,17486446,9394426,8971775,248471,174180,2746528,2441092,2197874,1714809,2539458,1480356,0,608161,0,1426,MANVILLE BORO,SOMERSET,E. K-12 / 0 - 1800,3,CD,,1,SOMERSET
35,3320,67081294,40168769,38262949,1714917,190903,10191455,9283982,7064106,6116265,7386497,3712692,0,1648999,328586,4757,MONTGOMERY TWP,SOMERSET,G. K-12 / 3501 +,3,J,,1,SOMERSET
35,3670,47467150,27664490,26371322,843308,449860,7940699,6864899,4394909,3869227,6340818,3893849,0,1052900,588782,3287,NORTH PLAINFIELD BORO,SOMERSET,F. K-12 / 1801 - 3500,3,DE,,1,SOMERSET
35,4810,13911247,6593125,5763008,457105,373012,1936316,1837581,2552463,2161148,2607589,971165,0,192133,0,493,SOMERSET CO VOCATIONAL,SOMERSET,J. VOC,8,,,1,SOMERSET
35,4815,30737555,17637163,16496041,927142,213980,5075786,4338366,3347226,2876517,3292895,1702266,0,1286693,91483,2038,SOMERSET HILLS REGIONAL,SOMERSET,F. K-12 / 1801 - 3500,3,I,,1,SOMERSET
35,4820,33045234,19989261,18947687,766138,275436,4577784,4155278,4208055,3355927,2980493,1296960,0,1184165,307455,2386,SOMERVILLE BORO,SOMERSET,F. K-12 / 1801 - 3500,3,FG,,1,SOMERSET
35,4850,5982223,3636765,3464135,99490,73140,962748,786879,708215,610737,645353,23769,0,28345,0,455,SOUTH BOUND BROOK,SOMERSET,C. K-8 / 401 - 750,2,B,,1,SOMERSET
35,5470,34758969,21527025,20615047,825119,86859,6217881,5376697,2992382,2612000,3660495,2351522,0,160015,413455,1834,WARREN TWP,SOMERSET,D. K-8 / 751 +,2,I,,1,SOMERSET
35,5540,10098958,6126979,5405617,335481,385881,1537654,1121678,1161075,1006624,1153749,634134,0,93312,85303,670,WATCHUNG BORO,SOMERSET,C. K-8 / 401 - 750,2,I,,1,SOMERSET
35,5550,31905699,18063059,16873655,643195,546209,4087777,3562043,3998128,3396536,4151405,1613116,0,1558862,60618,2197,WATCHUNG HILLS REGIONAL,SOMERSET,H. 7-12 / 9-12,5,I,,1,SOMERSET
37,90,9548849,5799536,5468704,176855,153977,1449840,707664,1016405,745887,1156309,598011,30895,95864,0,560,ANDOVER REG,SUSSEX,C. K-8 / 401 - 750,2,FG,,1,SUSSEX
37,640,12808639,7884407,7148169,729636,6602,1969137,1658929,1558469,1119394,1284106,610941,0,78796,75057,907,BYRAM TWP,SUSSEX,D. K-8 / 751 +,2,I,,1,SUSSEX
37,1560,9594850,6594829,6078572,485295,30962,967980,902270,970835,867683,944990,442610,0,88729,64788,540,FRANKFORD TWP,SUSSEX,C. K-8 / 401 - 750,2,FG,,1,SUSSEX
37,1570,7320327,4235498,4011828,191172,32498,1134336,1003599,872047,725413,973370,468006,0,91015,13881,470,FRANKLIN BORO,SUSSEX,C. K-8 / 401 - 750,2,CD,,1,SUSSEX
37,1630,4154091,2280181,1810377,285772,184032,627257,516178,640071,477096,562013,255737,0,30051,75956,246,FREDON TWP,SUSSEX,A. K-6,1,GH,,1,SUSSEX
37,1800,6486766,3969109,3907351,50642,11116,822171,704418,927066,766546,706093,314526,0,58029,10139,467,GREEN TWP,SUSSEX,C. K-8 / 401 - 750,2,I,,1,SUSSEX
37,1930,4625603,2726987,2583295,106157,37535,571181,539341,539089,385301,735069,294497,0,50568,24971,272,HAMBURG BORO,SUSSEX,B. K-8 / 0 - 400,2,DE,,1,SUSSEX
37,1980,5244541,3466603,3344606,105928,16069,567727,469938,642398,547732,535953,278824,0,31704,0,316,HAMPTON TWP,SUSSEX,A. K-6,1,GH,,1,SUSSEX
37,2030,9865846,6216269,5887828,270943,57498,1286247,1101035,1092226,925778,1183381,493874,0,87724,26548,746,HARDYSTON TWP,SUSSEX,C. K-8 / 401 - 750,2,FG,,1,SUSSEX
37,2165,19545506,11113244,10802506,232787,77951,3173115,2713253,1799454,1529223,2286291,1224664,0,1107526,200720,1000,HIGH POINT REGIONAL,SUSSEX,H. 7-12 / 9-12,5,DE,,1,SUSSEX
37,2240,30105965,16725041,15765245,747777,212019,4700521,4335954,3738472,3143932,3866609,1869618,257852,746757,452626,1672,HOPATCONG,SUSSEX,E. K-12 / 0 - 1800,3,FG,,1,SUSSEX
37,2465,17612187,11041785,10577907,349226,114652,1837946,1725919,1930465,1662194,1738691,939145,0,979765,193815,1072,KITTATINNY REGIONAL,SUSSEX,H. 7-12 / 9-12,4,FG,,1,SUSSEX
37,2490,3864508,2376306,2235815,115892,24599,531980,438869,510926,441948,396641,188794,0,45313,13996,249,LAFAYETTE TWP,SUSSEX,B. K-8 / 0 - 400,2,GH,,1,SUSSEX
37,2615,11871896,6305112,5948312,194990,161810,1821684,1575629,1481142,1210204,1467657,517692,13828,762409,114095,811,LENAPE VALLEY REGIONAL,SUSSEX,H. 7-12 / 9-12,5,GH,,1,SUSSEX
37,3300,4475730,2606353,2428689,98601,79063,759991,560090,560956,460749,523098,285126,0,4560,0,216,MONTAGUE TWP,SUSSEX,B. K-8 / 0 - 400,2,B,,1,SUSSEX
37,3590,23338113,13957947,13373538,498417,85992,3131960,2947455,2896892,2365403,2335625,1538887,0,967999,32253,1557,NEWTON TOWN,SUSSEX,E. K-12 / 0 - 1800,3,CD,,1,SUSSEX
37,3840,4392488,2511772,2434628,76593,551,653622,554368,610008,487750,547949,322379,0,69138,7200,274,OGDENSBURG BORO,SUSSEX,B. K-8 / 0 - 400,2,FG,,1,SUSSEX
37,4650,2692553,1672151,1499262,89031,83858,447613,192313,298064,254102,261435,83567,7662,4210,7364,143,SANDYSTON-WALPACK TWP,SUSSEX,A. K-6,1,FG,,1,SUSSEX
37,4960,50691195,29459479,28582236,685243,192000,8220351,7385741,5761769,4816691,5818371,2998715,0,1195994,401925,3306,SPARTA TWP,SUSSEX,F. K-12 / 1801 - 3500,3,I,,1,SUSSEX
37,5030,4730518,2563706,2376987,113707,73012,972213,804839,717289,402829,449211,196889,0,28100,12029,314,STANHOPE BORO,SUSSEX,B. K-8 / 0 - 400,2,GH,,1,SUSSEX
37,5040,5252458,3344482,3235399,108675,408,691494,654779,646705,508404,536297,252001,0,28881,52140,350,STILLWATER TWP,SUSSEX,A. K-6,1,FG,,1,SUSSEX
37,5100,18773845,11830500,11460441,306906,63153,2849931,2580583,2070647,1558849,1781966,1010922,0,115551,245120,1155,SUSSEX-WANTAGE REGIONAL,SUSSEX,D. K-8 / 751 +,2,DE,,1,SUSSEX
37,5110,12458724,6396009,5838630,502682,54697,1863572,1693028,1396290,1152649,2005802,992748,0,730294,16368,766,SUSSEX COUNTY VOCATIONAL,SUSSEX,J. VOC,8,,,1,SUSSEX
37,5360,58338710,32717847,30184540,1250704,1282603,11685387,10357501,5598532,4811181,7028104,3770661,0,1274780,194787,3316,VERNON TWP,SUSSEX,F. K-12 / 1801 - 3500,3,FG,,1,SUSSEX
37,5435,11321759,6424721,6053336,289293,82092,1635157,1385184,1228323,972680,1256951,642976,0,776607,80579,646,WALLKILL VALLEY REGIONAL,SUSSEX,H. 7-12 / 9-12,5,DE,,1,SUSSEX
39,310,40387842,24512129,23493686,413459,604984,6232414,6016974,4160509,3398874,3920569,2511383,0,1474792,89912,2666,BERKELEY HEIGHTS TWP,UNION,F. K-12 / 1801 - 3500,3,I,,1,UNION
39,850,28159085,17019360,16096624,502322,420414,4208320,3879264,3036117,2275211,2980287,938732,0,897883,78706,2336,CLARK TWP,UNION,F. K-12 / 1801 - 3500,3,FG,,1,UNION
39,980,53363498,32722923,31522657,870445,329821,8272338,7347381,5750691,5058539,5313288,3306837,0,1243235,35847,3857,CRANFORD TWP,UNION,G. K-12 / 3501 +,3,I,,1,UNION
39,1320,414078853,246301162,233428654,7588400,5284108,64630263,58745684,40849503,27274982,57008868,33764783,0,3829692,411902,25674,ELIZABETH CITY,UNION,G. K-12 / 3501 +,3,A,1,1,UNION
39,1710,4296954,2466514,2328772,128374,9368,561259,514795,583605,452833,634762,327614,0,48575,19469,373,GARWOOD BORO,UNION,B. K-8 / 0 - 400,2,DE,,1,UNION
39,2190,43668644,24755034,23865397,656137,233500,6999332,6377792,5132196,4374215,5965326,3665558,0,741756,201819,3084,HILLSIDE TWP,UNION,F. K-12 / 1801 - 3500,3,CD,,1,UNION
39,2420,19111134,12227747,11682311,404641,140795,2529718,2314522,2038888,1538887,1615122,561385,0,668819,0,1414,KENILWORTH BORO,UNION,E. K-12 / 0 - 1800,3,DE,,1,UNION
39,2660,88853787,53522459,51075173,1522592,924694,12330807,11001386,10145938,8165770,11635243,6347903,0,1185075,343198,6010,LINDEN CITY,UNION,G. K-12 / 3501 +,3,B,,1,UNION
39,3470,9072751,5513954,5307267,193829,12858,1288559,1019046,1075276,849465,1098370,558926,0,96592,3393,741,MOUNTAINSIDE BORO,UNION,C. K-8 / 401 - 750,2,I,,1,UNION
39,3560,31283205,18840660,17866321,726752,247587,4518914,4147679,3773650,3028337,2877042,1963054,0,1195295,272054,2342,NEW PROVIDENCE BORO,UNION,F. K-12 / 1801 - 3500,3,I,,1,UNION
39,4160,115696072,62433727,57992910,3410914,1029903,19417144,17165027,13177050,10187924,18936620,10698090,0,1084635,686885,7546,PLAINFIELD CITY,UNION,G. K-12 / 3501 +,3,B,1,1,UNION
39,4290,52995594,32351049,31160894,704642,485513,8736995,7483154,5014761,4110036,5624139,3264429,0,1178802,54540,3749,RAHWAY CITY,UNION,G. K-12 / 3501 +,3,CD,,1,UNION
39,4540,41710214,25681309,24273810,811451,596048,6318814,4337820,4551502,3936938,4625830,1777098,0,530087,113599,2757,ROSELLE BORO,UNION,F. K-12 / 1801 - 3500,3,B,,1,UNION
39,4550,28718905,17215878,16441837,326921,447120,4496110,4259929,3022998,2571424,3080094,1666051,0,715825,0,1982,ROSELLE PARK BORO,UNION,F. K-12 / 1801 - 3500,3,DE,,1,UNION
39,4670,67650513,40077394,38527060,976156,574178,10412875,8467249,6001512,5146391,9572695,5785197,0,1467392,348599,5427,SCOTCH PLAINS-FANWOOD REG,UNION,G. K-12 / 3501 +,3,I,,1,UNION
39,5000,30837276,17919677,17303029,540773,75875,4335111,3587715,3009338,2338189,4448162,1963360,0,901327,219537,2293,SPRINGFIELD TWP,UNION,F. K-12 / 1801 - 3500,3,GH,,1,UNION
39,5090,59049367,37964975,36350750,1319125,295100,7353357,6798417,6481339,5695523,5693342,3606628,0,1541873,547191,4062,SUMMIT CITY,UNION,G. K-12 / 3501 +,3,I,,1,UNION
39,5260,20237215,12132652,10602093,868180,662379,1223009,1145075,2547819,2194186,3770616,604015,0,309198,0,1713,UNION COUNTY VOCATIONAL,UNION,J. VOC,8,,,1,UNION
39,5290,100177139,61972788,59699062,1842805,430921,15909330,15073654,9573040,7775181,11041393,7648722,0,1220449,775868,7506,UNION TWP,UNION,G. K-12 / 3501 +,3,DE,,1,UNION
39,5730,84044265,51619412,49092772,1692344,834296,14572105,13225517,8873959,7389376,6989470,4740922,0,1989320,148217,6256,WESTFIELD TOWN,UNION,G. K-12 / 3501 +,3,I,,1,UNION
39,5810,2393492,1425624,1360161,32548,32915,362873,250681,337533,301975,237684,115813,10600,19178,10000,154,WINFIELD TWP,UNION,B. K-8 / 0 - 400,2,B,,1,UNION
41,30,5435638,2886837,2768671,55646,62520,885199,838957,684740,529028,802464,340583,0,83964,0,428,ALLAMUCHY TWP,WARREN,C. K-8 / 401 - 750,2,I,,1,WARREN
41,70,3213944,2126193,2043791,39155,43247,425983,241335,386454,240271,268985,175144,0,6329,0,222,ALPHA BORO,WARREN,B. K-8 / 0 - 400,2,B,,1,WARREN
41,280,10768240,6163711,5776845,382829,4037,1378834,1145434,1475556,1272033,1309760,573468,0,440379,207581,772,BELVIDERE TOWN,WARREN,E. K-12 / 0 - 1800,3,DE,,1,WARREN
41,400,7269472,4396335,4059190,285633,51512,1366687,1180228,714509,570735,733891,209858,0,41829,231116,541,BLAIRSTOWN TWP,WARREN,A. K-6,1,FG,,1,WARREN
41,1620,4259350,2539933,2359158,159337,21438,853869,686877,445087,386839,393444,208207,0,23418,21058,231,FRANKLIN TWP,WARREN,A. K-6,1,DE,,1,WARREN
41,1670,2234434,1407888,1279568,73107,55213,237532,157313,330230,294803,257784,74681,1000,0,36000,152,FRELINGHUYSEN TWP,WARREN,A. K-6,1,GH,,1,WARREN
41,1785,11032612,6971134,6583932,290713,96489,1454855,966466,1296290,1011726,1294562,632684,0,15771,26109,755,GREAT MEADOWS REGIONAL,WARREN,C. K-8 / 401 - 750,2,GH,,1,WARREN
41,1840,8267314,5429897,5204774,87578,137545,1259689,1028821,819743,668670,750061,307133,0,0,0,812,GREENWICH TWP,WARREN,C. K-8 / 401 - 750,2,I,,1,WARREN
41,1870,25168730,14482489,13381733,566803,533953,4365634,3801823,2665106,2103375,2614425,1223603,0,1041077,34105,1899,HACKETTSTOWN,WARREN,F. K-12 / 1801 - 3500,3,DE,,1,WARREN
41,2040,4117702,2571041,2385667,126123,59251,613634,485146,470430,326233,444122,178055,0,17604,0,250,HARMONY TWP,WARREN,B. K-8 / 0 - 400,2,DE,,1,WARREN
41,2250,2707275,1451997,1385725,36591,29681,447914,300783,371844,305027,404483,191644,7000,22829,0,170,HOPE TWP,WARREN,B. K-8 / 0 - 400,2,FG,,1,WARREN
41,2470,3665760,2456971,2316270,84195,56506,382098,333635,458711,393135,352031,161967,0,9978,17725,217,KNOWLTON TWP,WARREN,A. K-6,1,FG,,1,WARREN
41,2790,10461291,7036466,6686326,199686,150454,1114959,986271,1106189,875108,1152867,727487,0,49578,0,829,LOPATCONG TWP,WARREN,D. K-8 / 751 +,2,DE,,1,WARREN
41,2970,7935607,5508652,5237776,220301,50575,1041431,1025262,759970,632369,623724,341631,0,0,52493,706,MANSFIELD TWP,WARREN,A. K-6,1,FG,,1,WARREN
41,3675,13901872,7736365,7338269,169604,228492,2000572,1589786,1911625,1654412,1365782,573784,0,887005,0,917,NORTH WARREN REGIONAL,WARREN,H. 7-12 / 9-12,4,FG,,1,WARREN
41,3890,4167926,2485970,2391967,22805,71198,737046,529325,572170,533094,352379,152922,0,15434,9428,308,OXFORD TWP,WARREN,B. K-8 / 0 - 400,2,DE,,1,WARREN
41,4100,59304907,35599692,34063892,668035,867765,9325269,8366576,6139565,4618624,6641083,3250079,0,1444295,123320,3707,PHILLIPSBURG TOWN,WARREN,G. K-12 / 3501 +,3,B,1,1,WARREN
41,4200,4571124,2900101,2663114,135410,101577,612556,501903,481550,418633,565728,255940,0,10711,77499,319,POHATCONG TWP,WARREN,B. K-8 / 0 - 400,2,DE,,1,WARREN
41,5450,1506382,947467,782516,13114,151837,246764,0,234585,137853,77566,0,0,0,0,29,WARREN CO SPECIAL SERVICE,WARREN,I. CSSD,7,,,1,WARREN
41,5460,7516821,4183765,3981268,190046,12451,715488,671503,1370762,968844,1051208,568462,0,193593,0,480,WARREN COUNTY VOCATIONAL,WARREN,J. VOC,8,,,1,WARREN
41,5465,27807165,15630551,14050303,1094527,485721,4346966,3469552,3160366,2464624,3174139,1674474,0,1471580,286984,1872,WARREN HILLS REGIONAL,WARREN,H. 7-12 / 9-12,4,FG,,1,WARREN
41,5480,6939435,4565722,4305572,143567,116583,1186112,962072,553004,410479,634597,343361,0,0,0,566,WASHINGTON BORO,WARREN,A. K-6,1,DE,,1,WARREN
41,5530,7879630,4663577,4430112,124080,109385,1507641,1348546,932118,792302,731058,304522,0,19847,57916,519,WASHINGTON TWP,WARREN,A. K-6,1,GH,,1,WARREN
41,5780,4978522,3017217,2867672,129172,20373,975365,691942,523181,264118,435490,224836,0,947,4499,318,WHITE TWP,WARREN,B. K-8 / 0 - 400,2,DE,,1,WARREN
