CONAME,DISTNAME,DIST,GENERAL_CURR_EXP,L76400,GRANTS_ENTITLE,L92180,DEBT_SERVICE,SDA_DEBT_SERVICE,EXP22,TOTENR2A,PP22
Atlantic,Absecon City,10,18980.298478,578.73758023,3083.9525295,856.60705945,419.85226021,175.74067227,23213438.54,963.40555556,24095
Atlantic,Atlantic City,110,26494.534404,1009.9945311,3360.2128989,968.329493,788.8502321,75.148747722,210251426.24,6430.2833333,32697
Atlantic,Atlantic Co Vocational,120,18539.841083,801.00788807,2035.0506448,454.79207533,2004.9713789,16.527525419,41275288.24,1730.4611111,23852
Atlantic,Atlantic Co Special Serv,125,61730.613329,737.3147867,691.85706695,1244.5229239,540.04098983,3381.3414339,20002725.49,292.75555556,68326
Atlantic,Brigantine City,570,38964.487987,3016.2204946,7125.7065466,482.26263763,1212.7906568,459.96702431,24286813.71,473.78333333,51261
Atlantic,Buena Regional,590,24195.539414,598.42070876,3285.3252162,637.82599518,750.46086115,1222.3482154,50887809.53,1658.1277778,30690
Atlantic,Corbin City,960,18068.920635,0,0,0,0,0,1138342,63,18069
Atlantic,Egg Harbor City,1300,18975.49992,564.4296195,4073.3477002,789.14838794,1010.209038,2525.5134202,16565304.06,592.92777778,27938
Atlantic,Egg Harbor Twp,1310,22711.37719,794.86647537,2963.2798058,509.47415563,1184.6907603,737.61762115,214753723.3,7430.5888889,28901
Atlantic,Estell Manor City,1410,22083.557267,512.021078,2922.1342659,502.57000402,501.87669841,744.56862402,6410559.22,235.10555556,27267
Atlantic,Folsom Boro,1540,21542.782669,148.02363299,891.46200185,614.57831325,495.3660797,665.61529194,10512838.56,431.6,24358
Atlantic,Galloway Twp,1690,23547.572058,327.62372104,2694.6671491,755.40935357,60.455780491,136.93179644,87901565.25,3193.7888889,27523
Atlantic,Greater Egg Harbor Reg,1790,27098.658242,271.53937909,1306.0450047,520.06318708,1588.4889906,1502.4755537,100151883.92,3101.9,32287
Atlantic,Hamilton Twp,1940,19987.348683,123.10584335,2743.5013016,674.89126163,685.5462211,277.54804333,69936194.27,2855.4777778,24492
Atlantic,Hammonton Town,1960,18909.294947,692.89719534,1869.5890964,528.66224983,682.56032132,364.66672901,78040180.7,3386.0333333,23048
Atlantic,Linwood City,2680,21690.440465,483.23175948,922.32488676,108.89960876,284.06206616,154.16138885,18733494.92,792.34444444,23643
Atlantic,Longport,2780,22457.698413,0,0,0,0,0,1414835,63,22458
Atlantic,Mainland Regional,2910,26775.816272,400.78996038,2072.9790934,427.96666375,2720.9761047,0,39026007,1204.5611111,32399
Atlantic,Margate City,3020,36376.379015,624.78329371,754.94223008,283.39875062,3540.3387418,1772.4004892,17426638.11,401.97777778,43352
Atlantic,Mullica Twp,3480,21435.778631,1645.9030675,2962.0687959,556.03470533,1025.2727161,682.54593802,17908176.52,632.62777778,28308
Atlantic,Northfield City,3720,19970.030285,65.057398341,4119.6296341,398.33610649,707.92731539,162.69932367,23598542.32,928.21111111,25424
Atlantic,Pleasantville City,4180,23122.952554,472.16053445,4252.6436073,687.90314347,542.65517435,231.70911143,110366244.51,3765.4777778,29310
Atlantic,Port Republic City,4240,21673.699933,107.43037571,1295.5632029,0,0,0,3613682,156.59444444,23077
Atlantic,Somers Point City,4800,25712.109575,1041.0198296,3128.2448835,646.07345092,1249.3556255,314.30058888,25219150.61,785.86111111,32091
Atlantic,Ventnor City,5350,30668.813508,86.355569016,4447.9203453,554.8148709,327.09926554,772.22017112,27042964.1,733.72222222,36857
Atlantic,Weymouth Twp,5760,22569.678072,45.608569742,2535.3293784,592.1674586,571.19014817,107.29623527,5220696.14,197.59444444,26421
Atlantic,Atlantic Community Charter School,6060,21740.270866,0,5437.511811,0,0,0,8628946,317.5,27178
Atlantic,Principle Academy Charter School,6104,18302.639811,0,2659.3357617,989.27148061,0,0,10244647,466.7,21951
Atlantic,Charter~tech High School,7410,22779.19136,169.60952645,4737.4549986,870.05815564,0,0,10311685,361.1,28556
Bergen,Allendale Boro,40,22350.805921,59.830392163,411.36624338,284.38134692,486.89650396,372.39421545,21147977,882.42777778,23966
Bergen,Alpine Boro,80,33641.060818,1825.9582476,1420.1708905,0,0,232.65126091,7873713.06,212.1160221,37120
Bergen,Bergen Co Special Service,285,100244.43952,5547.7810244,4428.8624979,828.12433296,2618.7848505,346.1517398,65907215.43,578.06174863,114014
Bergen,Bergen County Vocational Technical,290,32177.696893,1292.6263645,2992.9806361,519.07020509,1893.396914,226.55090649,99464434.59,2543.6963768,39102
Bergen,Bergenfield Boro,300,22147.117851,800.65572008,1034.2580139,642.99177886,0,122.63530924,92063352.57,3720.0833333,24748
Bergen,Bogota Boro,440,21482.28711,1110.3096864,3580.3720959,531.89961492,411.92222447,314.67195921,36719816.58,1338.6022099,27431
Bergen,Carlstadt Boro,740,26017.754307,1180.6297123,1297.3688977,742.4346068,2944.661556,722.72274546,17360248.46,527.57777778,32906
Bergen,Carlstadt-East Rutherford,745,27332.79763,511.78991281,1203.5978474,1400.0652455,0,1242.1624663,21101413.68,665.86111111,31690
Bergen,Cliffside Park Boro,890,20220.509598,476.47438067,1576.8514462,626.61803653,0,22.314150321,69257469.63,3021.339779,22923
Bergen,Closter Boro,930,22101.346362,908.00405297,922.78460983,4.2697720901,240.70871388,187.73281792,29256495.31,1200.7666667,24365
Bergen,Cresskill Boro,990,23778.116794,543.60123785,763.79595787,10.246679317,1192.9117583,579.85207519,46884381.1,1744.9555556,26869
Bergen,Demarest Boro,1070,25351.685128,2583.7234092,958.83904157,324.58034018,866.61723131,275.01458961,21836254.66,719.23333333,30360
Bergen,Dumont Boro,1130,22085.262801,230.13486937,658.50926828,256.200118,620.30973164,406.95031595,62011345.64,2556.3922652,24257
Bergen,East Rutherford Boro,1230,27864.222227,1362.108449,1673.4516413,717.44816254,925.44450612,418.52205677,24468255.64,742.33516484,32961
Bergen,Edgewater Boro,1270,22366.481854,39.467731814,641.50400117,270.45471827,1577.1163157,165.84497071,30394797.23,1212.8388889,25061
Bergen,Elmwood Park,1345,18860.644466,969.60944874,1026.6793967,611.25406369,1041.0880641,434.20812563,58341709.72,2542.8444444,22943
Bergen,Emerson Boro,1360,25061.579166,680.22217101,819.83590689,630.1110855,838.48813091,27.092196359,30435187.26,1084.75,28057
Bergen,Englewood City,1370,26995.262382,567.65392422,4083.3165152,814.67078934,622.49980009,477.50777227,97928128.54,2917.9222222,33561
Bergen,Englewood Cliffs Boro,1380,35656.100481,1031.7029378,738.87695396,0.9831518764,750.80834499,129.76761754,17495160.15,456.69444444,38308
Bergen,Fair Lawn Public Schools,1450,23000.030284,331.30545835,858.41037349,871.67819907,695.77240985,198.7457115,139897482.74,5389.8055556,25956
Bergen,Fairview Boro,1470,15391.078245,0,1396.5306279,253.12456746,0,9.8531930055,36955630.92,2167.4111111,17051
Bergen,Fort Lee Boro,1550,21029.643701,779.93001989,1146.9492595,518.71349657,1033.8023758,224.52303047,100828054.47,4076.568306,24734
Bergen,Franklin Lakes Boro,1580,31503.660259,871.88209599,834.33055299,31.255389656,565.64553482,311.23734725,40267593.15,1180.2444444,34118
Bergen,Garfield City,1700,23548.737112,142.65747179,3355.2567897,879.23637678,0,2076.7805469,139727926.75,4657.1833333,30003
Bergen,Glen Rock Boro,1760,23222.189778,1532.9945258,1073.2984664,245.24947372,1640.1433849,64.422357651,72213196.06,2599.6263736,27778
Bergen,Hackensack City,1860,24711.958167,972.45709122,1813.5751158,697.37444156,75.681985826,72.808203436,155084977.32,5471.5555556,28344
Bergen,Harrington Park Boro,2050,25838.601693,135.58002811,681.77984985,25.630763429,451.11532001,372.97401015,17830405.33,648.24444444,27506
Bergen,Hasbrouck Heights Boro,2080,23542.702916,366.54826383,632.7082646,408.14974488,515.28575226,202.06828331,44520357.56,1734.5055556,25667
Bergen,Haworth Boro,2090,27774.592469,5036.2619134,446.44706005,0,0,186.25317431,14269993.16,426.68888889,33444
Bergen,Hillsdale Boro,2180,26159.973244,504.79958244,944.18044168,357.67130507,424.236589,207.89564909,31353452.62,1096.3222222,28599
Bergen,Ho Ho Kus Boro,2200,21587.017401,78.220334051,730.61979864,4.7232730024,824.97584822,372.48131293,20274254.32,859.15,23598
Bergen,Leonia Boro,2620,20461.906909,1233.4006324,775.19078178,358.63169973,1193.9851182,221.48244173,51889466.49,2140.2486188,24245
Bergen,Little Ferry Boro,2710,23743.848013,1339.246869,1296.5180452,313.08052177,0,7.6829024462,29646169.54,1110.3277778,26700
Bergen,Lodi Borough,2740,21956.709692,1112.0418532,2676.5421522,520.52290095,72.139167485,97.231626954,83275099.29,3150.1611111,26435
Bergen,Lyndhurst Twp,2860,22508.035353,687.45269472,1668.3031803,654.16098202,384.41313319,104.67431597,63689361.84,2448.9277778,26007
Bergen,Mahwah Twp,2900,30048.84547,487.19959272,960.41528176,458.22492128,529.95427788,338.37203213,91277893.71,2780.9116022,32823
Bergen,Maywood Boro,3060,20355.496951,133.3862669,819.81187661,307.88716262,644.91594925,432.91460133,27518362.41,1212.5611111,22694
Bergen,Midland Park Boro,3170,31155.634805,466.58723075,1053.4533843,614.65578766,1064.5268439,580.04635793,30819553.58,882.19945355,34935
Bergen,Montvale Boro,3330,22628.510472,38.264775196,533.45518608,7.9178569988,616.10251165,332.40531993,23162496.28,958.84530387,24157
Bergen,Moonachie Boro,3350,21715.310028,1992.5553433,2495.4651885,670.51481876,0,25.53025278,12751947.9,474.06111111,26899
Bergen,New Milford Boro,3550,23273.016998,435.67488225,838.17872,488.15459087,0,245.52200746,51807104.13,2049.2872928,25281
Bergen,North Arlington Boro,3600,18508.87654,1650.147212,1297.5730313,0,172.76524128,53.974094435,42445009.99,1957.4944444,21683
Bergen,Northern Highlands Reg,3700,26677.578047,1571.7778541,1299.2805027,769.47323456,1166.1151958,241.57306691,42386892.96,1336.038674,31726
Bergen,Northern Valley Regional,3710,30719.923441,1071.5415299,1235.4828471,437.66770497,1129.4776185,316.86752913,82312032.91,2357.7704918,34911
Bergen,Northvale Boro,3730,24053.028834,83.826054789,471.05240952,15.727564487,589.03719256,373.44018806,14138800.81,552.59668508,25586
Bergen,Norwood Boro,3740,21610.184336,762.99374527,743.83704645,17.160230703,630.72734074,195.30218437,15301652.4,638.62777778,23960
Bergen,Oakland Boro,3760,29546.603752,659.99539023,584.93911262,455.398425,261.45924835,59.717820603,41088530.72,1301.5833333,31568
Bergen,Old Tappan Boro,3850,23266.326982,1941.7993035,559.69239003,0,0,16.222951126,18795149.64,728.94505495,25784
Bergen,Oradell Boro,3870,19799.067008,94.799225629,577.93667645,12.532317492,606.13251733,374.35554862,17185810.77,800.65,21465
Bergen,Palisades Park,3910,17672.503202,316.27336583,1518.5596508,529.01807342,0,72.538583753,36803072.31,1830.1888889,20109
Bergen,Paramus Boro,3930,26695.13004,1116.5089566,1228.6473754,446.79437019,389.84577914,418.31672438,111947284.12,3695.2099448,30295
Bergen,Park Ridge Boro,3940,30649.130833,1167.8403182,1254.4500115,237.43511574,817.42311977,91.090523629,42152187.91,1231.8944444,34217
Bergen,Pascack Valley Regional,3960,34108.018062,2207.0200397,1298.7561035,463.56079012,1079.2361998,692.21115545,74485997.8,1869.2154696,39849
Bergen,Ramapo-Indian Hill Reg,4300,30611.119842,1257.8812632,815.77198267,719.53214755,738.360505,1060.7651187,74868505.43,2126.7388889,35203
Bergen,Ramsey Boro,4310,28474.511921,1671.0854225,1262.1771075,330.00397034,1576.1516834,263.72218483,86928138.15,2588.8688525,33578
Bergen,Ridgefield Boro,4370,28837.124813,1201.1123659,1202.611734,538.43691035,594.55265701,72.021002623,50918188.56,1569.3277778,32446
Bergen,Ridgefield Park Twp,4380,24266.752378,3773.0387269,1543.9557772,512.62779016,0,4.5340078681,62953876.55,2091.4277778,30101
Bergen,Ridgewood Village,4390,22770.605504,241.4367808,502.64215851,439.16363126,557.86977298,180.86696159,138921573.52,5626.0441989,24693
Bergen,River Dell Regional,4405,25790.005486,359.05482472,889.62791227,294.11904737,851.6513657,394.43603921,46020117.78,1610.2833333,28579
Bergen,River Edge Boro,4410,20134.434716,225.74831327,990.4833166,8.3271333399,1172.6686375,120.73566811,26691697.85,1178.3166667,22652
Bergen,River Vale Twp,4430,26637.000667,6692.38674,687.41144384,14.510536307,1214.2264293,581.58881936,37122047.56,1036.1436464,35827
Bergen,Rochelle Park Twp,4470,23462.751357,89.074625372,582.93948415,460.44179821,714.22410127,205.27617642,16998323.41,666.21666667,25515
Bergen,Rockleigh,4500,25806.48,0,0,0,0,0,645162,25,25806
Bergen,Rutherford Boro,4600,19869.243672,341.670145,695.30495516,41.673151429,1470.1608985,321.45134697,56463588.48,2483.0615505,22740
Bergen,Saddle Brook Twp,4610,24177.918831,232.02831575,1455.7647317,559.41964861,1156.3185586,339.52028837,48224220.75,1727.1685083,27921
Bergen,Saddle River Boro,4620,29703.285437,963.36007358,1883.8919878,8.8340067672,1678.5187083,122.64928879,11369230.25,330.88043478,34361
Bergen,South Hackensack Twp,4870,27689.667373,1107.569001,890.17315216,410.67140511,1580.8971181,500.61597372,11712322.89,363.9673913,32180
Bergen,Teaneck Twp,5150,30736.451177,196.60254733,2918.8907389,2039.6768124,191.14273552,244.82187821,136259757.05,3750.8618785,36328
Bergen,Tenafly Boro,5160,25141.226655,774.22699555,875.7040016,207.19047863,801.30942106,156.46495318,99868122.36,3572.3166667,27956
Bergen,Upper Saddle River Boro,5330,25686.524686,644.12206706,432.30561859,2.1368598023,256.70726746,9.7634112509,30638621.23,1133.4388889,27032
Bergen,Waldwick Boro,5410,23002.349661,667.54077599,1005.3992896,197.59655342,409.83327952,199.37662174,41192088.5,1616.510989,25482
Bergen,Wallington Boro,5430,20574.077415,483.25561474,1453.0296865,216.50721418,368.88508178,285.70388414,29115372,1245.2333333,23381
Bergen,Westwood Regional,5755,23928.762393,365.33278074,824.72284948,473.1823514,631.14758547,97.310110578,73683177.16,2799.4640884,26320
Bergen,Wood-Ridge Boro,5830,20904.806868,28.943209964,1015.2223396,521.14876202,824.3321822,482.14008238,29758520.17,1251.5888889,23777
Bergen,Woodcliff Lake Boro,5880,25327.679427,304.78932037,896.0157809,207.27848246,850.55164346,538.32988967,20435835.47,726.61666667,28125
Bergen,Wyckoff Twp,5920,23993.557745,794.83726994,710.96052719,257.73459422,766.74545394,383.65521609,54124716.73,2011.5111111,26907
Bergen,Bergen Arts And Sciences Charter Sc,6013,15825.605366,195.4603783,1839.9850012,745.83118073,0,0,22330119,1200.1,18607
Bergen,Englewood On The Palisades Charter,6430,18941.257639,96.780315214,1531.119331,892.81119331,0,0,6672526,310.9,21462
Bergen,Teaneck Community Cs,7890,20720.263535,329.51303351,939.89974219,948.06359209,0,0,8007565,349.1,22938
Burlington,Bass River Twp,200,23121.217949,0,0,0,0,0,1803455,78,23121
Burlington,Beverly City,380,20762.631189,582.1271117,5165.9225157,702.33077133,194.75010729,263.24983028,11820594.94,427.18333333,27671
Burlington,Bordentown Regional,475,23395.220635,507.23127903,1034.3052592,488.02254299,1454.7000377,398.96050408,60368703.76,2213.0555556,27278
Burlington,Burlington City,600,23352.36648,356.29567783,4437.0537976,787.63463305,110.7400295,5762.1065041,62531073.44,1796.55,34806
Burlington,Burlington Co Spec Serv,605,88080.580055,572.59783901,409.1843044,1712.3534095,820.67139534,95.480066174,49266012.27,537.30555556,91691
Burlington,Burlington Co Vocational,610,21515.126028,518.29140419,1717.1085302,551.13764978,1269.0521271,781.08998743,54870169.08,2082.2166667,26352
Burlington,Burlington Twp,620,22109.200829,338.62218268,1318.8100502,498.58952602,828.45990845,479.77654041,92927983,3633.7666667,25573
Burlington,Chesterfield Twp,830,21858.002517,30.272701846,442.48042141,450.26431102,3221.9205668,0.4467555473,18594155.46,715.06666667,26003
Burlington,Cinnaminson Twp,840,21573.251718,164.14857537,904.76340751,386.75589894,989.39913307,1.2551898,66218362.37,2756.85,24020
Burlington,Delanco Twp,1030,22008.9706,175.29771274,1555.3444431,545.81466844,1108.4160276,602.64021025,12828905.62,493.48618785,25996
Burlington,Delran Twp,1060,21181.297467,896.18304758,1189.6806251,505.26401826,803.88996111,75.988492367,71884610.8,2915.9388889,24652
Burlington,Eastampton Twp,1250,20938.778057,198.8165044,1581.9397296,528.69181006,1335.1353968,1788.0453972,14627753.17,554.68232044,26371
Burlington,Edgewater Park Twp,1280,20613.327477,157.29034748,1890.3852579,561.56256189,920.85419914,58.856032255,26479037.75,1094.0722222,24202
Burlington,Evesham Twp,1420,21075.665098,104.50113816,951.10930854,400.4700911,0,35.795786797,98920555.07,4383.3111111,22568
Burlington,Florence Twp,1520,20647.87651,499.49352074,1448.8400925,590.38839842,1378.7110074,491.63123408,38962568.45,1554.9611111,25057
Burlington,Hainesport Twp,1910,21405.229281,125.79351427,1026.1880843,423.02503662,966.60801526,531.71983368,13834604.28,565.17222222,24479
Burlington,Lenape Regional,2610,26331.992151,520.97228275,1008.007052,413.46125785,1103.5475397,457.2104599,199692401.43,6693.1833333,29835
Burlington,Lumberton Twp,2850,22390.627051,971.69632061,1726.3162895,706.10640871,908.79944723,470.80168423,31462459.19,1157.8,27174
Burlington,Mansfield Twp,2960,26381.179908,101.33634907,676.79012346,450.81707662,2314.7676939,890.40299689,16349054.31,530.55,30815
Burlington,Maple Shade Twp,3010,21355.431758,290.18355514,2467.6810305,607.38805401,1543.6833044,330.34243861,63935308.41,2404.0611111,26595
Burlington,Medford Lakes Boro,3070,20134.711625,110.98752634,464.80332631,18.007176625,1312.8507148,392.21344877,10940729.32,487.69444444,22434
Burlington,Medford Twp,3080,23593.116565,611.58313262,565.40199564,443.79630692,847.19195626,367.21681385,69128522.02,2615.7,26428
Burlington,Moorestown Twp,3360,23809.219224,381.61639029,903.62160385,475.10394546,1303.2748434,532.18450169,106407486.87,3882.7734807,27405
Burlington,Mount Holly Twp,3430,21757.989505,1122.351564,3096.7751037,550.12731302,465.17115972,1115.9902212,31216101.34,1110.5611111,28108
Burlington,Mount Laurel Twp,3440,21024.632197,156.79552872,673.29196497,296.79656227,780.66949964,213.18500801,97041210.23,4192.6833333,23145
Burlington,New Hanover Twp,3540,25545.108948,53.685674548,1383.2313398,703.52804822,0,1182.569541,6226854.25,215.7,28868
Burlington,North Hanover Twp,3650,21189.761936,4444.477711,3961.3469143,758.65981093,0,0,39618531,1305.2055556,30354
Burlington,Northern Burlington Reg,3690,21297.955688,1166.6772292,991.56028549,467.10628608,1577.76867,424.54022599,56544039.95,2181.0111111,25926
Burlington,Palmyra Boro,3920,21296.984175,13.272235577,1433.9633413,647.96875,674.70452724,19.753936298,24048108.33,998.4,24087
Burlington,Pemberton Twp,4050,26565.353223,975.68419776,3709.9876736,622.38005701,0,2330.947371,142597755.64,4168.9944444,34204
Burlington,Rancocas Valley Regional,4320,21458.937986,63.172675321,1432.5359392,400.09170103,1295.2109681,0,51640959,2094.9722222,24650
Burlington,Riverside Twp,4450,19830.471283,410.21574509,2404.9061591,569.26456613,508.66543921,560.70533201,36344316.06,1496.6222222,24284
Burlington,Riverton,4460,20500.887709,241.69322921,1266.9221321,230.28918038,0,248.82741982,8238955.69,366.36111111,22489
Burlington,Shamong Twp,4740,23443.122734,440.98569157,1314.2532591,471.93767886,261.42782194,483.25950715,18461140.7,698.88888889,26415
Burlington,Southampton Township School Distric,4930,23783.90532,162.70057041,857.01869638,427.934646,853.19263636,760.72900964,18614726.48,693.40260896,26845
Burlington,Springfield Twp,5010,19256.40604,39.657014851,1323.7298598,506.04579773,1085.0969883,898.94544927,6055291.25,262.02173913,23110
Burlington,Tabernacle Twp,5130,21548.018806,347.91298458,1006.7148492,498.78481214,1052.4854377,495.8140914,17394813.83,697.19444444,24950
Burlington,Washington Twp,5490,24762.151515,285.45454545,0,0,0,1950.7425758,1781891.01,66,26998
Burlington,Westampton,5720,20551.511778,47.342113193,614.26059521,846.76391868,536.00864988,310.71952426,21538700.39,940.28333333,22907
Burlington,Willingboro Twp,5805,22098.306141,225.49227256,1789.2431821,822.13128184,474.32503307,1039.0249429,96319789.72,3641.7833333,26449
Burlington,Woodland Twp,5890,33354.46838,0,1993.3795457,11.603924496,0,0,3684062,104.18888889,35359
Burlington,Riverbank Charter School Of Excelle,6026,14410.239948,6702.9507134,1302.846952,225.9079118,0,0,3491388,154.2,22642
Burlington,Benjamin Banneker Prep Cs,6076,19635.250779,2002.6693114,2394.1513177,0,0,0,8480918,352.9,24032
Camden,Audubon Public School Disrict,150,21691.879759,115.85262951,1029.1860636,477.39115774,646.286781,470.55084918,34785705.59,1423.8261203,24431
Camden,Barrington Boro,190,22073.426025,681.02524293,1069.8832809,365.93479255,560.41808176,398.22641428,20157972.17,801.54444444,25149
Camden,Bellmawr Boro,260,19090.906997,139.09746444,2988.8549428,647.57943723,194.90536618,143.16222515,26870173.88,1157.9722222,23205
Camden,Berlin Boro,330,17761.589878,1174.8969037,1166.2000512,337.37000175,659.99111123,302.23329921,17657119.83,825.01111111,21402
Camden,Berlin Twp,340,23055.488957,135.33129194,1172.9480748,323.66668838,400.28666363,307.99351098,19489941.62,767.45,25396
Camden,Black Horse Pike Regional,390,24503.421019,863.41667165,1337.7423369,372.41387131,0,90.808942831,95830198.42,3527.3444444,27168
Camden,Brooklawn Boro,580,19128.47181,74.477002967,3035.9365727,615.68156528,408.76669139,482.70945846,8535910.96,359.46666667,23746
Camden,Camden City,680,23273.7709,18.839748775,13087.083409,1341.2223914,0,5830.7344973,305108349.31,7005.6666667,43552
Camden,Camden County Vocational,700,22806.812829,1998.4703518,2335.6093864,540.89642203,0,569.45455365,61832138.81,2188.6519337,28251
Camden,Cherry Hill Twp,800,22705.866403,781.9405789,828.48994016,496.75999976,0,158.83678632,269456063.27,10790.373626,24972
Camden,Clementon Boro,880,20763.519026,53.278538813,2188.0395738,467.6499239,0,360.16974125,15658055.52,657,23833
Camden,Collingswood Boro,940,20005.274543,169.56935047,1891.0798239,528.48035562,553.94502793,577.3716435,53742034.52,2265.1381215,23726
Camden,Eastern Camden County Reg,1255,21230.157891,910.45579593,1249.8269988,460.9239949,0,63.345769418,48416388.31,2024.5441989,23915
Camden,Gibbsboro Boro,1720,20679.099086,253.90876115,1389.2244513,327.1412444,768.63456342,667.84319651,7150851.04,296.89010989,24086
Camden,Gloucester City,1770,18305.785874,439.31419467,4237.1788692,665.41672354,376.31969442,4602.7424151,72066202.02,2517.441989,28627
Camden,Gloucester Twp,1780,20026.875393,263.52880352,1240.3917583,479.90988323,172.65865629,94.707431037,146267918.9,6565.5555556,22278
Camden,Kipp Cooper Norcross,1799,14586.455211,1708.4612796,4492.4327063,893.49854788,2239.2906128,0,45208546,1889.9784493,23920
Camden,Camden Prep,1801,17958.855841,238.07720602,4514.9042807,0,0,0,25115916,1105.8513514,22712
Camden,Mastery Schools Of Camden,1802,19864.246841,0,3036.4627316,0,0,0,64412398,2812.6813187,22901
Camden,Haddon Heights Boro,1880,19032.032623,163.75458422,975.03198294,371.29445629,641.90533049,441.39836674,33807735.78,1563.3333333,21625
Camden,Haddon Twp,1890,20115.027384,91.242860346,1046.6479123,303.41838641,1218.1069107,708.07387821,48878598.91,2081.4888889,23483
Camden,Haddonfield Boro,1900,18661.821215,322.73098371,698.39120039,347.21808236,1338.6179874,328.55322882,58881257.15,2713.7555556,21697
Camden,Hi Nella,2130,23478.225,0,256.89166667,0,0,0,2848214,120,23735
Camden,Laurel Springs Boro,2540,17799.45168,203.65078808,820.04036929,183.3236213,638.37855864,0,6218030,316.52222222,19645
Camden,Lawnside Boro,2560,22784.505425,74.513249865,1885.3417665,772.24352216,603.58394719,675.05681791,12580737.5,469.51381215,26795
Camden,Lindenwold Boro,2670,17517.602583,4657.0707464,3610.3240481,756.46278746,413.74864327,188.97021613,82807238.94,3050.6444444,27144
Camden,Magnolia Boro,2890,21884.087436,1612.3048008,2230.502145,488.09969356,632.54341164,677.34638611,11227858.88,407.91666667,27525
Camden,Merchantville Boro,3110,19163.34394,206.61332848,1891.5501409,187.15155923,286.38967179,72.267933448,11992933.75,549.95,21807
Camden,Mount Ephraim Boro,3420,19851.855006,1256.1936256,2027.4021667,426.82439063,1052.8201908,409.20700632,14167647.82,566.15555556,25024
Camden,Oaklyn Boro,3770,18519.557268,216.18744102,3053.3817569,470.7118288,447.72186026,23.196262188,11179513.46,491.82320442,22731
Camden,Pennsauken Twp,4060,22221.624422,965.57105507,3782.557535,741.38696334,525.26984332,107.79914054,132308575.05,4667.9226519,28344
Camden,Pine Hill Boro,4110,22750.232063,1148.0875077,2112.6539308,651.57073686,0,95.363336561,50657178.69,1893.1666667,26758
Camden,Runnemede Boro,4590,20066.164104,1131.7975328,3247.3489506,516.67903449,0,276.20811347,20481919.16,811.54444444,25238
Camden,Somerdale Boro,4790,21710.868961,296.91927071,1996.57583,639.18734461,493.6398869,86.46739141,11498064.68,455.84444444,25224
Camden,Sterling High School Dist,5035,22169.4196,1313.6362905,1203.852896,581.29537835,281.60508125,400.33198569,23520577.18,906.37569061,25950
Camden,Stratford Boro,5080,20710.293448,455.09056762,1318.6294122,418.52383834,478.00233361,403.49843698,21176646.8,890.37222222,23784
Camden,Voorhees Twp,5400,22299.443413,2477.7742191,666.85728837,448.57401539,339.63897691,96.430681304,77546852.5,2945.3333333,26329
Camden,Waterford Twp,5560,19632.648659,1070.2496591,2544.339096,365.20022444,0,311.74032544,37425920.71,1564.3555556,23924
Camden,Winslow Twp,5820,23674.325548,1681.7820454,1669.8719024,664.47838484,0,65.084787622,132388387.42,4769.8,27756
Camden,Woodlynne Boro,5900,18820.20496,3050.9328656,3139.8571189,548.60419972,0,670.86907955,14788592.26,563.79444444,26230
Camden,Hope Community Cs,6086,18400.847811,9156.657401,4622.7102154,747.64419736,0,0,4738319,143.9,32928
Camden,Camden’s Promise Charter School,6107,18364.278119,321.8561324,3830.9398548,768.77768018,12.101613425,0,50395803,2163.1,23298
Camden,Environment Community Cs,6232,3197.8854105,0,0,0,0,0,541402,169.3,3198
Camden,Freedom Prep Charter School,6240,17265.339731,0,4821.2578375,1093.6174024,0,0,18115338,781.5,23180
Camden,Leap Academy University Cs,7109,14493.247769,648.46178715,3975.2987198,1092.1621622,0,0,31255503,1546.6,20209
Cape May,Avalon Boro,170,44273.108744,3954.2488789,2641.691704,1028.4719731,0,1479.3464462,5290240.67,99.111111111,53377
Cape May,Cape May City,710,24153.867637,3727.4831238,5090.4321641,372.11515553,0,128.68945731,5619675.53,167.88888889,33473
Cape May,Cape May Co Special Serv,715,62815.76354,2033.9146674,546.68438443,879.41675047,0,609.49510128,15519613.18,232.03333333,66885
Cape May,Cape May County Vocational School D,720,29729.813717,534.80261733,2359.9062207,502.63438296,0,336.71425088,19741334.77,589.92979798,33464
Cape May,Cape May Point,730,32438,0,0,0,0,0,64876,2,32438
Cape May,Dennis Twp,1080,21451.684311,552.55293301,3401.1797119,327.76640056,283.25190906,667.74138754,20500563.45,768.26666667,26684
Cape May,Lower Cape May Regional,2820,27747.984733,3252.6961832,1866.3272727,709.84371964,915.8723109,317.61898959,41801420.47,1200.8333333,34810
Cape May,Lower Twp,2840,20459.096058,2107.0819758,3352.9501673,788.19452037,222.03660377,26.980845341,41093143.5,1524.4333333,26956
Cape May,Middle Twp,3130,20302.498582,65.0168492,2830.5118374,568.01678043,626.37991507,348.72049155,63956408.22,2585.0222222,24741
Cape May,North Wildwood City,3680,42668.930172,15.249385572,7652.8755241,511.00187943,1605.2840827,100.61541131,12117190.56,230.56666667,52554
Cape May,Ocean City,3780,25400.435075,167.36382083,1392.1567438,435.80213559,1190.5280601,835.74519119,57113229.35,1941.1722222,29422
Cape May,Sea Isle City,4700,23173.378238,35.523316062,0,0,0,374.20031088,2275769.33,96.5,23583
Cape May,Stone Harbor Boro,5060,30455.10223,2352.267658,1059.8698885,0,0,494.95306691,3697371.95,107.6,34362
Cape May,Upper Twp,5340,19749.179821,1337.2926083,984.06612892,241.54318198,0,78.426672345,42933053.53,1917.4666667,22391
Cape May,West Cape May Boro,5610,26024.759174,201.65137615,390.47018349,73.073394495,0,330.49552752,2356183.21,87.2,27020
Cape May,West Wildwood,5700,22911.027778,0,0,0,0,0,824797,36,22911
Cape May,Wildwood City,5790,23962.667508,2609.6776339,9557.5387096,1239.6364459,0,84.793111998,33625799.71,897.78176796,37454
Cape May,Wildwood Crest Boro,5800,36785.556443,1447.4700424,3036.3436367,425.33153076,0,302.14341547,11390244.33,271.21666667,41997
Cape May,Woodbine Boro,5840,20324.265126,58.148768803,5305.654634,758.0490113,1108.7869408,659.11892041,7950555.05,281.79444444,28214
Cumberland,Bridgeton City,540,18705.306096,416.86988551,4658.9704127,1026.9239067,0,1656.3648388,165557950.91,6255.8656566,26464
Cumberland,Commercial Twp,950,19404.316059,1201.2560518,3529.7444596,615.37538357,360.82083191,142.18660586,16459800.07,651.77777778,25254
Cumberland,Cumberland Co Vocational,995,20963.683072,1720.2998379,2757.2266351,756.67380566,5681.0886902,155.16012102,32823061.65,1024.6277778,32034
Cumberland,Cumberland Regional,997,21736.326465,390.69060936,2254.3529585,460.09420077,873.89108037,2547.9033029,32003429.84,1132.3333333,28263
Cumberland,Deerfield Twp,1020,22848.145077,237.66966476,2699.3937624,741.91916832,426.66510922,725.48084336,7898742.05,285.36666667,27679
Cumberland,Downe Twp,1120,24272.611751,290.82373609,5910.3513566,663.51942221,0,138.20987703,5340815.64,170.76666667,31276
Cumberland,Fairfield Twp,1460,16845.88247,313.05539011,7869.7716895,888.58248958,1033.9984118,2553.6407385,14861633.84,503.7,29505
Cumberland,Greenwich Twp,1820,21541.047105,227.65214819,2785.0950233,1132.6702655,0,11.756769947,1930650.26,75.127777778,25698
Cumberland,Hopewell Twp,2270,18410.353574,483.4294365,1937.5206056,701.57510513,640.65870479,235.49853659,11101809.9,495.41666667,22409
Cumberland,Lawrence Twp,2570,20125.211773,563.94990085,2987.5303204,710.77549316,692.71913161,640.2506252,13690417.18,532.27777778,25720
Cumberland,Maurice River Twp,3050,17799.580074,137.08488268,3265.1186049,559.58327991,280.37248365,0,11460235,519.93333333,22042
Cumberland,Millville City,3230,21189.134463,116.92128811,3934.4096691,783.61482079,0,3272.3330528,147818471.19,5045.6166667,29296
Cumberland,Stow Creek Twp,5070,19790.131079,1845.7973242,3194.3572591,933.90254927,0,77.908497559,3176280.82,122.91111111,25842
Cumberland,Upper Deerfield Twp,5300,20026.373028,434.2615205,3206.4383028,625.28778034,425.67464143,762.01395215,23637700.11,927.69444444,25480
Cumberland,Vineland City,5390,18916.177624,301.13632182,4795.8076949,559.93395505,0,1877.3874437,273135209.96,10326.3,26450
Cumberland,Vineland Public Charter School,6028,11692.845871,0,2451.3203577,0,0,0,5377612,380.2,14144
Cumberland,Millville Public Charter School,6069,10722.833158,14.533053515,2675.6628192,2492.1825813,0,0,4547300,285.9,15905
Cumberland,Compass Academy Cs,6089,14576.891134,3211.5151515,2273.1762065,712.04264871,0,0,3701860,178.2,20774
Cumberland,Bridgeton Public Charter School,6100,16688.30303,41.341991342,3283.965368,0,0,0,2311572,115.5,20014
Essex,Belleville Town,250,19680.766301,552.51789942,2501.9959901,750.64223715,621.86860879,31.119303992,115304147.34,4776.6923077,24139
Essex,Bloomfield Twp,410,21407.109854,1771.2523548,1481.157843,549.04789021,398.71777646,269.15745475,159396910.33,6159.9234973,25876
Essex,Caldwell-West Caldwell,660,21920.140176,323.15370322,942.08805691,315.57918984,1061.2512541,56.959094375,64599005.73,2623.9309392,24619
Essex,Cedar Grove Twp,760,23570.012467,323.76518822,1008.4407573,426.27167501,1406.0134601,493.59024052,44038986.71,1617.4098361,27228
Essex,East Orange,1210,25297.434801,277.64002632,5237.3730145,742.76378134,618.29483687,3394.5434537,327323134.44,9202.7292818,35568
Essex,Essex Co Voc-Tech,1390,25334.417351,86.248830384,3409.5259955,0,6875.0477763,0,74410315.15,2084.0166667,35705
Essex,Essex Fells Boro,1400,27290.323835,329.38106246,1072.677742,0,0,20.614897708,7383866.35,257.16111111,28713
Essex,Fairfield Twp,1465,22044.474669,779.14158646,1060.3962633,0,115.63169165,206.58622491,17144869.58,708.28333333,24206
Essex,Glen Ridge Boro,1750,22636.481533,276.3410925,1134.8897923,266.97531687,1102.9078715,151.35573274,46891183.96,1833.9111111,25569
Essex,Irvington Township,2330,20226.56731,85.489312572,5284.3578559,669.28471954,810.74936792,2200.0674975,217229797.42,7419.9333333,29277
Essex,Livingston Twp,2730,23162.471845,369.36520555,861.90488356,238.60267688,1348.7072939,398.20102831,164066056.72,6219.5111111,26379
Essex,Millburn Twp,3190,24138.839602,198.12427683,713.21564598,143.77225277,1327.0918038,192.44118657,128390498.9,4806.2055556,26713
Essex,Montclair Town,3310,27999.744787,40.646148362,1725.9100393,299.81689813,1293.20017,204.51540299,191863391.92,6078.5833333,31564
Essex,Newark City,3570,21855.325342,147.19812964,5132.6568903,696.24335294,127.41165009,2084.6702018,1226565171.3,40826.3,30044
Essex,North Caldwell Boro,3630,23541.627934,196.46636523,1005.138768,0,781.96516742,202.82923718,18555768.08,721.22777778,25728
Essex,Nutley Town,3750,22023.807225,197.15262393,1014.1899226,369.01780369,861.31385311,243.49173934,99509349.46,4027.2555556,24709
Essex,City Of Orange Twp,3880,21369.346206,278.25579217,4130.0598301,663.79144665,65.901084053,3326.5647811,168421699.96,5645.3092593,29834
Essex,Roseland Boro,4530,23619.993801,255.61747338,672.93912962,428.64577781,1794.0186192,590.34823,12805963.19,468.02747253,27362
Essex,South Orange-Maplewood,4900,23688.817102,270.25024374,1333.2075254,303.0742787,1327.3898819,158.90415917,187492986.22,6923.25,27082
Essex,Verona Boro,5370,21701.03191,157.5987153,973.96559275,228.81802884,2406.340369,123.06443176,55509472.11,2169.1166667,25591
Essex,West Essex Regional,5630,28836.519063,999.24181016,888.09394155,562.42123281,1222.4138017,647.11703977,55167965.4,1663.9005525,33156
Essex,West Orange Town,5680,30390.384043,200.71632495,1768.9960709,606.28610432,881.46642014,182.36585115,227403885.59,6682.4111111,34030
Essex,Pride Academy Charter School,6020,18808.309953,24.729458918,1873.249833,411.48296593,0,0,6322661,299.4,21118
Essex,Burch Charter School Of Excellence,6022,14369.832786,11109.832786,3984.6730367,666.24962675,0,0,10090734,334.9,30131
Essex,Newark Educators Community Charter,6029,22016.071617,0,7614.0652975,1088.3412322,0,0,5833439,189.9,30718
Essex,Great Oaks Legacy Charter School,6053,19780.063027,226.47366734,4786.5463092,783.19784211,0,0,47883913,1872.2,25576
Essex,Peoples Preparatory Charter School,6057,23665.782274,0,4349.1308065,1098.1020234,0,0,10215757,350.9,29113
Essex,Roseville Community Cs,6058,28303.970421,0,4655.1573758,1063.0830489,0,0,8971657,263.7,34022
Essex,Phillip's Academy Charter School,6094,17296.758741,0,7449.8396755,894.46204365,0,0,13274377,517.7,25641
Essex,Link Community Charter School,6099,20854.045754,116.07646506,3428.9689752,712.5101849,0,0,8013112,319.1,25112
Essex,Lead Charter School,6109,20099.42357,0,3080.4227156,171.1912895,0,0,5468813,234.2,23351
Essex,Achieve Community Charter School,6110,14903.385257,37.21588416,5325.9631417,42.437472576,0,0,9256843,455.8,20309
Essex,Discovery Cs,6320,16906.5,0,4945.62,1104.55,0,0,2295667,100,22957
Essex,East Orange Community Cs,6410,17939.125165,0,2830.2115469,687.30498017,0,0,9737024,453.8,21457
Essex,Gray Cs,6665,16203.428165,0,3083.1692745,315.56472262,0,0,6890160,351.5,19602
Essex,Marion P. Thomas Cs,7210,22225.114618,14.499136442,3948.5319516,1279.3193594,0,0,34988057,1273.8,27467
Essex,New Horizons Comm. Cs,7290,19318.936893,1408.5728155,2102.8932039,817.72572816,0,0,9743029,412,23648
Essex,North Star Academy Charter School,7320,16323.406012,181.01106664,2941.0021191,494.57703477,0,0,127027746,6370.5,19940
Essex,Team Academy Charter School,7325,18221.665322,206.35052988,4323.8144422,797.05273728,0,0,131325056,5576.7,23549
Essex,Robert Treat Academy Cs,7730,16882.023775,137.56596115,2883.7837054,870.04928965,0,0,14329507,689.8,20773
Essex,Maria L. Varisco-Rogers Cs,7735,18891.460694,0,1143.6301493,774.01690952,0,0,11567783,555.9,20809
Essex,University Heights Cs,8065,2232.2593992,0,0,0,0,0,1240913,555.9,2232
Gloucester,Clayton Boro,860,18742.238287,525.48860623,3901.0439417,688.88230901,826.56059011,696.56851909,37173871.58,1464.6464088,25381
Gloucester,Clearview Regional,870,18442.677597,271.192936,977.73663564,423.65928208,1294.7966983,624.79231829,49742706.89,2257.4555556,22035
Gloucester,Deptford Twp,1100,20356.421026,810.47537734,1966.4883132,507.17277314,662.41658385,292.80948449,99546788.08,4047.3111111,24596
Gloucester,East Greenwich Twp,1180,17511.561071,114.22231588,509.91781229,584.8558926,1174.7680026,660.1076473,27636436.73,1344.4833333,20555
Gloucester,Elk Twp,1330,21342.815273,233.54899811,2789.26129,487.30036886,433.82314824,60.666902602,8475330.99,334.36666667,25347
Gloucester,Franklin Twp,1590,20444.059876,610.76127527,1310.5707621,538.18973561,148.91912908,113.47530327,29791445.24,1286,23166
Gloucester,Gateway Regional,1715,29210.396354,1000.5112525,1530.1851676,1121.9515716,647.78805432,621.65410312,29954101.28,877.58333333,34132
Gloucester,Glassboro,1730,23792.476591,611.41271155,4481.9827489,644.88579609,871.32937276,423.3432064,57537035.91,1866.5444444,30825
Gloucester,Gloucester Co Spec Serv,1774,65942.366181,1249.8600373,5902.882155,961.8554809,3256.8366287,665.68349875,41073960.31,526.72777778,77979
Gloucester,Gloucester Co Vocational,1775,16494.744625,268.97992683,1591.8709815,264.20164214,3038.1201094,408.2672486,36893312.05,1671.9388889,22066
Gloucester,Greenwich Twp,1830,26521.872997,58.064903846,1025.6089744,644.46915064,0,27.221895032,14115997.17,499.2,28277
Gloucester,Harrison Twp,2070,18406.873471,26.7315532,801.34350795,265.10650224,787.0337342,193.50030575,26794072,1308.2666667,20481
Gloucester,Kingsway Regional,2440,18295.602204,160.76836578,1154.1581653,451.12097434,1199.7662298,533.86556206,61927318.66,2841.3176796,21795
Gloucester,Logan Twp,2750,18917.009551,135.04989385,2489.5356665,434.54185664,484.46255351,48.116257887,25150613.77,1117.3722222,22509
Gloucester,Mantua Twp,2990,19466.867205,89.176815847,2647.9391049,402.06749817,0,0,30812047,1363,22606
Gloucester,Monroe Twp,3280,19839.472637,849.03879756,1323.4181483,479.3770245,830.7163247,261.68908317,134895557.21,5719.8611111,23584
Gloucester,National Park Boro,3490,19358.158705,381.07739088,2882.3446788,0,801.56939676,0,6633306,283.19444444,23423
Gloucester,Newfield Boro,3580,17660.827839,2.2710622711,154.11355311,0,0,21.989450549,4870102.12,273,17839
Gloucester,Paulsboro Boro,4020,20408.175366,660.2650619,3322.3408209,631.83504392,163.79509106,228.35558299,32823736.31,1291.5222222,25415
Gloucester,Pitman Boro,4140,24635.308429,176.17879907,825.30476457,570.79872328,655.12810623,12.449772909,30967062.32,1152.2555556,26875
Gloucester,South Harrison Twp,4880,18334.679758,24.570996979,1029.6918429,464.29607251,2682.7794562,233.16519637,7536599.68,331,22769
Gloucester,Delsea Regional H.S Dist.,4940,24093.902785,791.67117727,2090.09834,571.95440721,386.07551012,604.41123675,47334583.34,1658.6444444,28538
Gloucester,Swedesboro-Woolwich,5120,18821.010599,129.34823823,817.72536616,547.83646526,1961.2345655,509.17690003,38661189.96,1696.6833333,22786
Gloucester,Washington Twp,5500,23832.347486,535.55141259,1193.0017656,484.93002283,171.92844531,229.24401191,187488535.47,7089.2166667,26447
Gloucester,Wenonah Boro,5590,22326.938736,262.15975184,1186.2679333,0,1141.1399767,614.87628926,4389695.73,171.93333333,25531
Gloucester,West Deptford Twp,5620,20845.031423,69.491397369,1900.5206223,503.0258594,327.37216251,131.06548989,69234810.6,2911.9,23777
Gloucester,Westville Boro,5740,20724.962951,372.64539228,3045.5725405,0,0,338.49736924,8737238.95,356.88888889,24482
Gloucester,Woodbury City,5860,18346.329502,531.9734748,3836.4326555,718.3619216,524.43265547,673.49769525,41786538.84,1696.5,24631
Gloucester,Woodbury Heights Boro,5870,19685.5275,1160.1879037,1831.8770797,0,344.44313956,110.05778039,5909093.26,255.45,23132
Hudson,Bayonne City,220,18192.025456,679.34555039,3348.1849036,468.08468043,926.89551021,286.29075697,234660442.61,9818.0888889,23901
Hudson,East Newark Boro,1200,17619.388236,0,4616.3557134,654.06859593,4.1940269713,0,7863336.51,343.46703297,22894
Hudson,Guttenberg Town,1850,16986.060403,9.5397521941,2787.3794528,293.65307176,0,282.26110996,26290118.18,1291.3333333,20359
Hudson,Harrison Town,2060,20286.245478,54.089122656,4787.5017939,765.4874383,441.86650522,4771.9327885,72269880.18,2323.2582418,31107
Hudson,Hoboken City,2210,20999.829024,296.94610239,7107.2462303,512.99637445,31.401339527,1584.5432919,92730630.98,3037.0662983,30533
Hudson,Hudson County Vocational,2295,25752.759294,543.55450725,4267.5558551,805.26645176,4890.231372,119.94603788,94169469.9,2588.5444444,36379
Hudson,Jersey City,2390,24684.033137,165.31321787,5546.2703984,600.10220983,110.74476982,1624.2101185,820536536.69,25069.344444,32731
Hudson,Kearny Town,2410,22116.426884,174.76411885,2147.5946071,562.28518425,237.55868143,623.09048944,134295314.14,5192.8222222,25862
Hudson,North Bergen Twp,3610,19220.834299,126.42612806,1913.6794517,546.97325682,429.29753709,204.40878275,161826019.19,7210.9777778,22442
Hudson,Secaucus Town,4730,21295.727477,200.64237126,1719.2708301,639.92505156,862.72276771,278.36275509,54141080.17,2165.9333333,24997
Hudson,Union City,5240,20960.421004,224.29339293,5161.4486443,779.45420356,0,2324.2368063,378476435.44,12851.555556,29450
Hudson,Weehawken Twp,5580,23899.500493,361.91889583,2120.7095629,486.52724285,1671.4387118,255.16146172,36509985.47,1267.9166667,28795
Hudson,West New York Schools,5670,19578.899742,125.53641443,3836.4667835,932.2033646,0,2936.1529517,214846565.04,7838.4666667,27409
Hudson,The Ethical Community Charter Schoo,6030,13359.671413,0,3059.466046,767.94633078,0,0,6276723,365.2,17187
Hudson,Hola Hoboken Dual Lang Cs,6036,15354.035723,0,1053.4926382,889.54863625,0,0,7166179,414.3,17297
Hudson,Dr Lena Edwards Academic Charter Sc,6064,16682.249017,0,4053.3656619,738.16775885,0,0,8192248,381.5,21474
Hudson,Beloved Community Charter School,6082,15776.004196,605.73986014,1881.5244755,537.46993007,0,0,26885056,1430,18801
Hudson,Jersey City Global Cs,6093,13583.171071,2329.7936949,1650.6977283,539.33936022,0,0,7809635,431.4,18103
Hudson,Empowerment Academy Charter School,6103,16875.114269,1127.6907334,1745.6725412,601.66344514,0,0,17897949,879.5,20350
Hudson,Hudson Arts And Science  Charter Sc,6105,13941.910212,1091.198016,1929.7431006,874.11166222,0,0,14025204,786.3,17837
Hudson,Elysian Cs Of Hoboken,6420,16713.44456,0,2038.6200904,743.19082377,0,0,5608785,287.7,19495
Hudson,Hoboken Cs,6720,19673.690436,0,1073.7343697,608.40486651,0,0,6319190,295.9,21356
Hudson,Jersey City Comm. Cs,6910,11727.386567,1580.7609861,2560.8199357,762.72061451,0,0,9310419,559.8,16632
Hudson,Jersey City Golden Door Charter Sch,6915,13723.100666,319.46159242,2719.0512101,536.55910207,0,0,9863418,570.2,17298
Hudson,Learning Community Cs,7115,13614.001688,955.11898734,3260.1535865,827.91898734,0,0,11054387,592.5,18657
Hudson,Soaring Heights Cs,7830,13314.121145,5924.8383501,4244.0059457,0,0,0,6319266,269.1,23483
Hudson,University Academy Cs,8060,18712.705638,8881.0304991,1210.5914972,348.76386322,0,0,12617458,432.8,29153
Hunterdon,Alexandria Twp,20,26841.341209,260.75992221,781.8108478,388.80285241,0,315.0695815,13229473.7,462.76666667,28588
Hunterdon,Bethlehem Twp,370,27659.763713,428.11860509,533.69485904,312.60572922,1028.7051378,800.54874495,10863742.28,353.13812155,30763
Hunterdon,Bloomsbury Boro,430,22271.936308,3.864634049,1615.5966159,642.9731024,0,40.679727033,3421120.07,139.21111111,24575
Hunterdon,Califon Boro,670,33580.668442,605.6601001,1133.7819559,25.818981006,2016.4240888,36.183042864,3219993.34,86.099447514,37399
Hunterdon,Clinton-Glen Gardner,910,25889.28992,299.70126842,1060.179397,344.61532382,907.63899316,368.5317264,12176866.54,421.78333333,28870
Hunterdon,Clinton Twp,920,27059.028846,405.08408219,875.45789479,521.2900327,1579.1863933,591.00921002,37226014.73,1199.6373626,31031
Hunterdon,Delaware Twp,1040,27193.080541,288.95968791,686.73961763,438.90158537,633.03046233,592.57916886,11980718.21,401.58888889,29833
Hunterdon,Delaware Valley Regional,1050,30066.273938,3619.3923265,1508.8332786,663.77726134,0,629.18769648,25458876.37,697.74309392,36487
Hunterdon,East Amwell Twp,1160,28251.293968,283.22243907,802.5234875,466.81977034,608.76866518,89.672781736,11200953.34,367.21666667,30502
Hunterdon,South Hunterdon Regional School Dis,1376,34464.079064,805.74829117,1834.1874427,602.84208301,2153.8329927,0,31425725,788.38888889,39861
Hunterdon,Flemington-Raritan Reg,1510,25280.455274,31.136917521,645.99898168,356.55875206,1900.8389036,206.28144095,87140719.92,3066.0388889,28421
Hunterdon,Franklin Twp,1600,29083.016364,3803.6481961,848.52972768,320.82011752,2460.3525621,936.16468061,9879353.64,263.78333333,37453
Hunterdon,Frenchtown Boro,1680,29122.520725,368.54774332,1943.7549893,4.8725821308,1044.6945041,1530.21572,3692852.42,108.56666667,34015
Hunterdon,Hampton Boro,1970,29142.839984,0,3152.5423729,523.32843988,1950.6205792,0,4342110,124.88333333,34769
Hunterdon,High Bridge Boro,2140,27069.674622,258.4945235,2861.1720682,401.73192432,1537.195259,43.97586805,11129094.23,345.92222222,32172
Hunterdon,Holland Twp,2220,25689.840643,379.5052556,515.88057748,291.20731141,0,387.6003356,14352393.43,526.42222222,27264
Hunterdon,Hunterdon Central Reg,2300,28270.526892,1264.3518598,848.09045259,550.67179592,852.08084514,500.92630502,81550154.01,2525.8166667,32287
Hunterdon,Hunterdon Co Vocational,2308,16156.394222,983.57322418,1320.3318269,0,0,831.11642424,9972046.6,516.91626765,19291
Hunterdon,Kingwood Twp,2450,25040.416135,246.12048439,1210.2487975,421.9958042,750.1790892,443.17604571,9106157.76,323.92265193,28112
Hunterdon,Lebanon Boro,2590,28476.27845,75.669452347,1771.4349218,6.3931365576,0,80.706267781,3800634.49,124.97777778,30410
Hunterdon,Lebanon Twp,2600,26338.625647,232.56262516,558.0088412,428.17754184,0,23.857191975,16222054.74,588.15555556,27581
Hunterdon,Milford Boro,3180,26994.065008,199.28571429,1294.0088283,6.5609951846,506.18378812,521.77752809,2452284.32,83.066666667,29522
Hunterdon,North Hunterdon-Voorhees Regional H,3660,31683.143908,745.7696719,1020.2899677,701.30637142,378.47467251,344.07342229,70867993.8,2032.1703297,34873
Hunterdon,Readington Twp,4350,27248.865632,1302.9705753,536.07317958,553.56215786,1422.2914366,578.4903171,45535663.56,1439.0777778,31642
Hunterdon,Tewksbury Twp,5180,31650.551757,1393.9347785,1034.6574875,548.73011952,1487.5314089,1095.3075346,18559511.3,498.7679558,37211
Hunterdon,Union Twp,5270,26859.427075,1276.3944567,587.86986649,440.20145344,2240.0141964,762.21238465,13594780.62,422.64285714,32166
Mercer,East Windsor Regional,1245,23653.9642,1092.1216075,892.8342965,420.41946648,567.37162822,485.15004487,136442701.03,5032.5833333,27112
Mercer,Ewing Twp,1430,26633.561316,212.15256397,1137.3221918,465.39818277,1203.5163371,36.640609866,102176358.45,3441.6034684,29689
Mercer,Hamilton Twp,1950,20837.478429,346.42006357,1184.9323976,451.63361645,672.72213352,103.02442475,275948381.01,11694.605556,23596
Mercer,Hopewell Valley Regional,2280,28744.07485,1307.1442419,822.40598225,426.28529755,1671.5485037,363.20121175,114967098.83,3448.8756906,33335
Mercer,Lawrence Twp,2580,25199.510368,151.71380863,1308.354767,520.33437129,1313.5416706,266.73015494,105960546.31,3684.2790055,28760
Mercer,Mercer County Special Services Scho,3103,97654.427514,1005.3656944,1368.2738354,1413.0104484,853.695037,2243.0698084,48024684.77,459.4,104538
Mercer,Mercer County Vocational,3105,23070.29611,749.52147014,1305.5328637,0,6.6798101072,210.14271853,15911960.53,627.88461538,25342
Mercer,Princeton Public Schools,4255,27639.861993,770.81634086,1907.1098117,466.9289519,1902.1642042,619.5677825,126515286.99,3798.5222222,33306
Mercer,Trenton Public School District,5210,20686.182771,733.39525211,5078.1243755,570.32511456,81.521970717,2688.5651863,444767766.11,14906.027778,29838
Mercer,Robbinsville Twp,5510,18612.145881,920.03709868,833.29163409,373.81203924,1755.6888229,246.6341036,71585154.24,3147.7611111,22742
Mercer,W Windsor-Plainsboro Reg,5715,21857.778549,1875.6160274,862.24258637,472.73956823,1301.3100647,105.74581123,241208694.25,9110.6611111,26475
Mercer,Foundation Academy Cs,6017,17550.80535,4702.2339215,1755.0588124,611.87061279,0,0,25954371,1054.2,24620
Mercer,Paul Robeson Humanities  Charter Sc,6025,16919.200463,1924.5747393,2682.2039397,734.50984936,0,0,9605401,431.5,22260
Mercer,Trenton Stem-To-Civics Cs,6183,18917.174654,5597.1728595,2779.0755699,238.55501705,0,0,15338065,557.1,27532
Mercer,International Charter School,6810,16906.704545,2005.2386364,4565.9431818,703.68181818,0,0,2127978,88,24182
Mercer,Pace Cs Of Hamilton,7500,14793.831948,7937.5900277,2571.4012004,679.20590951,0,0,11255415,433.2,25982
Mercer,Princeton Cs,7540,19322.723837,4448.6581621,1132.3694779,419.84171982,0,0,10719477,423.3,25324
Mercer,Achievers Early College Prep Charte,7895,17175.950297,0,4295.648122,750.49138661,0,0,7868842,354.1,22222
Mercer,Village Cs,8140,17503.438026,0,3560.3112731,819.47279865,0,0,7803557,356.6,21883
Middlesex,Carteret Boro,750,20362.834606,54.728371433,3035.1280188,587.50581708,649.66551257,23.20512161,95765195.78,3875.0833333,24713
Middlesex,Cranbury Twp,970,28618.213365,1310.4633823,496.96467145,324.71604766,650.82572643,580.77177897,22948651.79,717.55,31982
Middlesex,Dunellen Boro,1140,18306.314685,2940.1097964,1127.6946343,836.03833745,2017.8739929,365.00132225,31907017.77,1246.7071823,25593
Middlesex,East Brunswick Twp,1170,22915.305053,1212.8462049,954.10382271,487.71136154,790.01706448,535.54812264,219780123.94,8171.6222222,26896
Middlesex,Edison Twp,1290,19611.850437,1348.9404887,798.66521671,536.23423237,32.434957984,76.044303409,365229537.25,16301.855556,22404
Middlesex,Highland Park Boro,2150,24814.037458,506.70355387,1996.3248329,557.73022864,1131.3770917,534.75837107,47546457.54,1609.5111111,29541
Middlesex,Jamesburg Boro,2370,18298.739861,182.50506932,2555.0327737,565.15997831,0,58.105799066,20413879.07,942.48888889,21660
Middlesex,Metuchen Boro,3120,21459.747998,683.06350806,956.94846602,405.98052339,1097.536083,475.70982546,57325159.16,2285.7845304,25079
Middlesex,Middlesex Boro,3140,22582.730674,917.64097195,1066.485867,523.24866384,224.342939,160.97128547,51372600.54,2016.5555556,25475
Middlesex,Middlesex Co Vocational,3150,23278.2633,883.95448557,2314.1912135,417.69701471,1687.3901718,580.68512999,63702192.89,2184.4111111,29162
Middlesex,Milltown Boro,3220,20016.617817,116.43997245,945.66539731,308.1846908,800.19769491,29.423486398,24373507.18,1097.0888889,22217
Middlesex,Monroe Twp,3290,21829.254707,212.16743544,616.20308527,526.25391274,1485.8325164,209.82499226,172300466.67,6925.3888889,24880
Middlesex,New Brunswick City,3530,22709.318293,76.431970928,4320.5648353,855.07121882,273.16716368,3237.4168214,307345121.01,9765.6777778,31472
Middlesex,North Brunswick Twp,3620,22367.707317,690.39480726,2184.8472881,584.52807465,1582.9671754,290.63584177,163048405.95,5885.9944444,27701
Middlesex,Old Bridge Twp,3845,22443.358445,212.74315425,1125.7385952,559.52955738,332.03732306,211.29310761,200277809.69,8048.2307692,24885
Middlesex,Perth Amboy City,4090,37973.738657,220.75032856,3073.6868724,665.65619965,0,2052.4800187,449068295.13,10343.549724,43415
Middlesex,Piscataway Twp,4130,19910.346942,216.02332536,2029.8180647,642.84751607,511.85130359,282.33666827,167704042.82,7108.1444444,23593
Middlesex,Sayreville Boro,4660,18935.719339,573.09360646,2903.8093026,448.70629851,572.59833166,326.6820849,150016564.79,6313.6666667,23761
Middlesex,South Amboy City,4830,18453.296886,79.323781258,2523.1260561,539.03977507,514.84500362,13.624552335,25965696.91,1173.6833333,22123
Middlesex,South Brunswick Twp,4860,21791.476849,430.99935314,788.13699254,503.7270827,918.87701752,157.03492072,199630528.3,8118.2790055,24590
Middlesex,South Plainfield Boro,4910,22204.542354,548.39636183,1070.2262781,529.76285649,818.31162107,220.74997092,88544547.45,3487.1055556,25392
Middlesex,South River Boro,4920,17532.160233,459.08991519,2319.5475879,613.6353531,554.26292051,496.30698151,53376305.6,2428.9555556,21975
Middlesex,Spotswood Boro,4970,20786.809515,732.96800189,1290.5269458,458.45284489,756.5246075,370.71078666,38951184.08,1596.6222222,24396
Middlesex,Woodbridge Twp,5850,21986.399667,366.22916013,751.29056385,599.47161435,770.33394456,257.74763505,341681781.41,13815.666667,24731
Middlesex,Academy For Urban Leadership Charte,6032,21261.351025,5054.39807,3382.2002413,649.18455971,0,0,12578887,414.5,30347
Middlesex,Hatikvah International Cs,6041,15258.704354,165.49332865,2200.179073,0,0,0,10038845,569.6,17624
Middlesex,Greater Brunswick Cs,6635,18991.886888,0,3021.7778341,1169.6728379,1392.6781638,0,9690323,394.3,24576
Middlesex,Middlesex Charter School,7896,13795.743374,297.13316096,1936.9909502,0,0,0,4959641,309.4,16030
Monmouth,Allenhurst,50,38756.909091,0,0,0,0,0,426326,11,38757
Monmouth,Asbury Park City,100,35944.604826,83.273139525,11681.649324,813.49765163,0,2365.3562799,83789415.96,1646.5333333,50888
Monmouth,Atlantic Highlands Boro,130,26190.547808,417.53326357,1418.902676,398.4657113,1058.7104628,731.77536681,7860004.1,260.12777778,30216
Monmouth,Avon Boro,180,30913.200989,87.397307322,1030.7899437,140.93488116,2530.8187938,49.701044099,5621465.42,161.75555556,34753
Monmouth,Belmar Boro,270,24025.408322,731.31297974,3606.553356,605.02279679,1506.3126912,402.6339701,17833666.96,577.56666667,30877
Monmouth,Bradley Beach Boro,500,25013.73541,70.357962592,2027.5118426,478.0895639,504.85911022,411.36729013,9728595.8,341.28333333,28506
Monmouth,Brielle Boro,560,23411.345205,49.008219178,882.62328767,191.37671233,0,440.05626027,18231319.07,730,24974
Monmouth,Colts Neck Twp,945,30634.692157,219.46796813,666.8463737,480.90639786,1636.591428,496.83065181,34857186,1021.1467391,34135
Monmouth,Deal Boro,1000,29201.008474,350.11760157,1530.8438316,0,0,5.5810613139,5360357.33,172.42777778,31088
Monmouth,Eatontown Boro,1260,25273.179349,224.55903036,3191.8730776,601.89217312,2046.725859,0,30452054,971.72222222,31338
Monmouth,Fair Haven Boro,1440,20636.846309,41.684529828,744.83013145,96.452982811,1437.8038423,426.91196158,23127299.93,989,23385
Monmouth,Farmingdale Boro,1490,22048.676836,2.8202650469,3216.9471287,256.30245721,1952.4434014,18.260967697,4426156.61,160.97777778,27495
Monmouth,Freehold Boro,1640,20819.336435,790.42201049,2864.4771437,742.93243618,731.91347765,1511.1708602,45617734.01,1661.2277778,27460
Monmouth,Freehold Regional,1650,21640.768921,41.696501416,861.44838508,290.7426213,0,39.703532178,238316519.25,10418.5,22874
Monmouth,Freehold Twp,1660,25233.990763,573.36389204,999.45767546,481.41326341,1037.1529071,359.95879424,100579557.52,3506.3055556,28685
Monmouth,Hazlet Twp,2105,23537.842818,368.49548317,793.08054759,528.17958355,1292.495186,84.496198926,71613791.46,2691.7833333,26605
Monmouth,Henry Hudson Regional,2120,36342.677512,280.46093882,1485.2974072,832.56058295,2141.945433,1493.3965769,12562148.66,295.05,42576
Monmouth,Highlands Boro,2160,28021.498623,1452.3746556,3337.5702479,818.11019284,0,48.857741047,6112631.68,181.5,33678
Monmouth,Holmdel Twp,2230,25667.42662,195.63332581,799.01636938,290.51840145,1284.3759314,277.83669903,84194721.16,2952.6666667,28515
Monmouth,Howell Twp,2290,24127.233075,309.64340853,759.75504666,505.41181663,452.59118389,299.65219971,144266288.76,5453.4182014,26454
Monmouth,Interlaken,2320,17601.755556,0,0,0,0,0,792079,45,17602
Monmouth,Keansburg Boro,2400,24743.271078,217.91129244,4129.5553415,526.5522422,0,4416.2682702,53989513.24,1586.3611111,34034
Monmouth,Keyport Boro,2430,24157.224107,75.516083767,2543.6807048,711.58493046,1422.6678982,174.68589851,27291277.69,938.31666667,29085
Monmouth,Little Silver Boro,2720,23522.908181,96.29562357,714.42133867,394.0396167,935.22125286,450.17593249,20286947.68,776.88888889,26113
Monmouth,Long Branch City,2770,22820.120677,770.27630663,3999.7686326,912.33710555,107.28318258,5001.9026681,182496530.42,5429.5555556,33612
Monmouth,Manalapan-Englishtown Reg,2920,20904.031284,280.45949654,678.10223981,531.58207347,779.94440945,282.38525598,110269941.07,4701.0388889,23457
Monmouth,Manasquan Boro,2930,25044.521399,1746.0857462,1035.3771492,556.98645329,1149.1080759,197.23061556,44379252.48,1492.7777778,29729
Monmouth,Marlboro Twp,3030,23049.858096,829.90696808,638.70084047,571.23812446,0,17.495935743,114562898.08,4562.95,25107
Monmouth,Matawan-Aberdeen Regional,3040,23602.07398,1110.6087798,1620.8394323,516.21943008,770.3804599,-15.05525096,104542688.51,3787.0833333,27605
Monmouth,Middletown Twp,3160,23118.83816,201.34571371,938.45754339,412.00922524,705.52831674,144.41164496,233790444.22,9160.8555556,25521
Monmouth,Millstone Twp,3200,20226.576429,326.48538885,708.72408078,485.36333929,1577.2507405,744.39797995,45501795.11,1890.4888889,24069
Monmouth,Monmouth Beach Boro,3250,25886.624975,1021.9630044,1414.6349812,22.063063656,910.80244882,2565.6365743,8056730.42,253.18333333,31822
Monmouth,Monmouth Co Vocational,3260,25760.39072,139.56985574,1153.2704068,25.953978316,2574.2586527,42.052238923,58918503.37,1984.0888889,29695
Monmouth,Monmouth Regional,3270,34614.920485,254.62172482,1356.5748128,596.6501022,2207.2909611,1011.4888966,37110283.29,926.79444444,40042
Monmouth,Neptune City,3500,23110.0335,49.224037738,1348.640186,364.33909893,1610.918165,0,10760253,406.30555556,26483
Monmouth,Neptune Twp,3510,24436.791943,1265.957317,3541.2932826,584.50647497,0,6866.1662838,130990144.51,3569.7277778,36695
Monmouth,Ocean Twp,3810,27414.825205,288.68839288,1901.7925648,620.3407758,1002.3005756,193.16772427,102982356.07,3277.4888889,31421
Monmouth,Oceanport Boro,3830,26201.893252,172.9692515,1031.7886437,389.29627135,2525.5222491,14.216947339,17012927.18,560.82222222,30336
Monmouth,Red Bank Boro,4360,18974.965756,73.258919836,5841.8063075,816.42081404,328.20853173,324.35012882,35920887.94,1362.7555556,26359
Monmouth,Red Bank Regional,4365,25688.502518,335.38029336,1439.258962,416.90768095,1551.4019393,425.54713566,38437402.29,1287.3833333,29857
Monmouth,Roosevelt Boro,4520,24109.552671,7.0769518117,1727.0115801,0,499.54706761,335.25100859,3174141.42,118.97777778,26678
Monmouth,Rumson Boro,4570,24800.546961,1358.8348954,1522.2455571,721.91863508,2438.1587779,251.68365595,28428805.34,914.3038674,31093
Monmouth,Rumson-Fair Haven Reg,4580,26923.757454,363.04587589,835.30861428,1270.8837456,943.67314164,657.09528724,29163410.16,940.94444444,30994
Monmouth,Sea Girt Boro,4690,33374.570999,2436.0700818,546.06707826,1222.9367596,0,503.2330252,6339741.32,166.47222222,38083
Monmouth,Shore Regional,4760,34765.365162,977.98608648,1922.2277998,477.89824035,1514.9349338,17.657891147,24238772.5,610.91666667,39676
Monmouth,Shrewsbury Boro,4770,23702.084311,215.62884311,386.95467512,0.4038034865,556.00412044,387.17379398,11379746.76,450.71428571,25248
Monmouth,Lake Como,4840,24820.304498,0,1391.7647059,0,0,0,3787644,144.5,26212
Monmouth,Spring Lake Boro,4980,36606.295812,295.19365774,1885.0150815,10.378239863,0,28.435031898,8080627.12,208.12777778,38825
Monmouth,Spring Lake Heights Boro,4990,23205.87843,62.574266793,813.36754967,335.0371334,2345.2045885,618.75847209,12862900.98,469.77777778,27381
Monmouth,Tinton Falls,5185,25256.481908,111.65352789,847.98511482,576.54188905,2113.9122558,342.29946384,39823317.13,1361.5333333,29249
Monmouth,Union Beach,5230,19347.028451,95.48602786,2453.1238497,479.40278599,0,402.83149683,19271707.22,846.07142857,22778
Monmouth,Upper Freehold Regional,5310,20825.755822,529.33374082,682.79755616,362.66988437,2004.2746076,506.95816549,52531629.5,2108.7055556,24912
Monmouth,Wall Twp,5420,28333.30492,388.12247447,884.73076209,478.59370411,935.76241033,106.30428121,102450464.73,3291.3888889,31127
Monmouth,West Long Branch Boro,5640,26582.902007,170.60424628,1913.5849725,465.6998865,1126.6695128,424.78425607,16371237.92,533.53888889,30684
Monmouth,Loch Arbour School District,5645,44428,0,0,0,0,0,266568,6,44428
Monmouth,Academy Charter High School,6010,24551.362821,91.040047818,4173.8852361,775.1105798,0,0,4950641,167.3,29591
Monmouth,Hope Academy Cs,6740,16121.155606,1320.1906941,4813.9321129,1075.6254767,0,0,6117363,262.2,23331
Monmouth,The Red Bank Cs,7720,20017.357425,1164.6414455,4140.2258611,726.58385093,0,0,4613244,177.1,26049
Monmouth,College Achieve Greater Asbury Park,7891,20262.09488,27.193518084,3629.8755284,988.23391264,0,0,10605570,425.8,24907
Morris,Boonton Town,450,25286.889647,692.19470941,2061.8236674,523.11728583,1014.7731082,25.478862036,43173562.24,1458.3555556,29604
Morris,Boonton Twp,460,26020.649512,820.84468305,528.66897628,17.370216592,0,14.512183641,17269225.82,630.21666667,27402
Morris,Butler Boro,630,25488.508483,1391.6836067,1235.6767172,528.63751587,542.23939201,316.79265213,33687959.65,1141.8277778,29504
Morris,Sch Dist Of The Chathams,785,23352.670011,829.54839786,746.0991396,102.38431053,942.42427792,330.04287841,99814242.88,3794.7611111,26303
Morris,Chester Twp,820,26355.179987,506.351383,1429.1341907,491.85612078,1118.4110363,647.61253104,31705001.78,1037.8563536,30549
Morris,Denville Twp,1090,24688.979226,1508.6622831,603.10753095,73.610044872,0,99.146456182,44349238.4,1644.1777778,26974
Morris,Dover Town,1110,18915.745232,273.05208401,4163.3116587,789.09647416,200.92187162,134.23226456,86053849.05,3515.7944444,24476
Morris,East Hanover Twp,1190,27295.959121,551.23294213,1617.2589214,5.4982748123,643.20252152,460.98408529,28453989.4,930.65555556,30574
Morris,Florham Park Boro,1530,25852.387387,296.93144383,703.36342515,9.7466276745,2440.5466231,343.1548958,28497507.55,961.25555556,29646
Morris,Hanover Park Regional,1990,30563.428832,336.56226709,943.3192395,430.37020041,2514.8364994,1061.5249527,49520466.2,1381.3224044,35850
Morris,Hanover Twp,2000,27403.996751,390.70787698,572.90391824,58.700242143,244.65949141,219.36037476,36842153.51,1275.2417582,28890
Morris,Harding Township,2010,33711.869712,145.72162032,529.60071769,267.35297771,0,159.2107515,14013503.75,402.52777778,34814
Morris,Jefferson Twp,2380,24745.638558,288.08790484,1134.0947764,551.95089241,925.59498761,420.07231026,75293256.45,2682.7748997,28065
Morris,Kinnelon Boro,2460,29942.166301,288.74406091,717.24346783,356.22721279,943.60294751,372.30897175,54695895,1676.7444444,32620
Morris,Lincoln Park Boro,2650,22248.991168,386.41341462,661.34463865,373.55014602,156.71842878,55.016181544,30075176.1,1259.3222222,23882
Morris,Madison Boro,2870,23062.832392,877.88395769,843.22204574,393.90295592,1004.3492861,68.807729813,65925298.91,2511.3444444,26251
Morris,Mendham Boro,3090,27536.520544,1633.427458,702.79886766,448.94571642,1393.1680623,786.81096332,15244547.94,469.03888889,32502
Morris,Mendham Twp,3100,29111.359663,523.13206908,365.91705616,379.41978847,1411.6550643,826.29038252,25666201.54,786.87777778,32618
Morris,Mine Hill Twp,3240,21897.347176,1455.6289716,978.67649691,489.07746353,399.44195829,250.79648259,12648316.96,496.57777778,25471
Morris,Montville Twp,3340,28305.544956,421.65222418,721.89675206,368.87026358,775.91527851,178.16075911,104840842.61,3407.0162983,30772
Morris,Morris County Vocational,3365,17167.618913,639.38195251,1182.8729339,202.38586087,835.81364321,395.83300745,31283254.6,1531.6979095,20424
Morris,Morris Hills Regional,3370,32518.88339,1950.3170833,1219.0015685,740.26337185,943.33497647,552.32355943,98732296.36,2603.4166667,37924
Morris,Morris Plains Boro,3380,25070.454968,191.16805942,674.88207985,267.0727329,1241.4038997,471.34831322,22549415.6,807.75,27916
Morris,Morris School District,3385,23623.356426,1661.5865787,2513.5536244,411.57977665,0,66.031644061,154733146.83,5472.2222222,28276
Morris,Mount Arlington Boro,3410,27402.780491,10.842133052,821.81032207,434.66935058,467.26504752,67.53779699,14750424.09,505.06666667,29205
Morris,Mount Olive Twp,3450,24116.283684,728.07451245,762.68836973,453.89284375,979.83481596,335.9783233,126161049.24,4608.3277778,27377
Morris,Mountain Lakes Boro,3460,31556.123814,349.21928509,888.16526736,506.31140547,1368.0105191,383.00375105,49981515.71,1425.9722222,35051
Morris,Netcong Boro,3520,23293.383976,225.61098504,3051.9446902,580.2765491,495.31674295,664.78349937,8178510.18,288.87777778,28311
Morris,Parsippany-Troy Hills Twp,3950,25674.435159,762.56005699,564.46658157,633.00614084,471.19720128,82.912846967,199603477.33,7081.0055556,28189
Morris,Long Hill Twp,4000,25463.277763,1328.3440116,965.97076864,7.8280722523,1300.3509845,550.59522437,25295503.44,854.10555556,29616
Morris,Pequannock Twp,4080,22561.951645,583.11240932,647.09047037,454.91721302,621.0451955,19.989768704,52259216.85,2099.7666667,24888
Morris,Randolph Twp,4330,24846.419805,974.93670658,676.76519171,813.8552639,870.45301107,198.1144237,122561696.34,4318.5111111,28381
Morris,Riverdale Boro,4440,22673.139487,421.21743031,1877.099434,460.92956371,0,426.00238262,10889110.97,421.10555556,25858
Morris,Rockaway Boro,4480,23252.311835,714.37264762,1781.0047022,574.08725099,1765.4096839,52.401501443,15326539.06,544.66111111,28140
Morris,Rockaway Twp,4490,25614.73572,1785.9154798,608.54173307,387.80090788,248.06010363,46.968963985,68508740.1,2387.7277778,28692
Morris,Roxbury Twp,4560,26328.566055,1125.7634169,850.26459085,623.62646904,492.52703763,252.15162611,102719829.09,3461.7388889,29673
Morris,Washington Twp,5520,25396.410566,1518.5453702,600.94521454,365.9211577,2896.0437459,465.16286232,60642892.7,1941.0055556,31243
Morris,West Morris Regional,5660,27682.69826,1162.5686287,1037.887215,307.26324142,945.81133404,545.50710601,70590670.63,2228.1187845,31682
Morris,Wharton Boro,5770,21549.590461,982.8973945,2958.1201903,538.04924311,314.82114804,37.18263822,20244372.75,767.39444444,26381
Morris,Unity Cs,8050,22078.827792,6536.0826939,1600.6436488,811.15942029,0,0,7278867,234.6,31027
Ocean,Barnegat Twp,185,21136.124119,547.2138995,3561.4640938,619.46691849,806.46991869,2097.9076643,95622985.7,3323.8611111,28769
Ocean,Bay Head Boro,210,26280.880811,3402.8241873,1760.8542468,0,1690.3327508,295.85343586,5313631.26,158.94444444,33431
Ocean,Beach Haven Boro,230,32130.956393,16973.346545,935.77431232,0,0,6.3941311097,3829799.31,76.524861878,50046
Ocean,Berkeley Twp,320,17322.58383,137.98168722,3072.7549609,770.65827637,818.2316493,347.51581316,54315070.53,2417.2555556,22470
Ocean,Brick Twp,530,20469.091905,830.44460853,1906.3658506,441.96980257,234.90397832,175.43498104,200015289.32,8313.8055556,24058
Ocean,Central Regional,770,20262.681652,1072.9048807,1178.6770082,466.67407799,108.44806845,321.76588419,55572090.98,2373.7444444,23411
Ocean,Eagleswood Twp,1150,22022.567073,121.95121951,2852.5365854,0,2598.8963415,0,4525736,164,27596
Ocean,Island Heights Boro,2350,25596.593228,30.912866817,1247.6559819,85.473589165,2008.1173815,217.69159368,3591554.16,123.05555556,29186
Ocean,Jackson Twp,2360,22511.256912,130.73153962,1935.9503315,543.44452377,1110.7525323,481.28182006,202894937.07,7595.2444444,26713
Ocean,Lacey Twp,2480,21950.927109,391.51767743,1401.220144,340.56801708,953.47112679,273.16155008,96898289.95,3828.3277778,25311
Ocean,Lakehurst Boro,2500,17791.438461,58.484751137,3578.8903512,518.04163774,195.93156406,1019.4626494,12417410.59,536.10555556,23162
Ocean,Lakewood Twp,2520,30074.072674,196.47743479,24759.116941,1539.7375124,443.48105869,0.7869243899,300056940.5,5262.8944444,57014
Ocean,Lavallette Boro,2550,27731.056921,558.36893444,1666.5335227,262.12124954,1283.0806272,317.3641252,5726627.49,179.97777778,31819
Ocean,Little Egg Harbor Twp,2690,18229.007221,47.85546608,4718.7935697,1975.0601729,1052.6104656,29.5852138,43837932.56,1682.65,26053
Ocean,Long Beach Island,2760,39051.038643,211.95173651,1054.8964618,229.25322028,0,504.83636067,8392392.38,204.43333333,41052
Ocean,Manchester Twp,2940,25012.198416,485.26804499,1025.7175381,662.88183373,993.82176424,582.13835591,80432526.21,2796.4833333,28762
Ocean,Ocean County Vocational,3790,18394.544904,337.98352991,3128.6885162,111.42745058,986.37804668,268.64332043,40459754.83,1741.8777778,23228
Ocean,Ocean Gate Boro,3800,24208.465116,266.61722187,4638.0490258,810.23758642,950.2778127,121.02086738,4109376.35,132.58333333,30995
Ocean,Ocean Twp,3820,20505.652626,459.09957531,1935.034176,318.3533529,771.64026758,8.4884421195,21943616.69,914.38333333,23998
Ocean,Pinelands Regional,4105,25001.629148,43.608120481,2098.7901367,16.521327313,2266.1061472,43.926928299,46671086.88,1583.65,29471
Ocean,Plumsted Twp,4190,25551.793786,254.4561565,1204.1233602,498.10724971,483.59033372,750.6144626,31221741.96,1086.25,28743
Ocean,Point Pleasant Boro,4210,19853.077556,488.05181615,800.24736762,316.60246303,682.89989393,169.03528634,60527045.61,2713.0111111,22310
Ocean,Point Pleasant Beach Boro,4220,27061.776358,164.04737249,1257.2757369,458.62929074,833.59863394,894.75686708,22352221.85,728.79558011,30670
Ocean,Seaside Heights Boro,4710,25705.249938,341.85373061,11087.131248,872.55454322,0,52.397020438,8586575.35,225.61111111,38059
Ocean,Southern Regional,4950,24151.935955,1731.6773765,2121.1746621,399.81711563,0,88.283056488,80010562.67,2808.0888889,28493
Ocean,Stafford Twp,5020,19438.818178,304.42336175,2508.9794248,556.43309542,290.2225487,220.32352996,54143425.74,2321.8388889,23319
Ocean,Toms River Regional,5190,18807.579017,47.214309914,1360.959729,328.53463493,1028.8604783,165.80758839,315477537.54,14512.083333,21739
Ocean,Tuckerton Boro,5220,23287.833537,183.44920142,4230.0318323,0.5989167406,1315.893689,454.56268264,8808493.48,298.87292818,29472
Ocean,Ocean Academy Charter School,7893,16428.476216,1955.3775867,3050.6342381,1328.0945982,0,0,8469957,372.1,22763
Passaic,Bloomingdale Boro,420,27083.79153,55.795586366,2783.9028084,345.97889736,114.53943027,77.591799282,24363018.49,799.79444444,30462
Passaic,Clifton City,900,21599.907452,104.34469874,2256.8762821,729.73843944,88.284979029,96.35294257,262603794.25,10556.722222,24876
Passaic,Haledon Boro,1920,18695.043337,595.3374026,1621.0399612,591.43056806,0,188.0871544,22102708.71,1018.9835165,21691
Passaic,Hawthorne Boro,2100,23406.029456,215.01104214,1473.75,638.61107795,883.83520353,76.482290796,59630209.24,2233.8666667,26694
Passaic,Lakeland Regional,2510,30956.985776,1463.4993755,1492.852587,610.36498563,257.27849252,448.0405801,32281135.54,916.32222222,35229
Passaic,Little Falls Twp,2700,22577.359905,183.91333194,806.72359352,524.35772997,449.83966286,370.12419555,22529316.76,904.34444444,24912
Passaic,North Haledon Boro,3640,22915.231832,360.82858371,1220.8196609,462.77292572,2598.6835443,978.61621686,16412667.75,575.13736264,28537
Passaic,Passaic City,3970,24893.599487,200.97880471,5036.576821,1648.6694962,0,3662.7798163,442304219.59,12479.450276,35443
Passaic,Passaic Co Manchester Reg,3980,30308.954868,2437.4562808,2013.8933899,608.80561822,0,150.43944776,28271795.32,795.95027624,35520
Passaic,Passaic Valley Regional,3990,35171.17163,109.1847769,1986.2489679,660.08154161,717.64145926,68.002692889,39670780.32,1024.7582418,38712
Passaic,Passaic County Vocational,3995,25486.695993,1209.134863,1498.07207,0,1258.7972639,156.89591039,129133273.43,4361.1967213,29610
Passaic,Paterson City,4010,21529.579153,127.17864836,5030.5804512,693.41233033,24.242138659,2065.4557953,730792628.47,24797.472222,29470
Passaic,Pompton Lakes Boro,4230,23028.655453,383.38961475,1520.8641709,360.89716714,227.69007644,26.580856508,44821830.75,1754.4111111,25548
Passaic,Prospect Park Boro,4270,19720.605848,318.52865497,1825.5497076,708.59298246,368.71111111,767.33497076,20271471.4,855,23709
Passaic,Ringwood Boro,4400,27197.455262,74.947051051,634.63991246,549.22912065,781.79803999,45.198133752,31713131.58,1082.9779006,29283
Passaic,Totowa Boro,5200,19095.912098,1311.2161311,1326.6824256,596.58502108,783.84510305,348.60647146,21946886.62,935.38888889,23463
Passaic,Wanaque Boro,5440,25429.632237,48.282199458,1512.4116509,821.97503381,1372.0240214,26.480462567,25077314.33,858.49444444,29211
Passaic,Wayne Twp,5570,27587.021607,550.95521854,1061.4870965,438.1405122,384.38838596,224.24179024,230073864.78,7606.6944444,30246
Passaic,West Milford Twp,5650,27579.337082,489.10006443,944.50128506,538.28158529,195.74066432,96.362247803,91096990.56,3052.5082873,29843
Passaic,Woodland Park,5690,19254.824151,143.72005662,2732.9766442,608.82458624,402.60235192,285.21692345,28688568.63,1224.5333333,23428
Passaic,Community Charter School Of Paterso,6021,16993.840742,517.23810587,3665.0971633,889.15121733,0,0,19757294,895.4,22065
Passaic,John P Holland Charter School,6079,17620.194508,84.69870328,5662.0861937,1313.7509535,0,0,12942575,524.4,24681
Passaic,Passaic Arts And Science Charter Sc,6080,14083.00277,134.66481994,3035.1728532,975.39390582,0,0,32901963,1805,18228
Passaic,Paterson Arts And Science Charter S,6096,15829.221269,276.92589491,3085.9629475,1290.2187565,0,0,19568817,955.4,20482
Passaic,Philip’s Charter School Of Paterson,6106,17815.299699,120.34251331,5037.2760935,1109.1599167,0,0,10405866,432.1,24082
Passaic,Classical Academy Charter School Of,6230,14738.346682,0,749.69107551,0,0,0,2707309,174.8,15488
Passaic,Paterson Cs For Sci/Tech,7503,15940.018769,9931.9164767,3352.4889395,865.43973723,0,0,44888059,1491.8,30090
Passaic,College Achieve Paterson Charter Sc,7892,15414.228792,2.9065981148,3774.0625536,660.63153385,0,0,23167085,1167,19852
Salem,Alloway Twp,60,19800.188289,169.21469575,1722.9873708,290.54420207,517.48105626,571.36195178,10047759.13,435.5,23072
Salem,Elsinboro Twp,1350,20713.892543,298.81103166,2453.707048,741.83534219,0,343.09647395,3338300.59,135.97222222,24551
Salem,Lower Alloways Creek,2800,25905.64696,6.8059270836,1781.3621472,619.92365724,0,94.008247423,5250856.38,184.83888889,28408
Salem,Mannington Twp,2950,19982.791393,229.37775193,3699.0795049,362.89607045,791.55935864,0,5028598,200.61666667,25066
Salem,Oldmans Twp,3860,18775.880503,154.17610063,940.64150943,452.59433962,654.78616352,0,6671029,318,20978
Salem,Penns Grv-Carneys Pt Reg,4070,20415.443295,162.77986431,2934.1454527,580.46558077,234.47386476,346.31872386,53943401.93,2186.2777778,24674
Salem,Pennsville,4075,21326.903251,1035.5521828,1970.5496992,599.39842155,1291.3240245,142.55829792,47773073.38,1811.9,26366
Salem,Pittsgrove Twp,4150,20075.789783,1489.7773726,2582.4633121,663.96435609,437.08025762,238.41946887,43332563.86,1700.15,25487
Salem,Quinton Twp,4280,21976.505681,325.59808292,3260.9005597,501.47769548,415.05513289,736.02019305,9022562.05,331.52222222,27216
Salem,Salem City,4630,19979.674813,288.8331867,5069.2637801,1172.4431328,212.8231586,672.83782747,35636250.97,1300.7888889,27396
Salem,Salem Co Special Service,4635,77456.261912,0,1305.3144721,1391.2854178,3453.7609589,11.482309093,10968372.66,131.17222222,83618
Salem,Salem County Vocational,4640,15707.644851,407.36335076,3426.094167,410.70882451,906.5714663,12.194351924,16681620.31,799.28888889,20871
Salem,Upper Pittsgrove Twp,5320,20483.892371,175.37384281,3710.0624164,528.92554614,154.12656369,162.58974063,10683022.66,423.67777778,25215
Salem,Woodstown-Pilesgrove Reg,5910,19530.656246,315.74696748,1996.6988352,438.13364585,1042.5759968,446.2718777,35044102.15,1474.2944444,23770
Salem,Creativity Colaboratory Charter Sch,7897,14678.561108,0,1192.8416616,446.27934979,0,0,2710367,166.1,16318
Somerset,Bedminster Twp,240,28005.173917,3101.3874032,946.14857613,247.95375551,0,0,23443322,725.78453039,32301
Somerset,Bernards Twp,350,25774.521426,45.6633096,918.36507689,349.65999521,1124.7382582,93.986822719,135131331.25,4773.7888889,28307
Somerset,Bound Brook Boro,490,19414.46964,934.16958248,2747.3618127,872.07086845,824.46401449,32.275433998,49033415.72,1975.1777778,24825
Somerset,Branchburg Twp,510,26484.656889,1262.1819577,660.13250341,331.19099591,1097.2904161,253.93779332,58814728.74,1954.6666667,30089
Somerset,Bridgewater-Raritan Reg,555,24454.903836,983.58986577,615.43540048,452.73861011,683.46577216,196.02870742,221484527.59,8087.461326,27386
Somerset,Franklin Twp,1610,25370.473667,550.03674199,1641.4902739,740.40739146,1205.8401513,289.83005869,212213967.39,7121.7333333,29798
Somerset,Green Brook Twp,1810,24441.401309,880.03098313,368.80201778,291.36935768,1323.2000736,578.20909645,31997925.91,1147.5777778,27883
Somerset,Hillsborough Twp,2170,21188.787608,347.71796951,490.31310986,485.57245496,385.15131108,110.03390249,167213824.34,7267.7722222,23008
Somerset,Manville Boro,3000,20867.043023,1473.460751,1686.7691997,622.44066687,0,63.587805371,39430347.05,1595.5111111,24713
Somerset,Montgomery Twp,3320,23796.792378,84.480990818,667.79390395,456.54002751,1740.2558354,432.29747831,124788373.47,4591.4944444,27178
Somerset,North Plainfield Boro,3670,21859.443975,850.67006253,1683.7150338,670.46115984,325.45894204,429.05801485,90222530.78,3494.45,25819
Somerset,Somerset Co Vocational,4810,38102.609179,783.11655816,3120.8542038,402.07770544,0,591.33357042,20622318.01,479.58888889,43000
Somerset,Somerset Hills Regional,4815,27250.396087,271.82293824,907.51937127,402.70119721,1872.7980298,574.19788884,54968220.9,1757.3277778,31279
Somerset,Somerville Boro,4820,23869.471919,885.84561928,1932.3593555,384.67287544,929.63366674,490.0708444,61000701.14,2140.9723757,28492
Somerset,South Bound Brook,4850,21146.351969,914.53346496,1592.4581868,403.88678558,519.12625919,634.893261,14613140.77,579.62777778,25211
Somerset,Warren Twp,5470,33762.71893,954.95176103,521.27101204,274.35819884,0,256.00369434,55715658.31,1557.6388889,35769
Somerset,Watchung Boro,5540,25649.528065,219.1476086,637.84839912,89.870713587,0,823.80363271,17285236.08,630.38333333,27420
Somerset,Watchung Hills Regional,5550,26934.410774,711.9647143,878.04110403,539.01924895,1853.1869257,510.75703653,57615466.2,1833.2888889,31427
Somerset,Central Jersey College Prep Charter,6018,14166.630796,202.71957588,838.59234056,610.39800601,0,0,19991219,1263.8,15818
Somerset,Thomas Edison Energysmart Charter S,6081,13371.386519,12033.808329,1107.9963205,966.36226794,0,0,16430025,597.9,27480
Sussex,Andover Reg,90,26854.911924,1415.8507388,619.87309918,341.9430564,1507.2484452,397.25922997,19247563,618.15555556,31137
Sussex,Byram Twp,640,21261.613161,1088.6642746,597.97996073,349.66258209,0,529.03019972,19552660.06,820.61111111,23827
Sussex,Frankford Twp,1560,24492.335851,49.16609596,1138.2207615,405.42384126,298.06599812,118.9015459,14367367.09,542.12154696,26502
Sussex,Franklin Boro,1570,22992.939882,2130.3047008,3371.570292,585.28819762,0,55.835417559,13976671.56,479.70555556,29136
Sussex,Fredon Twp,1630,26873.038743,846.51967091,1814.2330591,561.84771877,1758.4317128,43.668673149,5923233.03,185.69444444,31898
Sussex,Green Twp,1800,24035.999203,78.873987518,925.98744238,214.94698105,239.87764858,408.8354269,15173429.08,585.74444444,25905
Sussex,Hamburg Boro,1930,27801.54694,1120.4014958,2948.1873647,670.202716,883.29069081,615.58775832,8647663.07,254.05,34039
Sussex,Hampton Twp,1980,25088.859753,903.97107774,2255.4157112,439.39492566,0,155.78058658,8665204.95,300.42222222,28843
Sussex,Hardyston Twp,2030,23255.59913,1364.1029919,631.28561788,302.52174565,1286.1139022,663.44541654,16301374.47,592.71111111,27503
Sussex,High Point Regional,2165,32249.092347,434.82053778,1027.4546782,1809.0424626,0,111.82828811,29286136.67,821.9,35632
Sussex,Hopatcong,2240,28704.411245,460.92474138,1443.9244319,593.71733655,0,8.8630749766,44267580.45,1418.2944444,31212
Sussex,Kittatinny Regional,2465,31002.610087,419.19542949,1403.7016367,554.14908423,282.45560318,459.03536018,27240807.43,798.35555556,34121
Sussex,Lafayette Twp,2490,26636.311436,137.49391727,934.23844282,517.42092457,0,633.06126521,5930427.09,205.5,28859
Sussex,Lenape Valley Regional,2615,27828.873429,2171.3706823,1901.7050684,431.65197955,0,22.710950558,21594263.05,667.38950276,32356
Sussex,Montague Twp,3300,24721.78716,1823.4239445,2709.5092996,869.09683115,0,57.932866579,11016674.14,365.01111111,30182
Sussex,Newton Town,3590,22180.894845,256.30899058,2718.8418821,452.67210997,334.49585083,265.57895646,41479200.06,1582.6444444,26209
Sussex,Ogdensburg Boro,3840,19775.029948,288.23457306,2672.7232205,417.86516228,0,177.9955147,6442282.3,276.11538462,23332
Sussex,Sandyston-Walpack Twp,4650,24957.814871,163.6646434,1094.939302,277.68588771,0,128.00295903,3508793.79,131.8,26622
Sussex,Sparta Twp,4960,25509.615834,974.11615415,779.0633318,351.45020737,1645.0693637,37.153380149,94655586.92,3230.9555556,29296
Sussex,Stanhope Boro,5030,22386.724395,244.96674466,1676.0193084,354.04720231,1128.2126868,871.18756379,8039375.93,301.53888889,26661
Sussex,Stillwater Twp,5040,25642.5,514.49104032,4124.0704331,552.33076157,0,43.310652066,8270839.48,267.86666667,30877
Sussex,Sussex-Wantage Regional,5100,25817.542958,1561.3016483,1006.450822,497.09718847,0,7.8793343169,30244583.7,1046.8777778,28890
Sussex,Sussex County Vocational,5110,23515.981829,5.7749994095,1742.306693,682.52415107,901.46677899,425.99374552,19245326.02,705.62777778,27274
Sussex,Vernon Twp,5360,25967.999163,443.72505836,1010.3283943,432.07935317,120.49768261,20.720544257,82483322.4,2946.3222222,27995
Sussex,Wallkill Valley Regional,5435,28291.188041,954.41237258,1207.50289,433.08578835,672.57872981,394.83395979,20270654.89,634.37777778,31954
Sussex,Sussex County Technology Charter Sc,7850,22007.936579,0,1542.1482805,0,1288.258151,0,5561305,223.9,24838
Union,Berkeley Heights Twp,310,25404.505158,430.12951921,428.81741699,323.11053616,867.29082548,174.18668383,69527958.37,2516.5722222,27628
Union,Clark Twp,850,20478.737259,625.20111466,629.02718405,413.74503219,689.56662716,588.50670103,52818072.64,2254.7944444,23425
Union,Cranford Twp,980,22616.798575,13.155816876,755.81119189,190.84274428,180.04876077,188.11323335,89865122.1,3753.0166667,23945
Union,Elizabeth City,1320,22624.415273,438.58546099,3031.9431801,749.16477384,0,1806.1356205,801309292.16,27968.672222,28650
Union,Garwood Boro,1710,20984.388572,583.042985,805.45064919,337.17795629,1096.9597653,681.62418895,11871958.62,484.79444444,24489
Union,Hillside Twp,2190,21865.474902,231.73378122,2805.9541614,633.43262422,0,132.18455125,76244547.71,2970.3222222,25669
Union,Kenilworth Boro,2420,24603.01273,875.70668771,1131.650139,436.46982123,853.44679683,0,40654902,1457.15,27900
Union,Linden City,2660,23574.347708,514.30675946,1599.4506206,568.20553522,0,106.61022544,159806460.68,6061.7888889,26363
Union,Mountainside Boro,3470,20950.542761,28.693580539,687.11926487,285.0619905,1567.8735232,163.2089558,24354688.37,1028.3833333,23683
Union,New Providence Boro,3560,21968.90146,301.75754797,566.09006109,317.16319948,884.07415585,0,56779052,2362.0552486,24038
Union,Plainfield City,4160,18246.745394,634.72426674,4524.4168422,657.382291,219.88965127,1118.3846678,254619423.38,10023.777778,25402
Union,Rahway City,4290,20968.874784,38.753199096,2054.1094898,579.65658443,435.58103458,274.40600209,103078584.46,4232.9666667,24351
Union,Roselle Boro,4540,23780.50454,353.81922872,2834.1326568,1044.2900096,0,182.68686229,81738406.21,2898.9945055,28195
Union,Roselle Park Boro,4550,20950.634711,1610.8653139,1668.471131,614.69494718,321.16974895,170.33945024,50984783.44,2012.3314917,25336
Union,Scotch Plains-Fanwood Reg,4670,21637.872908,308.14713679,759.71310792,253.86031949,223.95379085,229.16795173,128705028.43,5497.2277778,23413
Union,Springfield Twp,5000,23051.721462,584.3984146,897.95538412,566.31850693,434.75421786,219.36267331,56532009.38,2195.0333333,25755
Union,Summit City,5090,23323.09432,403.26714809,1608.2090404,478.63167733,979.17319173,284.82102509,104134234.07,3845.8277778,27077
Union,Union County Vocational,5260,15730.33231,22.187302172,1036.461981,234.43093763,3010.6917055,244.56047695,42177256.76,2079.8833333,20279
Union,Union Twp,5290,21504.490328,82.7052554,1994.5899993,622.96033963,439.19067078,217.48235503,185809712.47,7473.8176796,24861
Union,Westfield Town,5730,23460.631686,684.03303818,816.26883417,211.00493863,607.10458529,115.67539435,152707521.24,5897.2458564,25895
Union,Winfield Twp,5810,26410.450755,14.029387056,4128.3777489,504.49121189,0,0,5151362,165.86612022,31057
Union,The Barack Obama Green Charter High,6033,16731.61945,6111.0782241,3807.9069767,537.27272727,0,0,6429933,236.5,27188
Union,College Achieve Central Charter Sch,6101,15715.483825,13.495083369,2163.032635,882.86945988,0,0,26348668,1403.4,18775
Union,Cresthaven Academy Charter School,6102,14010.495556,42.657777778,4074.2266667,991.35111111,0,0,8603429,450,19119
Union,Queen City Academy Cs,7600,14358.811937,2109.9521396,4809.6903153,590.74605856,0,0,7767940,355.2,21869
Union,Union County Teams Cs,8010,12951.186299,0,1263.63687,456.68894458,0,0,5268540,359.1,14672
Warren,Allamuchy Twp,30,21568.139333,297.57584989,1355.1450358,379.21270337,1321.5159506,15.169998953,14552399.79,583.57222222,24937
Warren,Alpha Boro,70,24012.604004,258.61315539,1474.3698761,391.48026692,0,73.284709247,7637405.35,291.38888889,26210
Warren,Belvidere Town,280,23443.879962,103.44880872,1644.7144937,1831.3661109,0,25.13838008,16420710.08,607.08287293,27049
Warren,Blairstown Twp,400,22842.946407,629.24538593,1057.1675017,431.93835225,0,131.02901757,10989742.07,437.97222222,25092
Warren,Franklin Twp,1620,28072.92132,247.47305389,1113.2828297,508.30135079,0,787.19807826,6129617.15,199.47222222,30729
Warren,Frelinghuysen Twp,1670,22474.532356,240.17392787,1090.9728025,501.15014068,0,0,3167720,130.32222222,24307
Warren,Great Meadows Regional,1785,21633.168707,288.69717935,727.53485897,223.80308675,624.58754657,54.713273018,22127578.12,939.5,23553
Warren,Greenwich Twp,1840,18760.314138,44.299429294,628.12765179,514.68661087,442.25553651,272.80638592,20697271.61,1001.6833333,20662
Warren,Hackettstown,1870,21196.260821,1077.583684,811.58652467,393.74068814,311.88621592,190.70991911,47762274.35,1991.6077348,23982
Warren,Harmony Twp,2040,27957.940699,2293.7396382,1232.5941174,359.96892443,0,129.45239025,8875687.13,277.59340659,31974
Warren,Hope Twp,2250,28815.314692,628.6122515,1310.1335057,517.20252142,0,507.73470179,5461573.85,171.86111111,31779
Warren,Knowlton Twp,2470,29105.447344,266.63349243,1538.8138519,476.64263227,0,33.503300498,5156716.45,164.11666667,31421
Warren,Lopatcong Twp,2790,17672.041394,598.7603005,680.63324672,252.04877506,881.31259921,55.436198093,22132549.07,1098.9222222,20140
Warren,Mansfield Twp,2970,22923.142296,650.93733262,1387.9985717,496.52383503,814.22960186,33.846902339,14734370.65,560.1,26307
Warren,North Warren Regional,3675,25677.187029,3009.6606335,1019.5384615,491.16440422,0,33.233499246,20043009.81,663,30231
Warren,Oxford Twp,3890,22248.160467,389.98420967,1395.2861733,391.59975657,833.65744888,1108.1248267,8976370.22,340.44198895,26367
Warren,Phillipsburg Town,4100,20998.410946,3162.7346103,2839.7091236,551.63127252,166.46480952,3921.0207468,124571138.05,3937.1444444,31640
Warren,Pohatcong Twp,4200,21436.836802,4.3642358036,954.79459453,349.19007726,1895.7527802,52.681915043,11090027.71,449.10497238,24694
Warren,Warren County Vocational,5460,24652.640124,907.86560497,2046.9194018,611.9813556,0,834.3137852,12466467.14,429.08333333,29054
Warren,Warren Hills Regional,5465,26478.80232,969.90581473,940.06033281,543.91225069,1381.4298291,789.79172948,49656012.78,1596.456044,31104
Warren,Washington Boro,5480,18694.967413,24.169194038,4516.9794154,682.82957992,328.43667807,254.60272311,12656908.72,516.56666667,24502
Warren,Washington Twp,5530,26088.486038,1224.0696745,1249.5967912,533.67123403,0,24.539405074,11535384.74,396.12777778,29120
Warren,White Twp,5780,26208.220193,31.758634379,1042.8318116,284.74791584,0,123.55797274,10463088.38,377.85,27691
Warren,Ridge And Valley Cs,7727,23996.597403,208.35497835,924.86580087,0,0,0,2902494,115.5,25130
