GROUP,CONAME,DIST,DISTNAME,pp3vv,stpct01vv,ltpct01vv,fdpct01vv,tupct01vv,fbpct01vv,otpct01vv,strat01vv,ssrat01vv,sarat01vv,pctsevv
A. K-6,Bergen,1270,Edgewater Boro,25061,0.141,0.839,0.02,0,0,0,11.7,81,111.2,0.081
A. K-6,Bergen,3870,Oradell Boro,21465,0.236,0.742,0.022,0,0,0,12.4,77.4,110.6,0.1111
A. K-6,Bergen,4410,River Edge Boro,22652,0.322,0.626,0.033,0.019,0,0,11.9,62.8,148,0.1095
A. K-6,Bergen,4620,Saddle River Boro,34361,0.165,0.785,0.036,0.014,0,0,7.2,38.1,33.7,0.0508
A. K-6,Burlington,830,Chesterfield Twp,26003,0.358,0.625,0.015,0.002,0,0,10.3,64.4,88.5,0.1342
A. K-6,Burlington,2960,Mansfield Twp,30815,0.224,0.751,0.021,0.004,0,0,8.9,55.5,86.3,0.1448
A. K-6,Burlington,3650,North Hanover Twp,30354,0.605,0.093,0.298,0,0,0.004,9.8,66.8,130.9,0.1291
A. K-6,Burlington,5010,Springfield Twp,23110,0.339,0.6,0.055,0.006,0,0,12.9,82.7,103.3,0.1371
A. K-6,Camden,2540,Laurel Springs Boro,19645,0.502,0.46,0.037,0,0.001,0,11.5,77.2,78.9,0.1705
A. K-6,Camden,3770,Oaklyn Boro,22731,0.413,0.5,0.078,0.001,0,0.008,8.3,148.8,253,0.087
A. K-6,Camden,5560,Waterford Twp,23924,0.485,0.387,0.05,0.001,0.058,0.019,9,63.6,152.2,0.1281
A. K-6,Cape May,710,Cape May City,33473,0.457,0.279,0.264,0,0,0,7.4,55.7,87.9,0.1377
A. K-6,Cape May,2840,Lower Twp,26956,0.472,0.464,0.056,0,0,0.008,10.4,54.4,168.1,0.1434
A. K-6,Cape May,5610,West Cape May Boro,27020,0.42,0.566,0.013,0.001,0,0,8.3,85,70.8,0.0941
A. K-6,Essex,1400,Essex Fells Boro,28713,0.228,0.724,0.034,0.014,0,0,11.5,59.4,230,0.1146
A. K-6,Essex,1465,Fairfield Twp,24206,0.23,0.721,0.042,0.007,0,0,9.9,77.7,139.8,0.0973
A. K-6,Essex,3630,North Caldwell Boro,25728,0.227,0.732,0.035,0.006,0,0,9.6,81.5,173.3,0.1501
A. K-6,Essex,4530,Roseland Boro,27362,0.231,0.737,0.027,0.005,0,0,10.5,61.9,154.7,0.1616
A. K-6,Gloucester,1180,East Greenwich Twp,20555,0.412,0.56,0.022,0.002,0,0.004,11.5,80.7,163.6,0.1176
A. K-6,Gloucester,1330,Elk Twp,25347,0.459,0.42,0.104,0.016,0,0.001,10.5,97.1,330,0.0909
A. K-6,Gloucester,1590,Franklin Twp,23166,0.48,0.388,0.056,0.07,0.006,0,10.2,69.8,157,0.1202
A. K-6,Gloucester,2070,Harrison Twp,20481,0.418,0.544,0.033,0.005,0,0,11.8,94.8,161.9,0.0741
A. K-6,Gloucester,2990,Mantua Twp,22606,0.455,0.492,0.051,0.002,0,0,9.5,59.9,179.7,0.1407
A. K-6,Gloucester,3490,National Park Boro,23423,0.602,0.325,0.055,0.003,0,0.015,9.8,87.2,164.1,0.1792
A. K-6,Gloucester,4880,South Harrison Twp,22769,0.381,0.575,0.039,0.004,0,0.001,12.2,108.3,117.3,0.08
A. K-6,Gloucester,5120,Swedesboro-Woolwich,22786,0.431,0.53,0.036,0.004,0,0,11.3,63,157.5,0.1644
A. K-6,Gloucester,5590,Wenonah Boro,25531,0.252,0.696,0.043,0.008,0,0.001,10.3,48.9,114,0.1637
A. K-6,Gloucester,5740,Westville Boro,24482,0.613,0.325,0.057,0.005,0,0,10.8,79.1,109.7,0.1912
A. K-6,Gloucester,5870,Woodbury Heights Boro,23132,0.425,0.505,0.064,0.006,0,0,10.1,82.3,247,0.1174
A. K-6,Hunterdon,2590,Lebanon Boro,30410,0.203,0.719,0.054,0.013,0.011,0,7.3,49,49,0.1224
A. K-6,Hunterdon,3180,Milford Boro,29522,0.191,0.594,0.03,0.009,0.175,0.001,7.9,57,54.8,0.2105
A. K-6,Monmouth,130,Atlantic Highlands Boro,30216,0.241,0.709,0.046,0.004,0,0,9.1,117.3,103.6,0.1667
A. K-6,Monmouth,2160,Highlands Boro,33678,0.272,0.621,0.031,0,0.071,0.005,7.8,52.8,72.5,0.2316
A. K-6,Monmouth,4520,Roosevelt Boro,26678,0.404,0.548,0.024,0.018,0,0.006,10.3,32.8,82,0.0366
A. K-6,Morris,3240,Mine Hill Twp,25471,0.363,0.601,0.036,0,0,0,10.3,116.3,116.3,0.1032
A. K-6,Ocean,230,Beach Haven Boro,50046,0.254,0.719,0.025,0.002,0,0,6.4,33.3,37.5,0.0533
A. K-6,Ocean,320,Berkeley Twp,22470,0.326,0.612,0.046,0.001,0,0.015,11.5,68.5,184.3,0.1724
A. K-6,Ocean,1150,Eagleswood Twp,27596,0.304,0.599,0.097,0,0,0,8.4,99.3,69.5,0.1871
A. K-6,Ocean,2350,Island Heights Boro,29186,0.263,0.693,0.038,0,0,0.006,8.3,69.1,80.7,0.1405
A. K-6,Ocean,2690,Little Egg Harbor Twp,26053,0.542,0.359,0.07,0.026,0,0.003,10.6,67.6,128.9,0.1581
A. K-6,Ocean,2760,Long Beach Island,41052,0.24,0.728,0.022,0.01,0,0,6.5,49.5,49.5,0.1313
A. K-6,Ocean,3800,Ocean Gate Boro,30995,0.456,0.478,0.065,0,0,0.001,8,63.3,66.5,0.203
A. K-6,Ocean,3820,Ocean Twp,23998,0.353,0.597,0.042,0,0,0.008,10.8,46.5,131.3,0.1484
A. K-6,Ocean,4710,Seaside Heights Boro,38059,0.302,0.44,0.239,0.009,0,0.01,7.8,35.3,156.8,0.199
A. K-6,Ocean,5020,Stafford Twp,23319,0.397,0.56,0.041,0.002,0,0,12.4,75.3,194.4,0.141
A. K-6,Ocean,5220,Tuckerton Boro,29472,0.532,0.392,0.062,0,0.012,0.002,9.2,64.9,151,0.1093
A. K-6,Sussex,1630,Fredon Twp,31898,0.218,0.672,0.053,0.01,0,0.047,7.8,71.5,132.9,0.1183
A. K-6,Sussex,1980,Hampton Twp,28843,0.273,0.645,0.066,0.016,0,0,7.1,76.5,80.7,0.1821
A. K-6,Sussex,4650,Sandyston-Walpack Twp,26622,0.227,0.632,0.141,0,0,0,9.1,64,58.2,0.1875
A. K-6,Sussex,5040,Stillwater Twp,30877,0.395,0.553,0.037,0.004,0,0.011,8.1,71.6,75.7,0.1509
A. K-6,Warren,400,Blairstown Twp,25092,0.283,0.67,0.043,0.004,0,0,8.3,44.7,87.3,0.1862
A. K-6,Warren,1620,Franklin Twp,30729,0.273,0.627,0.033,0.012,0.054,0.001,7.8,49.9,66,0.0556
A. K-6,Warren,1670,Frelinghuysen Twp,24307,0.265,0.693,0.042,0,0,0,10.6,58.2,64,0.0859
A. K-6,Warren,2470,Knowlton Twp,31421,0.357,0.601,0.042,0,0,0,8,38.1,54.7,0.1829
A. K-6,Warren,2970,Mansfield Twp,26307,0.469,0.427,0.053,0.004,0.013,0.034,9,54.2,130.2,0.1353
A. K-6,Warren,5480,Washington Boro,24502,0.53,0.406,0.064,0,0,0,10.9,73.5,161.9,0.0985
A. K-6,Warren,5530,Washington Twp,29120,0.338,0.62,0.042,0,0,0,8.9,44.3,97.8,0.1637
B. K-8 / 0 - 400,Atlantic,570,Brigantine City,51261,0.263,0.634,0.097,0,0,0.006,6.8,34.5,103.5,0.1087
B. K-8 / 0 - 400,Atlantic,1410,Estell Manor City,27267,0.483,0.447,0.071,0,0,0,11.3,65.6,54.8,0.1326
B. K-8 / 0 - 400,Atlantic,1540,Folsom Boro,24358,0.756,0.206,0.031,0,0.002,0.005,10.6,47.5,126.7,0.1474
B. K-8 / 0 - 400,Atlantic,3020,Margate City,43352,0.207,0.726,0.017,0.049,0,0.001,7.2,49.9,89.8,0.1532
B. K-8 / 0 - 400,Atlantic,4240,Port Republic City,23077,0.409,0.539,0.052,0,0,0,9.8,79.3,111,0.1171
B. K-8 / 0 - 400,Atlantic,5760,Weymouth Twp,26421,0.518,0.455,0.027,0,0,0,10.9,81,54,0.1358
B. K-8 / 0 - 400,Bergen,80,Alpine Boro,37120,0.18,0.779,0.021,0.02,0,0,7.2,62.4,34.7,0.0705
B. K-8 / 0 - 400,Bergen,1380,Englewood Cliffs Boro,38308,0.191,0.718,0.013,0.004,0.074,0,8.6,49.4,67.5,0.1037
B. K-8 / 0 - 400,Bergen,3350,Moonachie Boro,26899,0.227,0.721,0.044,0.003,0,0.005,10.1,201.8,114.3,0.1166
B. K-8 / 0 - 400,Bergen,4870,South Hackensack Twp,32180,0.17,0.805,0.025,0,0,0,9.8,78.5,92.5,0.0888
B. K-8 / 0 - 400,Burlington,380,Beverly City,27671,0.583,0.289,0.128,0,0,0,9.5,66.8,83.5,0.1557
B. K-8 / 0 - 400,Burlington,1030,Delanco Twp,25996,0.349,0.561,0.056,0.002,0.032,0,13.1,73.1,99.4,0.1676
B. K-8 / 0 - 400,Burlington,3540,New Hanover Twp,28868,0.555,0.296,0.149,0,0,0,9.4,91,75.8,0.1648
B. K-8 / 0 - 400,Burlington,4460,Riverton,22489,0.253,0.687,0.053,0.007,0,0,10.3,55,135,0.1448
B. K-8 / 0 - 400,Burlington,5890,Woodland Twp,35359,0.394,0.556,0.05,0,0,0,6.1,63.8,72.9,0.2353
B. K-8 / 0 - 400,Camden,580,Brooklawn Boro,23746,0.718,0.165,0.117,0,0,0,9.7,54.3,103.6,0.1614
B. K-8 / 0 - 400,Camden,1720,Gibbsboro Boro,24086,0.407,0.532,0.056,0.005,0,0,10.6,73.6,119.6,0.1359
B. K-8 / 0 - 400,Camden,2560,Lawnside Boro,26795,0.565,0.379,0.056,0,0,0,12.7,142.5,57,0.152
B. K-8 / 0 - 400,Camden,2890,Magnolia Boro,27525,0.47,0.394,0.072,0.005,0,0.059,10.8,79.7,133.7,0.1521
B. K-8 / 0 - 400,Camden,3110,Merchantville Boro,21807,0.421,0.412,0.062,0.001,0.104,0,12,97.5,195,0.1179
B. K-8 / 0 - 400,Camden,5900,Woodlynne Boro,26230,0.695,0.152,0.085,0.001,0,0.067,9.8,107.3,107.3,0.1375
B. K-8 / 0 - 400,Cape May,170,Avalon Boro,53377,0.201,0.637,0.052,0.11,0,0,7.3,56.9,148,0.0676
B. K-8 / 0 - 400,Cape May,3680,North Wildwood City,52554,0.228,0.61,0.109,0.053,0,0,5.7,28.5,46.5,0.1774
B. K-8 / 0 - 400,Cape May,5060,Stone Harbor Boro,34362,0.146,0.693,0.023,0.137,0,0.001,9.1,14.8,30.7,0.0109
B. K-8 / 0 - 400,Cape May,5800,Wildwood Crest Boro,41997,0.235,0.679,0.022,0,0.009,0.055,6.9,49.7,78.7,0.161
B. K-8 / 0 - 400,Cape May,5840,Woodbine Boro,28214,0.625,0.279,0.09,0,0,0.006,7.3,108.2,119,0.2353
B. K-8 / 0 - 400,Cumberland,1020,Deerfield Twp,27679,0.52,0.398,0.076,0.001,0,0.005,8.9,70.8,122.3,0.1413
B. K-8 / 0 - 400,Cumberland,1120,Downe Twp,31276,0.585,0.32,0.095,0,0,0,9,157,157,0.1656
B. K-8 / 0 - 400,Cumberland,1820,Greenwich Twp,25698,0.44,0.518,0.041,0,0,0.001,8.3,26.8,38,0.1053
B. K-8 / 0 - 400,Cumberland,3050,Maurice River Twp,22042,0.608,0.282,0.087,0,0.021,0.002,10.6,128.2,97.8,0.1611
B. K-8 / 0 - 400,Cumberland,5070,Stow Creek Twp,25842,0.416,0.454,0.059,0,0,0.071,4.9,153.8,41,0.0569
B. K-8 / 0 - 400,Hudson,1200,East Newark Boro,22894,0.589,0.217,0.143,0,0.051,0,11,79.6,47,0.0918
B. K-8 / 0 - 400,Hunterdon,370,Bethlehem Twp,30763,0.226,0.62,0.013,0.011,0.13,0,9.5,44.5,121.7,0.1726
B. K-8 / 0 - 400,Hunterdon,430,Bloomsbury Boro,24575,0.404,0.531,0.059,0.005,0,0.001,6,49.5,99,0.1313
B. K-8 / 0 - 400,Hunterdon,670,Califon Boro,37399,0.237,0.707,0.025,0.03,0,0.001,5.6,56,42,0.1071
B. K-8 / 0 - 400,Hunterdon,910,Clinton-Glen Gardner,28870,0.295,0.64,0.031,0.018,0.016,0,7.7,38.2,91.9,0.1361
B. K-8 / 0 - 400,Hunterdon,1160,East Amwell Twp,30502,0.256,0.684,0.023,0.025,0.012,0,8.5,46.6,92.1,0.1057
B. K-8 / 0 - 400,Hunterdon,1600,Franklin Twp,37453,0.206,0.682,0.02,0.013,0.079,0,8.4,126.5,126.5,0.1779
B. K-8 / 0 - 400,Hunterdon,1680,Frenchtown Boro,34015,0.314,0.606,0.057,0.011,0.012,0,8.4,85,119,0.1597
B. K-8 / 0 - 400,Hunterdon,1970,Hampton Boro,34769,0.408,0.56,0.02,0,0.007,0.005,7.2,51.1,36.8,0.1739
B. K-8 / 0 - 400,Hunterdon,2140,High Bridge Boro,32172,0.378,0.594,0.023,0.002,0,0.003,7.9,43.4,69.4,0.1441
B. K-8 / 0 - 400,Hunterdon,2450,Kingwood Twp,28112,0.274,0.639,0.03,0.033,0.024,0,9,49.4,101.9,0.1043
B. K-8 / 0 - 400,Monmouth,180,Avon Boro,34753,0.184,0.699,0.027,0.028,0.062,0,7.2,29.5,48.6,0.1129
B. K-8 / 0 - 400,Monmouth,500,Bradley Beach Boro,28506,0.238,0.688,0.072,0.002,0,0,6.1,58,58.8,0.1745
B. K-8 / 0 - 400,Monmouth,1000,Deal Boro,31088,0.543,0.413,0.044,0,0,0,8.6,101.9,80,0.1438
B. K-8 / 0 - 400,Monmouth,1490,Farmingdale Boro,27495,0.424,0.533,0.042,0.001,0,0,7.2,38.5,79.5,0.1887
B. K-8 / 0 - 400,Monmouth,3250,Monmouth Beach Boro,31822,0.204,0.71,0.043,0.044,0,0,7.2,54.9,94,0.096
B. K-8 / 0 - 400,Monmouth,3500,Neptune City,26483,0.247,0.633,0.034,0.001,0.085,0,7.9,66.8,58.2,0.1982
B. K-8 / 0 - 400,Monmouth,4690,Sea Girt Boro,38083,0.195,0.773,0.009,0.022,0,0.001,5.7,57.8,65,0.0462
B. K-8 / 0 - 400,Monmouth,4980,Spring Lake Boro,38825,0.207,0.767,0.018,0.008,0,0,7,37,53,0.1006
B. K-8 / 0 - 400,Monmouth,4990,Spring Lake Heights Boro,27381,0.184,0.775,0.028,0.013,0,0,7.7,40.6,134.6,0.1269
B. K-8 / 0 - 400,Morris,460,Boonton Twp,27402,0.167,0.815,0.015,0.004,0,0,9.6,71.5,98.3,0.1145
B. K-8 / 0 - 400,Morris,2010,Harding Township,34814,0.185,0.791,0.014,0.008,0,0.002,7.1,39,80.8,0.1546
B. K-8 / 0 - 400,Morris,3410,Mount Arlington Boro,29205,0.189,0.783,0.024,0.004,0,0,8.5,45.7,96.4,0.2305
B. K-8 / 0 - 400,Morris,3520,Netcong Boro,28311,0.417,0.493,0.079,0,0,0.011,8.4,48.2,110.8,0.1516
B. K-8 / 0 - 400,Morris,4440,Riverdale Boro,25858,0.156,0.697,0.061,0.007,0.046,0.033,8.9,39.4,94.7,0.1408
B. K-8 / 0 - 400,Ocean,210,Bay Head Boro,33431,0.156,0.68,0.05,0.082,0.032,0,11.4,0,132,0.0303
B. K-8 / 0 - 400,Ocean,2500,Lakehurst Boro,23162,0.77,0.119,0.11,0.001,0,0,10.5,100.2,108.2,0.2409
B. K-8 / 0 - 400,Ocean,2550,Lavallette Boro,31819,0.196,0.704,0.048,0.053,0,0,9.1,70.5,141,0.0709
B. K-8 / 0 - 400,Salem,60,Alloway Twp,23072,0.512,0.419,0.068,0,0,0.001,11.6,126.5,145.5,0.1615
B. K-8 / 0 - 400,Salem,1350,Elsinboro Twp,24551,0.505,0.412,0.083,0,0,0,7.7,172.9,121,0.1074
B. K-8 / 0 - 400,Salem,2800,Lower Alloways Creek,28408,0.283,0.586,0.093,0.039,0,0,7.6,90.2,148,0.1892
B. K-8 / 0 - 400,Salem,2950,Mannington Twp,25066,0.284,0.603,0.084,0.023,0,0.006,8.3,174,87,0.1264
B. K-8 / 0 - 400,Salem,3860,Oldmans Twp,20978,0.503,0.459,0.038,0,0,0,11.7,91.9,98,0.119
B. K-8 / 0 - 400,Salem,4280,Quinton Twp,27216,0.619,0.325,0.056,0,0,0,9.3,39.6,138.5,0.1083
B. K-8 / 0 - 400,Salem,5320,Upper Pittsgrove Twp,25215,0.449,0.453,0.089,0,0,0.009,10.3,88.9,130,0.1083
B. K-8 / 0 - 400,Sussex,1800,Green Twp,25905,0.293,0.675,0.032,0,0,0,8.8,61.1,96.3,0.1143
B. K-8 / 0 - 400,Sussex,1930,Hamburg Boro,34039,0.413,0.556,0.023,0.001,0,0.007,9.1,41.3,103.3,0.1895
B. K-8 / 0 - 400,Sussex,2490,Lafayette Twp,28859,0.291,0.676,0.027,0.006,0,0,8.3,62.2,91.8,0.1386
B. K-8 / 0 - 400,Sussex,3300,Montague Twp,30182,0.358,0.586,0.05,0,0,0.006,8.6,34,60.4,0.1324
B. K-8 / 0 - 400,Sussex,3840,Ogdensburg Boro,23332,0.561,0.407,0.026,0,0,0.006,9.9,66.4,74,0.1969
B. K-8 / 0 - 400,Sussex,5030,Stanhope Boro,26661,0.317,0.598,0.058,0.027,0,0,10,50.9,99.3,0.2181
B. K-8 / 0 - 400,Union,1710,Garwood Boro,24489,0.187,0.785,0.028,0,0,0,10.9,53.6,137.2,0.1662
B. K-8 / 0 - 400,Union,5810,Winfield Twp,31057,0.582,0.329,0.068,0,0,0.021,7.3,54.2,47.7,0.0909
B. K-8 / 0 - 400,Warren,70,Alpha Boro,26210,0.426,0.519,0.056,0,0,0,7.9,95,95,0.1053
B. K-8 / 0 - 400,Warren,2040,Harmony Twp,31974,0.19,0.768,0.037,0.006,0,0,6.6,66.3,82.2,0.1457
B. K-8 / 0 - 400,Warren,2250,Hope Twp,31779,0.238,0.721,0.037,0.004,0,0,7.3,91.4,73.1,0.2656
B. K-8 / 0 - 400,Warren,3890,Oxford Twp,26367,0.448,0.499,0.047,0.006,0,0,9.4,74.3,113.2,0.1807
B. K-8 / 0 - 400,Warren,4200,Pohatcong Twp,24694,0.331,0.628,0.04,0.001,0,0,10.4,102,79.5,0.1424
B. K-8 / 0 - 400,Warren,5780,White Twp,27691,0.234,0.729,0.031,0.006,0,0,7.9,84,144,0.0992
C. K-8 / 401 - 750,Atlantic,1300,Egg Harbor City,27938,0.652,0.223,0.106,0.012,0,0.007,9.2,48.9,128.3,0.2164
C. K-8 / 401 - 750,Atlantic,3480,Mullica Twp,28308,0.545,0.322,0.072,0.049,0,0.012,10.1,69.6,125.2,0.131
C. K-8 / 401 - 750,Atlantic,4800,Somers Point City,32091,0.469,0.461,0.065,0.004,0,0.001,9,54.1,131.7,0.1506
C. K-8 / 401 - 750,Atlantic,5350,Ventnor City,36857,0.25,0.638,0.076,0.006,0.026,0.004,7.6,49.4,113.6,0.1373
C. K-8 / 401 - 750,Bergen,740,Carlstadt Boro,32906,0.195,0.745,0.034,0.005,0,0.021,12,69.7,87.2,0.1415
C. K-8 / 401 - 750,Bergen,1230,East Rutherford Boro,32961,0.224,0.72,0.051,0.005,0,0,9.1,60.3,144.8,0.1409
C. K-8 / 401 - 750,Bergen,2050,Harrington Park Boro,27506,0.219,0.736,0.018,0.009,0.017,0.001,11,57,123.2,0.0974
C. K-8 / 401 - 750,Bergen,2090,Haworth Boro,33444,0.226,0.763,0.011,0,0,0,9.5,49.3,104.8,0.1146
C. K-8 / 401 - 750,Bergen,2200,Ho Ho Kus Boro,23598,0.203,0.733,0.021,0.002,0.041,0,12,59.7,96.5,0.1347
C. K-8 / 401 - 750,Bergen,3730,Northvale Boro,25586,0.237,0.738,0.01,0.015,0,0,10.2,63.3,131.3,0.1562
C. K-8 / 401 - 750,Bergen,3740,Norwood Boro,23960,0.238,0.731,0.026,0.004,0,0.001,12.9,62.3,101.8,0.1097
C. K-8 / 401 - 750,Bergen,3850,Old Tappan Boro,25784,0.215,0.765,0.012,0.008,0,0,11.9,62,101,0.0849
C. K-8 / 401 - 750,Bergen,4470,Rochelle Park Twp,25515,0.218,0.759,0.019,0.004,0,0,10.9,56.6,137.1,0.1497
C. K-8 / 401 - 750,Bergen,5880,Woodcliff Lake Boro,28125,0.211,0.76,0.027,0.002,0,0,8.7,79.8,119.7,0.1671
C. K-8 / 401 - 750,Burlington,1250,Eastampton Twp,26371,0.487,0.417,0.057,0.007,0,0.032,11,61.3,149.7,0.167
C. K-8 / 401 - 750,Burlington,1910,Hainesport Twp,24479,0.263,0.691,0.043,0.003,0,0,10.1,62.7,141,0.1667
C. K-8 / 401 - 750,Burlington,3070,Medford Lakes Boro,22434,0.345,0.613,0.018,0.008,0,0.016,10.6,58.3,96.8,0.1219
C. K-8 / 401 - 750,Burlington,4740,Shamong Twp,26415,0.38,0.56,0.046,0.006,0.007,0.001,10.7,62.3,114.2,0.1679
C. K-8 / 401 - 750,Burlington,4930,Southampton Township School District,26845,0.271,0.697,0.031,0.001,0,0,9.5,49.4,97.4,0.217
C. K-8 / 401 - 750,Burlington,5130,Tabernacle Twp,24950,0.373,0.535,0.034,0.003,0.055,0,12.5,60.5,166.3,0.1323
C. K-8 / 401 - 750,Camden,190,Barrington Boro,25149,0.365,0.593,0.042,0.001,0,0,9,77.9,111.2,0.1394
C. K-8 / 401 - 750,Camden,340,Berlin Twp,25396,0.473,0.493,0.035,0,0,0,10.5,94.2,105.2,0.1585
C. K-8 / 401 - 750,Camden,880,Clementon Boro,23833,0.645,0.283,0.067,0.006,0,0,10.2,90.5,138,0.1268
C. K-8 / 401 - 750,Camden,3420,Mount Ephraim Boro,25024,0.468,0.487,0.036,0,0,0.009,10.2,61.3,105.8,0.078
C. K-8 / 401 - 750,Camden,4790,Somerdale Boro,25224,0.535,0.402,0.059,0,0,0.004,12.3,90,138.5,0.1204
C. K-8 / 401 - 750,Cape May,1080,Dennis Twp,26684,0.385,0.526,0.057,0.001,0.025,0.006,9.6,64.8,155.5,0.1543
C. K-8 / 401 - 750,Cumberland,950,Commercial Twp,25254,0.744,0.143,0.112,0,0,0.001,12.2,66.9,156,0.1688
C. K-8 / 401 - 750,Cumberland,1460,Fairfield Twp,29505,0.658,0.123,0.219,0,0,0,10.1,109.1,81.8,0.112
C. K-8 / 401 - 750,Cumberland,2270,Hopewell Twp,22409,0.533,0.364,0.048,0.013,0.032,0.01,10.8,88.6,147.7,0.1783
C. K-8 / 401 - 750,Cumberland,2570,Lawrence Twp,25720,0.709,0.207,0.066,0.007,0.009,0.002,10.4,58.9,117.8,0.1529
C. K-8 / 401 - 750,Gloucester,1830,Greenwich Twp,28277,0.219,0.747,0.034,0,0,0,9.9,49.9,105.5,0.1185
C. K-8 / 401 - 750,Hunterdon,20,Alexandria Twp,28588,0.292,0.676,0.024,0.009,0,0,9.2,50.3,100.7,0.1567
C. K-8 / 401 - 750,Hunterdon,1040,Delaware Twp,29833,0.25,0.707,0.02,0.011,0.013,0,8.8,89.3,103.4,0.145
C. K-8 / 401 - 750,Hunterdon,2220,Holland Twp,27264,0.265,0.695,0.018,0.021,0,0.001,9.2,49.6,170.7,0.1758
C. K-8 / 401 - 750,Hunterdon,2600,Lebanon Twp,27581,0.275,0.562,0.018,0.026,0.119,0,9.1,54.5,144.5,0.1557
C. K-8 / 401 - 750,Hunterdon,5180,Tewksbury Twp,37211,0.239,0.739,0.019,0.003,0,0,8.9,91.7,123.8,0.0929
C. K-8 / 401 - 750,Hunterdon,5270,Union Twp,32166,0.218,0.692,0.016,0.01,0.064,0,10,40.6,90.9,0.177
C. K-8 / 401 - 750,Middlesex,970,Cranbury Twp,31982,0.169,0.817,0.013,0.001,0,0,8.5,42.4,80,0.089
C. K-8 / 401 - 750,Middlesex,2370,Jamesburg Boro,21660,0.527,0.374,0.052,0.002,0.039,0.006,10.1,72.7,120.4,0.1465
C. K-8 / 401 - 750,Monmouth,270,Belmar Boro,30877,0.255,0.531,0.071,0.121,0.017,0.005,7.4,41.1,100,0.17
C. K-8 / 401 - 750,Monmouth,560,Brielle Boro,24974,0.178,0.789,0.031,0.002,0,0,9.7,74,125.8,0.1551
C. K-8 / 401 - 750,Monmouth,2720,Little Silver Boro,26113,0.232,0.746,0.02,0.002,0,0,9.9,63.4,114.7,0.1292
C. K-8 / 401 - 750,Monmouth,3830,Oceanport Boro,30336,0.243,0.72,0.029,0.008,0,0,8.1,46.4,67,0.145
C. K-8 / 401 - 750,Monmouth,4770,Shrewsbury Boro,25248,0.229,0.755,0.011,0.006,0,0,11.5,51.5,113.3,0.1921
C. K-8 / 401 - 750,Monmouth,5230,Union Beach,22778,0.557,0.387,0.057,0,0,0,10.3,79.9,170.8,0.1203
C. K-8 / 401 - 750,Monmouth,5640,West Long Branch Boro,30684,0.244,0.684,0.038,0.034,0,0,9.1,77.7,82.3,0.1759
C. K-8 / 401 - 750,Morris,3090,Mendham Boro,32502,0.204,0.771,0.017,0.007,0,0.001,8.8,49.7,79.2,0.1011
C. K-8 / 401 - 750,Morris,3380,Morris Plains Boro,27916,0.192,0.785,0.02,0.004,0,0,9,57.7,96.7,0.1483
C. K-8 / 401 - 750,Morris,4480,Rockaway Boro,28140,0.313,0.585,0.053,0.017,0.031,0.001,10.6,63.2,113.8,0.1828
C. K-8 / 401 - 750,Morris,5770,Wharton Boro,26381,0.498,0.454,0.043,0,0,0.005,9.2,86,137.6,0.1817
C. K-8 / 401 - 750,Passaic,420,Bloomingdale Boro,30462,0.219,0.709,0.063,0.001,0,0.008,9.5,53.4,98.2,0.1873
C. K-8 / 401 - 750,Passaic,3640,North Haledon Boro,28537,0.232,0.724,0.041,0,0,0.003,9.4,65.9,95.5,0.1222
C. K-8 / 401 - 750,Somerset,240,Bedminster Twp,32301,0.177,0.794,0.028,0.002,0,0,9.4,44.9,120,0.1417
C. K-8 / 401 - 750,Somerset,1810,Green Brook Twp,27883,0.169,0.762,0.01,0.015,0.044,0,8.9,77.3,145.4,0.1362
C. K-8 / 401 - 750,Somerset,4850,South Bound Brook,25211,0.452,0.484,0.063,0.001,0,0,10.5,69.8,104.8,0.105
C. K-8 / 401 - 750,Somerset,5540,Watchung Boro,27420,0.246,0.724,0.02,0.009,0,0.001,9.3,60.3,121.8,0.1297
C. K-8 / 401 - 750,Sussex,90,Andover Reg,31137,0.2,0.776,0.017,0.007,0,0,7.9,43.9,68.8,0.1646
C. K-8 / 401 - 750,Sussex,1560,Frankford Twp,26502,0.305,0.657,0.038,0,0,0,8.1,51.7,114.2,0.1359
C. K-8 / 401 - 750,Sussex,1570,Franklin Boro,29136,0.478,0.451,0.061,0,0,0.01,9.7,53.2,119.8,0.1879
C. K-8 / 401 - 750,Sussex,2030,Hardyston Twp,27503,0.274,0.706,0.021,0,0,0,10.1,119.8,195.7,0.184
C. K-8 / 401 - 750,Union,3470,Mountainside Boro,23683,0.197,0.77,0.022,0.002,0.006,0.003,10.4,60.8,173.6,0.1001
C. K-8 / 401 - 750,Warren,30,Allamuchy Twp,24937,0.173,0.762,0.052,0.013,0,0,11.2,70.7,141.3,0.1392
C. K-8 / 401 - 750,Warren,1785,Great Meadows Regional,23553,0.286,0.652,0.026,0.003,0.033,0,10.6,66.9,174.7,0.194
C. K-8 / 401 - 750,Warren,1840,Greenwich Twp,20662,0.413,0.56,0.027,0,0,0,10.6,73.9,166.3,0.1759
C. K-8 / 401 - 750,Warren,2790,Lopatcong Twp,20140,0.267,0.623,0.034,0.002,0.073,0.001,12.1,92.2,233.7,0.1198
D. K-8 / 751 +,Atlantic,10,Absecon City,24095,0.401,0.515,0.074,0.006,0,0.004,10.4,73.2,150,0.1233
D. K-8 / 751 +,Atlantic,1690,Galloway Twp,27523,0.533,0.394,0.061,0.007,0,0.005,10.1,60.1,170.3,0.168
D. K-8 / 751 +,Atlantic,1940,Hamilton Twp,24492,0.598,0.315,0.074,0.006,0,0.007,11.3,71.6,178.2,0.1617
D. K-8 / 751 +,Atlantic,2680,Linwood City,23643,0.254,0.705,0.028,0.013,0,0,11.6,63.7,115.7,0.0988
D. K-8 / 751 +,Atlantic,3720,Northfield City,25424,0.494,0.457,0.048,0.001,0,0,9.7,73.1,174,0.1851
D. K-8 / 751 +,Bergen,40,Allendale Boro,23966,0.23,0.746,0.018,0.006,0,0,12.2,81.6,175.4,0.0661
D. K-8 / 751 +,Bergen,930,Closter Boro,24365,0.239,0.707,0.034,0.02,0,0,12.7,65.5,168.4,0.1374
D. K-8 / 751 +,Bergen,1070,Demarest Boro,30360,0.21,0.745,0.022,0.023,0,0,9.8,53.8,117.5,0.0993
D. K-8 / 751 +,Bergen,1470,Fairview Boro,17051,0.575,0.349,0.053,0,0.015,0.008,14.7,109.4,153.1,0.1254
D. K-8 / 751 +,Bergen,1580,Franklin Lakes Boro,34118,0.19,0.742,0.021,0.046,0,0.001,7.8,37.5,114.4,0.1241
D. K-8 / 751 +,Bergen,2180,Hillsdale Boro,28599,0.245,0.731,0.023,0.001,0,0,9,56,133.8,0.1794
D. K-8 / 751 +,Bergen,2710,Little Ferry Boro,26700,0.28,0.66,0.041,0.003,0.01,0.006,9.4,132.5,99.4,0.1245
D. K-8 / 751 +,Bergen,3060,Maywood Boro,22694,0.208,0.757,0.034,0,0.001,0,11.3,69,185,0.1546
D. K-8 / 751 +,Bergen,3330,Montvale Boro,24157,0.237,0.741,0.018,0.002,0,0.002,10.2,85.9,118.1,0.1122
D. K-8 / 751 +,Bergen,3760,Oakland Boro,31568,0.224,0.717,0.014,0,0.037,0.008,9.1,43.8,96.7,0.1742
D. K-8 / 751 +,Bergen,4430,River Vale Twp,35827,0.215,0.764,0.019,0.002,0,0,10.4,65.5,123.9,0.1132
D. K-8 / 751 +,Bergen,5330,Upper Saddle River Boro,27032,0.226,0.741,0.013,0.02,0,0,10.1,48.6,124.2,0.1324
D. K-8 / 751 +,Bergen,5920,Wyckoff Twp,26907,0.23,0.75,0.02,0,0,0,10.4,61.3,152.7,0.1144
D. K-8 / 751 +,Burlington,1280,Edgewater Park Twp,24202,0.522,0.415,0.038,0.008,0.007,0.01,11.7,84.2,125.1,0.1301
D. K-8 / 751 +,Burlington,1420,Evesham Twp,22568,0.282,0.678,0.04,0,0,0,12.8,70.5,233.7,0.1766
D. K-8 / 751 +,Burlington,2850,Lumberton Twp,27174,0.423,0.536,0.035,0.002,0,0.004,11.4,45.7,157.3,0.1762
D. K-8 / 751 +,Burlington,3080,Medford Twp,26428,0.252,0.722,0.021,0.002,0,0.003,11.3,60.5,161.1,0.2064
D. K-8 / 751 +,Burlington,3430,Mount Holly Twp,28108,0.598,0.299,0.078,0.007,0.003,0.015,10.1,57.7,129.9,0.1559
D. K-8 / 751 +,Burlington,3440,Mount Laurel Twp,23145,0.266,0.701,0.028,0,0.004,0.001,11.5,65.1,189.3,0.1371
D. K-8 / 751 +,Burlington,5720,Westampton,22907,0.415,0.555,0.027,0.003,0,0,10.7,87.4,154.3,0.1847
D. K-8 / 751 +,Camden,260,Bellmawr Boro,23205,0.555,0.375,0.059,0.001,0.003,0.007,11.4,83.6,86.8,0.1028
D. K-8 / 751 +,Camden,330,Berlin Boro,21402,0.447,0.502,0.049,0.002,0,0,11,66.8,161.8,0.1323
D. K-8 / 751 +,Camden,1780,Gloucester Twp,22278,0.582,0.364,0.032,0.003,0.014,0.005,12.1,72.7,177.8,0.1238
D. K-8 / 751 +,Camden,4590,Runnemede Boro,25238,0.514,0.357,0.068,0,0.048,0.013,10.2,64.8,143.4,0.1196
D. K-8 / 751 +,Camden,5080,Stratford Boro,23784,0.465,0.387,0.05,0.097,0,0.001,11.9,81.8,129.7,0.1872
D. K-8 / 751 +,Camden,5400,Voorhees Twp,26329,0.231,0.613,0.023,0,0.132,0.001,12.5,66,185.9,0.1281
D. K-8 / 751 +,Cape May,5340,Upper Twp,22391,0.307,0.631,0.042,0.02,0,0,11.3,65.8,172.6,0.0963
D. K-8 / 751 +,Cumberland,5300,Upper Deerfield Twp,25480,0.588,0.348,0.061,0,0,0.003,10.9,91.3,164.3,0.1674
D. K-8 / 751 +,Gloucester,2750,Logan Twp,22509,0.368,0.596,0.024,0.001,0,0.011,10.6,76.7,140.3,0.135
D. K-8 / 751 +,Hudson,1850,Guttenberg Town,20359,0.447,0.376,0.117,0,0.057,0.003,9.8,152,152,0.0987
D. K-8 / 751 +,Hunterdon,920,Clinton Twp,31031,0.244,0.722,0.025,0.01,0,0,9.4,51.6,108.6,0.1406
D. K-8 / 751 +,Hunterdon,1510,Flemington-Raritan Reg,28421,0.281,0.693,0.023,0.002,0,0.001,9.5,53.6,144.2,0.1486
D. K-8 / 751 +,Hunterdon,4350,Readington Twp,31642,0.224,0.703,0.014,0.002,0.057,0,8.7,49.3,119.2,0.1483
D. K-8 / 751 +,Middlesex,3220,Milltown Boro,22217,0.246,0.715,0.037,0.002,0,0,11.3,90.1,133.7,0.1172
D. K-8 / 751 +,Monmouth,945,Colts Neck Twp,34135,0.262,0.699,0.036,0.003,0,0,8.5,48.5,144,0.1706
D. K-8 / 751 +,Monmouth,1260,Eatontown Boro,31338,0.333,0.601,0.06,0,0,0.006,9,39.6,113,0.1814
D. K-8 / 751 +,Monmouth,1440,Fair Haven Boro,23385,0.231,0.735,0.025,0.009,0,0,10.1,75.2,139.7,0.1411
D. K-8 / 751 +,Monmouth,1640,Freehold Boro,27460,0.644,0.258,0.089,0,0,0.009,10.3,92,158.3,0.175
D. K-8 / 751 +,Monmouth,1660,Freehold Twp,28685,0.227,0.732,0.033,0.008,0,0,10.1,55.6,145.5,0.1457
D. K-8 / 751 +,Monmouth,2290,Howell Twp,26454,0.377,0.587,0.029,0.007,0,0,11,60.2,146.2,0.1586
D. K-8 / 751 +,Monmouth,2920,Manalapan-Englishtown Reg,23457,0.308,0.664,0.028,0,0,0,12.1,60.7,170.4,0.1347
D. K-8 / 751 +,Monmouth,3030,Marlboro Twp,25107,0.271,0.696,0.023,0.001,0,0.009,10.2,71.5,173.3,0.1196
D. K-8 / 751 +,Monmouth,3200,Millstone Twp,24069,0.219,0.745,0.029,0.002,0,0.005,9.9,60.7,115.3,0.0868
D. K-8 / 751 +,Monmouth,4360,Red Bank Boro,26359,0.411,0.473,0.109,0,0,0.007,10.1,46.3,139.3,0.1842
D. K-8 / 751 +,Monmouth,4570,Rumson Boro,31093,0.238,0.72,0.032,0.01,0,0,9.7,65.3,130.6,0.1204
D. K-8 / 751 +,Monmouth,5185,Tinton Falls,29249,0.301,0.67,0.026,0.003,0,0,8.7,59,134,0.1978
D. K-8 / 751 +,Morris,820,Chester Twp,30549,0.222,0.723,0.041,0.014,0,0,9.4,45.9,145.7,0.1167
D. K-8 / 751 +,Morris,1090,Denville Twp,26974,0.22,0.758,0.02,0.002,0,0,9.6,60.5,162.9,0.202
D. K-8 / 751 +,Morris,1190,East Hanover Twp,30574,0.208,0.742,0.049,0.002,0,0,9.6,47.5,104.1,0.1343
D. K-8 / 751 +,Morris,1530,Florham Park Boro,29646,0.214,0.762,0.02,0.004,0,0,9.9,58.2,118.5,0.135
D. K-8 / 751 +,Morris,2000,Hanover Twp,28890,0.224,0.758,0.017,0.001,0,0,10,45.4,140.2,0.1395
D. K-8 / 751 +,Morris,2650,Lincoln Park Boro,23882,0.217,0.745,0.028,0.009,0,0.001,10,61,142.3,0.185
D. K-8 / 751 +,Morris,3100,Mendham Twp,32618,0.195,0.774,0.011,0.02,0,0,9.7,64.3,154.2,0.1038
D. K-8 / 751 +,Morris,4000,Long Hill Twp,29616,0.215,0.754,0.025,0.006,0,0,10.5,48.5,119.9,0.1494
D. K-8 / 751 +,Morris,4490,Rockaway Twp,28692,0.241,0.73,0.027,0.002,0,0,9.7,43,155.9,0.1796
D. K-8 / 751 +,Morris,5520,Washington Twp,31243,0.3,0.638,0.016,0,0.046,0,9.7,48.9,174.8,0.1607
D. K-8 / 751 +,Passaic,1920,Haledon Boro,21691,0.645,0.286,0.056,0.001,0,0.012,10.1,63.1,201.8,0.115
D. K-8 / 751 +,Passaic,2700,Little Falls Twp,24912,0.242,0.726,0.03,0.002,0,0,8.9,61.7,149.2,0.1877
D. K-8 / 751 +,Passaic,4270,Prospect Park Boro,23709,0.7,0.164,0.067,0,0.069,0,12.5,87.8,204.9,0.1877
D. K-8 / 751 +,Passaic,4400,Ringwood Boro,29283,0.258,0.684,0.02,0.038,0,0,10.2,46.4,113.7,0.189
D. K-8 / 751 +,Passaic,5200,Totowa Boro,23463,0.215,0.723,0.05,0.012,0,0,13.6,72.1,133.7,0.1122
D. K-8 / 751 +,Passaic,5440,Wanaque Boro,29211,0.275,0.664,0.054,0.007,0,0,9.1,64.7,120.1,0.2021
D. K-8 / 751 +,Passaic,5690,Woodland Park,23428,0.315,0.628,0.038,0,0.011,0.008,10.7,87.5,140.6,0.1079
D. K-8 / 751 +,Somerset,510,Branchburg Twp,30089,0.192,0.785,0.02,0.002,0,0.001,8,52.5,118.4,0.1344
D. K-8 / 751 +,Somerset,5470,Warren Twp,35769,0.244,0.739,0.013,0.004,0,0,7.8,38.8,117.8,0.1358
D. K-8 / 751 +,Sussex,640,Byram Twp,23827,0.347,0.625,0.024,0.003,0,0.001,10.5,67.3,161.6,0.1498
D. K-8 / 751 +,Sussex,5100,Sussex-Wantage Regional,28890,0.394,0.569,0.036,0.001,0,0,9.9,45.9,170.7,0.1885
E. K-12 / 0 - 1800,Atlantic,590,Buena Regional,30690,0.573,0.335,0.068,0.024,0,0,10.8,56.1,98.3,0.159
E. K-12 / 0 - 1800,Bergen,440,Bogota Boro,27431,0.417,0.443,0.08,0,0.029,0.031,11.7,71.7,117.3,0.1583
E. K-12 / 0 - 1800,Bergen,990,Cresskill Boro,26869,0.232,0.666,0.02,0.037,0,0.045,11.4,72.4,133.7,0.1467
E. K-12 / 0 - 1800,Bergen,1360,Emerson Boro,28057,0.209,0.759,0.03,0.002,0,0,10.7,59.5,111,0.138
E. K-12 / 0 - 1800,Bergen,2080,Hasbrouck Heights Boro,25667,0.256,0.724,0.019,0,0.001,0,11.5,72.3,130.1,0.1502
E. K-12 / 0 - 1800,Bergen,3170,Midland Park Boro,34935,0.212,0.757,0.021,0.001,0,0.009,8.6,40.7,107.8,0.174
E. K-12 / 0 - 1800,Bergen,3910,Palisades Park,20109,0.263,0.661,0.051,0,0.025,0,83.8,572.3,0,0.099
E. K-12 / 0 - 1800,Bergen,3940,Park Ridge Boro,34217,0.216,0.753,0.028,0.004,0,0,10.2,41.3,85.3,0.1734
E. K-12 / 0 - 1800,Bergen,4370,Ridgefield Boro,32446,0.266,0.526,0.035,0.173,0,0,9.6,42.1,102.4,0.2177
E. K-12 / 0 - 1800,Bergen,4610,Saddle Brook Twp,27921,0.204,0.735,0.045,0.003,0.003,0.01,10.8,43.1,152.7,0.1807
E. K-12 / 0 - 1800,Bergen,5410,Waldwick Boro,25482,0.24,0.727,0.032,0.001,0,0,11,79.9,143.1,0.1569
E. K-12 / 0 - 1800,Bergen,5430,Wallington Boro,23381,0.362,0.583,0.055,0.001,0,0,13.1,66.8,152.9,0.1039
E. K-12 / 0 - 1800,Bergen,5830,Wood-Ridge Boro,23777,0.215,0.684,0.036,0.065,0,0,11.7,68.4,176,0.1023
E. K-12 / 0 - 1800,Burlington,1520,Florence Twp,25057,0.436,0.509,0.052,0.002,0,0.001,11.9,80.2,190.5,0.1581
E. K-12 / 0 - 1800,Burlington,3920,Palmyra Boro,24087,0.403,0.457,0.054,0.086,0,0,11.4,71.8,107.7,0.1414
E. K-12 / 0 - 1800,Burlington,4450,Riverside Twp,24284,0.621,0.263,0.069,0.047,0,0,12.1,94.2,157,0.1302
E. K-12 / 0 - 1800,Camden,150,Audubon Public School Disrict,24431,0.482,0.423,0.022,0.068,0,0.005,10.9,65.6,122.9,0.1552
E. K-12 / 0 - 1800,Camden,1880,Haddon Heights Boro,21625,0.242,0.469,0.028,0.247,0.014,0,11.9,69.6,140.9,0.1555
E. K-12 / 0 - 1800,Cape May,5790,Wildwood City,37454,0.321,0.401,0.227,0.047,0,0.004,9.4,71.4,95.2,0.1727
E. K-12 / 0 - 1800,Essex,760,Cedar Grove Twp,27228,0.227,0.739,0.031,0.003,0.001,0,10.5,63.1,131.4,0.1452
E. K-12 / 0 - 1800,Gloucester,860,Clayton Boro,25381,0.592,0.294,0.103,0.007,0,0.004,11.8,119.3,119.3,0.1761
E. K-12 / 0 - 1800,Gloucester,4020,Paulsboro Boro,25415,0.643,0.218,0.099,0.039,0,0.001,11.5,62.4,139.5,0.1999
E. K-12 / 0 - 1800,Gloucester,4140,Pitman Boro,26875,0.483,0.484,0.025,0.008,0,0,9.5,49.2,99.3,0.1843
E. K-12 / 0 - 1800,Gloucester,5860,Woodbury City,24631,0.562,0.328,0.11,0,0,0,11.7,76.6,106.4,0.1667
E. K-12 / 0 - 1800,Hudson,5580,Weehawken Twp,28795,0.265,0.678,0.055,0.002,0,0,9.9,83.9,104.9,0.1183
E. K-12 / 0 - 1800,Hunterdon,1376,South Hunterdon Regional School District,39861,0.273,0.665,0.035,0,0.01,0.017,7.4,45.4,90.2,0.1731
E. K-12 / 0 - 1800,Middlesex,1140,Dunellen Boro,25593,0.52,0.414,0.042,0,0.024,0,10.8,75.9,121.5,0.1309
E. K-12 / 0 - 1800,Middlesex,2150,Highland Park Boro,29541,0.271,0.624,0.053,0.003,0.036,0.013,10.6,74,119.6,0.1644
E. K-12 / 0 - 1800,Middlesex,4830,South Amboy City,22123,0.483,0.439,0.078,0,0,0,13.3,103.9,81.6,0.1475
E. K-12 / 0 - 1800,Middlesex,4970,Spotswood Boro,24396,0.335,0.486,0.042,0.137,0,0,10,62.4,171.5,0.1159
E. K-12 / 0 - 1800,Monmouth,100,Asbury Park City,50888,0.713,0.146,0.135,0,0.002,0.004,8.4,38.5,93.4,0.1441
E. K-12 / 0 - 1800,Monmouth,2400,Keansburg Boro,34034,0.815,0.126,0.059,0,0,0,10.4,57.5,130.5,0.2365
E. K-12 / 0 - 1800,Monmouth,2430,Keyport Boro,29085,0.426,0.436,0.055,0.081,0,0.002,9.3,77.3,84.3,0.1408
E. K-12 / 0 - 1800,Monmouth,2930,Manasquan Boro,29729,0.209,0.439,0.026,0.305,0,0.021,10.3,69.4,108.4,0.1424
E. K-12 / 0 - 1800,Morris,450,Boonton Town,29604,0.301,0.504,0.032,0.154,0,0.009,10,49.3,109.9,0.1949
E. K-12 / 0 - 1800,Morris,630,Butler Boro,29504,0.243,0.551,0.035,0.124,0.002,0.045,10.2,57.6,114.5,0.2102
E. K-12 / 0 - 1800,Morris,2460,Kinnelon Boro,32620,0.246,0.741,0.013,0,0,0,9.9,49.1,95.9,0.1414
E. K-12 / 0 - 1800,Morris,3460,Mountain Lakes Boro,35051,0.23,0.5,0.01,0.26,0,0,9.1,33.5,109,0.1732
E. K-12 / 0 - 1800,Ocean,4190,Plumsted Twp,28743,0.487,0.434,0.074,0.005,0,0,10.8,57,120.3,0.1916
E. K-12 / 0 - 1800,Ocean,4220,Point Pleasant Beach Boro,30670,0.225,0.663,0.02,0.092,0,0,9.5,60.7,95.1,0.1402
E. K-12 / 0 - 1800,Passaic,4230,Pompton Lakes Boro,25548,0.319,0.548,0.045,0.055,0.026,0.007,12.2,73.8,111.4,0.167
E. K-12 / 0 - 1800,Salem,4075,Pennsville,26366,0.463,0.494,0.032,0.006,0,0.005,10.6,65.5,126.3,0.1838
E. K-12 / 0 - 1800,Salem,4150,Pittsgrove Twp,25487,0.603,0.343,0.046,0.005,0,0.003,10.4,63.2,85.1,0.1451
E. K-12 / 0 - 1800,Salem,4630,Salem City,27396,0.758,0.079,0.113,0.049,0,0.001,12.2,101,110.2,0.1642
E. K-12 / 0 - 1800,Salem,5910,Woodstown-Pilesgrove Reg,23770,0.43,0.421,0.039,0.107,0,0.003,11.7,82.3,133.2,0.1358
E. K-12 / 0 - 1800,Somerset,3000,Manville Boro,24713,0.531,0.402,0.033,0,0.032,0.002,10.3,58.1,128.4,0.1571
E. K-12 / 0 - 1800,Somerset,4815,Somerset Hills Regional,31279,0.213,0.644,0.017,0.086,0.04,0,11,58.9,113.9,0.1829
E. K-12 / 0 - 1800,Sussex,2240,Hopatcong,31212,0.357,0.608,0.036,0,0,0,10.4,45.1,174.6,0.2054
E. K-12 / 0 - 1800,Sussex,3590,Newton Town,26209,0.445,0.358,0.055,0.138,0,0.004,11,54.1,137.7,0.1875
E. K-12 / 0 - 1800,Union,2420,Kenilworth Boro,27900,0.384,0.57,0.038,0.008,0,0,10.7,57.7,130.5,0.1167
E. K-12 / 0 - 1800,Warren,280,Belvidere Town,27049,0.414,0.254,0.031,0.299,0,0.002,9.6,34.5,114.6,0.151
F. K-12 / 1801 - 3500,Atlantic,1960,Hammonton Town,23048,0.511,0.27,0.061,0.118,0.011,0.029,13.2,90.7,166.1,0.1385
F. K-12 / 1801 - 3500,Bergen,890,Cliffside Park Boro,22923,0.266,0.525,0.058,0.119,0.014,0.018,11.7,85.6,166.5,0.1958
F. K-12 / 1801 - 3500,Bergen,1130,Dumont Boro,24257,0.353,0.627,0.02,0,0,0,11.9,79.3,145.7,0.1092
F. K-12 / 1801 - 3500,Bergen,1345,Elmwood Park,22943,0.374,0.584,0.036,0.003,0,0.003,12.7,74.2,155.7,0.1609
F. K-12 / 1801 - 3500,Bergen,1370,Englewood City,33561,0.282,0.561,0.074,0.006,0.031,0.046,11.2,62.9,140.2,0.1389
F. K-12 / 1801 - 3500,Bergen,1760,Glen Rock Boro,27778,0.232,0.727,0.024,0.001,0,0.016,11.3,58,134.3,0.1474
F. K-12 / 1801 - 3500,Bergen,2620,Leonia Boro,24245,0.269,0.497,0.025,0.172,0,0.037,11.6,71.9,130.7,0.1162
F. K-12 / 1801 - 3500,Bergen,2740,Lodi Borough,26435,0.446,0.459,0.092,0,0,0.003,13.2,68.5,122.9,0.0841
F. K-12 / 1801 - 3500,Bergen,2860,Lyndhurst Twp,26007,0.245,0.696,0.057,0.001,0,0.001,12.6,74.1,147.1,0.154
F. K-12 / 1801 - 3500,Bergen,2900,Mahwah Twp,32823,0.215,0.766,0.019,0,0,0,9.9,64.4,106.1,0.1592
F. K-12 / 1801 - 3500,Bergen,3550,New Milford Boro,25281,0.251,0.703,0.024,0.018,0,0.004,12.2,64.7,120.9,0.1712
F. K-12 / 1801 - 3500,Bergen,3600,North Arlington Boro,21683,0.308,0.661,0.028,0,0,0.003,12.3,85.7,119.4,0.1414
F. K-12 / 1801 - 3500,Bergen,4310,Ramsey Boro,33578,0.194,0.688,0.013,0.02,0.025,0.06,10,60.5,130.7,0.127
F. K-12 / 1801 - 3500,Bergen,4380,Ridgefield Park Twp,30101,0.377,0.485,0.051,0.087,0,0,11.3,70.7,124.5,0.1527
F. K-12 / 1801 - 3500,Bergen,4600,Rutherford Boro,22740,0.144,0.833,0.02,0.002,0,0.001,11.8,69,134.2,0.1158
F. K-12 / 1801 - 3500,Bergen,5160,Tenafly Boro,27956,0.227,0.701,0.024,0.008,0.019,0.021,11.2,74.7,180.6,0.1429
F. K-12 / 1801 - 3500,Bergen,5755,Westwood Regional,26320,0.237,0.737,0.022,0.002,0,0.002,10.6,59,153.1,0.1509
F. K-12 / 1801 - 3500,Burlington,475,Bordentown Regional,27278,0.354,0.612,0.026,0.007,0,0.001,11.7,57.1,142.8,0.1755
F. K-12 / 1801 - 3500,Burlington,600,Burlington City,34806,0.568,0.269,0.093,0.066,0,0.004,10.1,61.3,138.6,0.1976
F. K-12 / 1801 - 3500,Burlington,840,Cinnaminson Twp,24020,0.381,0.583,0.029,0.007,0,0,12,84.3,143.1,0.121
F. K-12 / 1801 - 3500,Burlington,1060,Delran Twp,24652,0.451,0.51,0.034,0.003,0,0.002,11.2,76.4,150.4,0.1459
F. K-12 / 1801 - 3500,Burlington,3010,Maple Shade Twp,26595,0.457,0.483,0.054,0.001,0,0.005,10.7,72.9,137.3,0.1842
F. K-12 / 1801 - 3500,Camden,940,Collingswood Boro,23726,0.464,0.383,0.033,0.117,0,0.003,11.1,60.6,109.9,0.1349
F. K-12 / 1801 - 3500,Camden,1770,Gloucester City,28627,0.756,0.112,0.106,0.024,0,0.002,13.2,80.6,108.7,0.1599
F. K-12 / 1801 - 3500,Camden,1890,Haddon Twp,23483,0.375,0.589,0.034,0.003,0,0,13,50.9,135.1,0.1515
F. K-12 / 1801 - 3500,Camden,1900,Haddonfield Boro,21697,0.242,0.728,0.021,0.007,0,0.002,12.6,74.6,191.9,0.1448
F. K-12 / 1801 - 3500,Camden,2670,Lindenwold Boro,27144,0.693,0.176,0.116,0.005,0,0.01,10.9,82.1,149.5,0.1358
F. K-12 / 1801 - 3500,Camden,4110,Pine Hill Boro,26758,0.557,0.248,0.073,0.119,0,0.003,11.1,74.5,155.3,0.2093
F. K-12 / 1801 - 3500,Cape May,3130,Middle Twp,24741,0.395,0.487,0.072,0.044,0,0.002,11.7,94.4,159.2,0.16
F. K-12 / 1801 - 3500,Cape May,3780,Ocean City,29422,0.286,0.484,0.03,0.199,0,0.001,10.6,32,162.6,0.0943
F. K-12 / 1801 - 3500,Essex,660,Caldwell-West Caldwell,24619,0.231,0.743,0.026,0,0,0,11.8,64.6,143.5,0.1575
F. K-12 / 1801 - 3500,Essex,1750,Glen Ridge Boro,25569,0.224,0.732,0.032,0.012,0,0,12,60.6,130.7,0.1435
F. K-12 / 1801 - 3500,Essex,5370,Verona Boro,25591,0.251,0.717,0.031,0.001,0,0,11.8,57.5,133.4,0.1471
F. K-12 / 1801 - 3500,Gloucester,1730,Glassboro,30825,0.425,0.446,0.12,0.005,0,0.004,10.4,58.3,104.5,0.1551
F. K-12 / 1801 - 3500,Gloucester,5620,West Deptford Twp,23777,0.409,0.526,0.04,0.004,0.02,0.001,12,83.3,151.2,0.1876
F. K-12 / 1801 - 3500,Hudson,2060,Harrison Town,31107,0.705,0.184,0.083,0.027,0,0.001,11.6,83.3,117.5,0.1502
F. K-12 / 1801 - 3500,Hudson,2210,Hoboken City,30533,0.385,0.558,0.051,0.002,0,0.004,9.3,54.7,81,0.1468
F. K-12 / 1801 - 3500,Hudson,4730,Secaucus Town,24997,0.228,0.711,0.061,0,0,0,11.4,79.8,153.9,0.1402
F. K-12 / 1801 - 3500,Mercer,1430,Ewing Twp,29689,0.333,0.625,0.04,0.002,0,0,9.8,54.9,153.2,0.1934
F. K-12 / 1801 - 3500,Mercer,2280,Hopewell Valley Regional,33335,0.225,0.737,0.02,0.005,0.013,0,9.5,59.3,143,0.1723
F. K-12 / 1801 - 3500,Mercer,5510,Robbinsville Twp,22742,0.309,0.661,0.029,0.002,0,0,12,74.7,162.9,0.1257
F. K-12 / 1801 - 3500,Middlesex,3120,Metuchen Boro,25079,0.225,0.749,0.024,0.002,0,0,11.8,68.4,132.8,0.1513
F. K-12 / 1801 - 3500,Middlesex,3140,Middlesex Boro,25475,0.404,0.515,0.037,0.002,0.041,0.001,11.3,55.9,141.2,0.1581
F. K-12 / 1801 - 3500,Middlesex,4920,South River Boro,21975,0.571,0.358,0.071,0,0,0,11.9,68.7,138.9,0.1656
F. K-12 / 1801 - 3500,Monmouth,2105,Hazlet Twp,26605,0.34,0.627,0.028,0.004,0.002,0,12.4,41.4,118.2,0.1925
F. K-12 / 1801 - 3500,Monmouth,2230,Holmdel Twp,28515,0.241,0.715,0.019,0.003,0.004,0.018,10.5,75.6,195.4,0.1417
F. K-12 / 1801 - 3500,Monmouth,3510,Neptune Twp,36695,0.458,0.432,0.058,0.05,0,0.002,9.6,58.7,111.8,0.1967
F. K-12 / 1801 - 3500,Monmouth,3810,Ocean Twp,31421,0.277,0.686,0.035,0.002,0,0,9,51,134.1,0.1833
F. K-12 / 1801 - 3500,Monmouth,5310,Upper Freehold Regional,24912,0.301,0.542,0.017,0.125,0,0.015,12.1,67.7,177.1,0.1703
F. K-12 / 1801 - 3500,Monmouth,5420,Wall Twp,31127,0.24,0.725,0.025,0.01,0,0,8.8,51.2,130.3,0.17
F. K-12 / 1801 - 3500,Morris,1110,Dover Town,24476,0.639,0.213,0.11,0.027,0,0.011,11.6,96.4,111.7,0.1283
F. K-12 / 1801 - 3500,Morris,2380,Jefferson Twp,28065,0.315,0.643,0.035,0.006,0,0.001,10.6,49.2,124.2,0.1799
F. K-12 / 1801 - 3500,Morris,2870,Madison Boro,26251,0.236,0.711,0.022,0.03,0,0.001,11.1,66.9,166,0.1674
F. K-12 / 1801 - 3500,Morris,3340,Montville Twp,30772,0.251,0.724,0.018,0.002,0,0.005,9.6,43.1,140,0.1604
F. K-12 / 1801 - 3500,Morris,4080,Pequannock Twp,24888,0.237,0.723,0.017,0.022,0,0.001,11.1,56.9,122.8,0.1499
F. K-12 / 1801 - 3500,Morris,4560,Roxbury Twp,29673,0.286,0.643,0.024,0.047,0,0,10.3,54.5,125.2,0.1475
F. K-12 / 1801 - 3500,Ocean,2940,Manchester Twp,28762,0.261,0.66,0.032,0.031,0.006,0.01,9.8,45,137.5,0.2
F. K-12 / 1801 - 3500,Ocean,4210,Point Pleasant Boro,22310,0.28,0.676,0.028,0.004,0.008,0.004,12.5,42.6,141.5,0.1336
F. K-12 / 1801 - 3500,Passaic,2100,Hawthorne Boro,26694,0.245,0.703,0.05,0.002,0,0,9.8,56.6,126.3,0.1683
F. K-12 / 1801 - 3500,Passaic,5650,West Milford Twp,29843,0.305,0.666,0.025,0.004,0,0,10.6,49,142.9,0.1929
F. K-12 / 1801 - 3500,Salem,4070,Penns Grv-Carneys Pt Reg,24674,0.691,0.216,0.089,0.004,0,0,12.5,97.5,143,0.173
F. K-12 / 1801 - 3500,Somerset,490,Bound Brook Boro,24825,0.598,0.283,0.076,0.04,0,0.003,11.3,65,114.7,0.1431
F. K-12 / 1801 - 3500,Somerset,3670,North Plainfield Boro,25819,0.61,0.353,0.035,0,0,0.002,10.4,63.1,123,0.174
F. K-12 / 1801 - 3500,Somerset,4820,Somerville Boro,28492,0.35,0.416,0.042,0.191,0.001,0,10,57.5,122,0.1574
F. K-12 / 1801 - 3500,Sussex,4960,Sparta Twp,29296,0.256,0.723,0.019,0.002,0,0,11,64.9,109.9,0.148
F. K-12 / 1801 - 3500,Sussex,5360,Vernon Twp,27995,0.448,0.519,0.03,0.002,0,0.001,11.5,57.8,170.6,0.1905
F. K-12 / 1801 - 3500,Union,310,Berkeley Heights Twp,27628,0.233,0.667,0.013,0.087,0,0,10.6,46.9,110.8,0.1407
F. K-12 / 1801 - 3500,Union,850,Clark Twp,23425,0.229,0.706,0.023,0.038,0,0.004,11.9,75.6,148.2,0.1548
F. K-12 / 1801 - 3500,Union,2190,Hillside Twp,25669,0.544,0.401,0.051,0,0,0.004,11,73.7,113.4,0.135
F. K-12 / 1801 - 3500,Union,3560,New Providence Boro,24038,0.243,0.742,0.014,0.001,0,0,12.1,68,172.2,0.111
F. K-12 / 1801 - 3500,Union,4540,Roselle Boro,28195,0.582,0.324,0.091,0.001,0,0.002,10.4,45.3,89.9,0.108
F. K-12 / 1801 - 3500,Union,4550,Roselle Park Boro,25336,0.501,0.46,0.036,0,0,0.003,11.7,66,152.4,0.1752
F. K-12 / 1801 - 3500,Union,5000,Springfield Twp,25755,0.209,0.76,0.031,0,0,0,12.7,88,143.8,0.1324
F. K-12 / 1801 - 3500,Warren,1870,Hackettstown,23982,0.402,0.417,0.03,0.152,0,0,11.5,63.9,141.5,0.1651
G. K-12 / 3501 +,Atlantic,110,Atlantic City,32697,0.553,0.36,0.062,0.025,0,0,10,86.9,195.7,0.1187
G. K-12 / 3501 +,Atlantic,1310,Egg Harbor Twp,28901,0.469,0.425,0.047,0.004,0.046,0.009,11.1,64.5,174.5,0.1561
G. K-12 / 3501 +,Atlantic,4180,Pleasantville City,29310,0.8,0.114,0.08,0.004,0,0.002,10.9,71.5,152.3,0.1622
G. K-12 / 3501 +,Bergen,300,Bergenfield Boro,24748,0.375,0.562,0.031,0.029,0,0.003,12.9,66.6,180.9,0.1479
G. K-12 / 3501 +,Bergen,1450,Fair Lawn Public Schools,25956,0.276,0.687,0.029,0.001,0.004,0.003,12.2,68.1,182.8,0.1557
G. K-12 / 3501 +,Bergen,1550,Fort Lee Boro,24734,0.215,0.693,0.04,0.003,0,0.049,12.1,72.8,175,0.1242
G. K-12 / 3501 +,Bergen,1700,Garfield City,30003,0.693,0.23,0.043,0.002,0.025,0.007,10.2,62.8,132.2,0.1775
G. K-12 / 3501 +,Bergen,1860,Hackensack City,28344,0.387,0.54,0.038,0.031,0,0.004,12.7,69.6,183.7,0.1971
G. K-12 / 3501 +,Bergen,3930,Paramus Boro,30295,0.221,0.73,0.034,0.01,0.005,0,11,58.5,145.1,0.177
G. K-12 / 3501 +,Bergen,4390,Ridgewood Village,24693,0.239,0.713,0.016,0.011,0.019,0.002,13,70.3,180.1,0.1177
G. K-12 / 3501 +,Bergen,5150,Teaneck Twp,36328,0.252,0.691,0.037,0,0.018,0.002,10.5,64.3,117.8,0.2156
G. K-12 / 3501 +,Burlington,620,Burlington Twp,25573,0.449,0.513,0.031,0.004,0,0.003,10.9,78.4,156,0.1427
G. K-12 / 3501 +,Burlington,3360,Moorestown Twp,27405,0.249,0.702,0.02,0.018,0,0.011,11.4,75.9,151.8,0.1832
G. K-12 / 3501 +,Burlington,4050,Pemberton Twp,34204,0.778,0.14,0.076,0.001,0,0.005,0,0,0,0.1611
G. K-12 / 3501 +,Burlington,5805,Willingboro Twp,26449,0.608,0.354,0.034,0.004,0,0,12.7,78,129.9,0.1673
G. K-12 / 3501 +,Camden,680,Camden City,43552,0.828,0.036,0.132,0,0,0.004,17.1,100.3,243.7,0.1481
G. K-12 / 3501 +,Camden,800,Cherry Hill Twp,24972,0.283,0.688,0.027,0.002,0,0,11.7,70.3,215.7,0.1364
G. K-12 / 3501 +,Camden,4060,Pennsauken Twp,28344,0.58,0.306,0.111,0.002,0,0.001,12.6,83.2,193.1,0.1663
G. K-12 / 3501 +,Camden,5820,Winslow Twp,27756,0.497,0.367,0.049,0.024,0,0.063,10,58.7,165.8,0.184
G. K-12 / 3501 +,Cumberland,540,Bridgeton City,26462,0.858,0.029,0.109,0.002,0,0.002,12.4,108.4,182.9,0.083
G. K-12 / 3501 +,Cumberland,3230,Millville City,29296,0.744,0.141,0.073,0.038,0,0.004,11.4,66.5,134.7,0.2018
G. K-12 / 3501 +,Cumberland,5390,Vineland City,26450,0.763,0.109,0.12,0.005,0,0.003,11.7,83,201.4,0.1669
G. K-12 / 3501 +,Essex,250,Belleville Town,24139,0.539,0.397,0.054,0.001,0,0.009,12.5,71.2,144.5,0.1475
G. K-12 / 3501 +,Essex,410,Bloomfield Twp,25876,0.418,0.523,0.056,0.002,0,0.001,11.5,81.6,183.1,0.1302
G. K-12 / 3501 +,Essex,1210,East Orange,35568,0.782,0.086,0.085,0,0.04,0.007,11.7,57.2,135,0.1304
G. K-12 / 3501 +,Essex,2330,Irvington Township,29277,0.807,0.097,0.094,0,0,0.002,12.7,74.3,241.3,0.0453
G. K-12 / 3501 +,Essex,2730,Livingston Twp,26379,0.24,0.732,0.026,0.002,0,0,12.1,67.6,161.2,0.1486
G. K-12 / 3501 +,Essex,3190,Millburn Twp,26713,0.245,0.735,0.019,0.002,0,0,11.5,77.1,148.2,0.1174
G. K-12 / 3501 +,Essex,3310,Montclair Town,31564,0.243,0.706,0.051,0,0,0,10.8,58.2,159.2,0.1651
G. K-12 / 3501 +,Essex,3570,Newark City,30044,0.814,0.105,0.079,0,0,0.002,13.8,54.1,85.2,0.1585
G. K-12 / 3501 +,Essex,3750,Nutley Town,24709,0.3,0.643,0.039,0.001,0.011,0.006,12,64.1,166.6,0.1909
G. K-12 / 3501 +,Essex,3880,City Of Orange Twp,29834,0.822,0.087,0.073,0,0.016,0.002,10.8,78.1,110.6,0.1315
G. K-12 / 3501 +,Essex,4900,South Orange-Maplewood,27082,0.248,0.718,0.02,0,0,0.014,10.9,69.7,155.9,0.1384
G. K-12 / 3501 +,Essex,5680,West Orange Town,34030,0.29,0.657,0.052,0.001,0,0,10.4,59.5,156.1,0.1685
G. K-12 / 3501 +,Gloucester,1100,Deptford Twp,24596,0.449,0.467,0.07,0.001,0.013,0,12.2,91.8,168.3,0.1797
G. K-12 / 3501 +,Gloucester,3280,Monroe Twp,23584,0.518,0.436,0.04,0.003,0,0.003,11.7,76.4,208.4,0.1619
G. K-12 / 3501 +,Gloucester,5500,Washington Twp,26447,0.435,0.511,0.032,0.004,0.018,0,11,64.2,168.7,0.137
G. K-12 / 3501 +,Hudson,220,Bayonne City,23901,0.564,0.349,0.086,0,0,0.001,12.3,91.5,177.9,0.1464
G. K-12 / 3501 +,Hudson,2390,Jersey City,32731,0.549,0.383,0.067,0,0,0.001,11.8,67.5,184,0.1314
G. K-12 / 3501 +,Hudson,2410,Kearny Town,25862,0.553,0.397,0.044,0,0.006,0,11,88.7,169.6,0.1779
G. K-12 / 3501 +,Hudson,3610,North Bergen Twp,22442,0.565,0.31,0.063,0.026,0.032,0.004,12.3,107.4,173.6,0.1512
G. K-12 / 3501 +,Hudson,5240,Union City,29450,0.852,0.049,0.098,0,0,0.001,12.9,110,139.2,0.0891
G. K-12 / 3501 +,Hudson,5670,West New York Schools,27409,0.825,0.104,0.069,0,0,0.002,13.6,84.4,185.7,0.1185
G. K-12 / 3501 +,Mercer,1245,East Windsor Regional,27112,0.43,0.534,0.031,0.005,0,0,10.6,73.7,141.2,0.1209
G. K-12 / 3501 +,Mercer,1950,Hamilton Twp,23596,0.485,0.466,0.046,0.001,0,0.002,11.9,64.6,177.1,0.1471
G. K-12 / 3501 +,Mercer,2580,Lawrence Twp,28760,0.237,0.719,0.036,0.002,0,0.006,10.5,47.9,138.5,0.1603
G. K-12 / 3501 +,Mercer,4255,Princeton Public Schools,33306,0.237,0.689,0.034,0.04,0,0,10.5,53.6,130.4,0.13
G. K-12 / 3501 +,Mercer,5210,Trenton Public School District,29838,0.842,0.06,0.098,0,0,0,12.6,94.4,197.6,0.123
G. K-12 / 3501 +,Mercer,5715,W Windsor-Plainsboro Reg,26475,0.233,0.712,0.018,0,0.036,0.001,11.4,71,179.9,0.0849
G. K-12 / 3501 +,Middlesex,750,Carteret Boro,24713,0.583,0.301,0.089,0,0.014,0.013,12.1,102,195.8,0.1096
G. K-12 / 3501 +,Middlesex,1170,East Brunswick Twp,26896,0.3,0.675,0.022,0.003,0,0,12.8,45,175.2,0.1475
G. K-12 / 3501 +,Middlesex,1290,Edison Twp,22404,0.298,0.67,0.032,0.001,0,0,13.2,116.5,222.5,0.0916
G. K-12 / 3501 +,Middlesex,3290,Monroe Twp,24880,0.223,0.733,0.018,0.026,0,0,12.5,64.2,232.5,0.1408
G. K-12 / 3501 +,Middlesex,3530,New Brunswick City,31471,0.722,0.139,0.073,0,0.061,0.005,11.8,55,139.3,0.1764
G. K-12 / 3501 +,Middlesex,3620,North Brunswick Twp,27701,0.392,0.552,0.044,0,0.004,0.008,10.1,82.1,102.1,0.1352
G. K-12 / 3501 +,Middlesex,3845,Old Bridge Twp,24885,0.359,0.553,0.039,0,0,0.049,11.7,83.5,209.7,0.1532
G. K-12 / 3501 +,Middlesex,4090,Perth Amboy City,43415,0.833,0.088,0.042,0,0,0.037,11.9,68.9,152.1,0.0971
G. K-12 / 3501 +,Middlesex,4130,Piscataway Twp,23593,0.34,0.603,0.053,0.003,0,0.001,13.7,91.4,155,0.1057
G. K-12 / 3501 +,Middlesex,4660,Sayreville Boro,23761,0.457,0.479,0.059,0.001,0,0.004,11,69.2,172.3,0.1589
G. K-12 / 3501 +,Middlesex,4860,South Brunswick Twp,24590,0.296,0.607,0.027,0.001,0.069,0,11.9,81.2,145.9,0.0979
G. K-12 / 3501 +,Middlesex,4910,South Plainfield Boro,25392,0.291,0.624,0.028,0,0.054,0.003,10.7,62.7,137.1,0.1537
G. K-12 / 3501 +,Middlesex,5850,Woodbridge Twp,24731,0.38,0.591,0.029,0.001,0,0,11.5,87.5,202.9,0.1164
G. K-12 / 3501 +,Monmouth,2770,Long Branch City,33612,0.577,0.338,0.074,0.008,0,0.003,10.9,58.1,120.2,0.1301
G. K-12 / 3501 +,Monmouth,3040,Matawan-Aberdeen Regional,27605,0.354,0.615,0.03,0,0,0.001,10.9,71.4,147.4,0.1555
G. K-12 / 3501 +,Monmouth,3160,Middletown Twp,25521,0.274,0.691,0.031,0.004,0,0,11.4,69.9,191.9,0.1887
G. K-12 / 3501 +,Morris,785,Sch Dist Of The Chathams,26303,0.235,0.735,0.022,0.008,0,0,11.1,66.4,128.7,0.1501
G. K-12 / 3501 +,Morris,3385,Morris School District,28276,0.276,0.601,0.041,0.027,0,0.055,11,55.3,141.1,0.1338
G. K-12 / 3501 +,Morris,3450,Mount Olive Twp,27377,0.355,0.613,0.027,0.004,0.002,0,11.4,63.7,155,0.15
G. K-12 / 3501 +,Morris,3950,Parsippany-Troy Hills Twp,28189,0.231,0.751,0.017,0.001,0,0,11.1,52.3,170.7,0.1313
G. K-12 / 3501 +,Morris,4330,Randolph Twp,28381,0.275,0.698,0.018,0.009,0,0,11.2,71.6,153.4,0.1289
G. K-12 / 3501 +,Ocean,185,Barnegat Twp,28769,0.485,0.429,0.083,0.002,0,0.001,12.9,101.3,185.1,0.1561
G. K-12 / 3501 +,Ocean,530,Brick Twp,24058,0.352,0.587,0.053,0.002,0,0.006,12.2,54.8,208.8,0.1788
G. K-12 / 3501 +,Ocean,2360,Jackson Twp,26713,0.421,0.511,0.061,0.002,0,0.005,11.9,66,184.8,0.1563
G. K-12 / 3501 +,Ocean,2480,Lacey Twp,25311,0.375,0.553,0.05,0.001,0.004,0.017,11.1,89,151.6,0.2044
G. K-12 / 3501 +,Ocean,2520,Lakewood Twp,57014,0.332,0.323,0.344,0.001,0,0,9.6,51.5,145.4,0.2694
G. K-12 / 3501 +,Ocean,5190,Toms River Regional,21739,0.374,0.566,0.057,0.004,0,0,13.4,93.6,220.6,0.1686
G. K-12 / 3501 +,Passaic,900,Clifton City,24876,0.401,0.512,0.069,0.001,0,0.017,11.9,63.2,176.2,0.1608
G. K-12 / 3501 +,Passaic,3970,Passaic City,35443,0.79,0.039,0.079,0.001,0.075,0.016,12,87.7,154.8,0.1234
G. K-12 / 3501 +,Passaic,4010,Paterson City,29470,0.81,0.091,0.095,0.001,0,0.003,11.9,71,122.7,0.1545
G. K-12 / 3501 +,Passaic,5570,Wayne Twp,30246,0.233,0.73,0.032,0.004,0,0.001,11.4,52.7,175.2,0.151
G. K-12 / 3501 +,Somerset,350,Bernards Twp,28307,0.258,0.714,0.021,0.007,0,0,10.6,50.9,151.4,0.1226
G. K-12 / 3501 +,Somerset,555,Bridgewater-Raritan Reg,27386,0.254,0.727,0.019,0,0,0,10.6,61.3,175.3,0.1351
G. K-12 / 3501 +,Somerset,1610,Franklin Twp,29798,0.254,0.713,0.031,0.001,0,0.001,9.9,50.4,142.2,0.1555
G. K-12 / 3501 +,Somerset,2170,Hillsborough Twp,23008,0.339,0.642,0.016,0.003,0,0,12,83.1,238.6,0.1584
G. K-12 / 3501 +,Somerset,3320,Montgomery Twp,27178,0.253,0.728,0.018,0.002,0,0,12.6,49.4,149.8,0.1166
G. K-12 / 3501 +,Union,980,Cranford Twp,23945,0.238,0.706,0.024,0.031,0,0.001,11.2,68.1,147.6,0.1638
G. K-12 / 3501 +,Union,1320,Elizabeth City,28650,0.817,0.108,0.053,0,0.016,0.006,12.5,95.5,311.8,0.1098
G. K-12 / 3501 +,Union,2660,Linden City,26363,0.417,0.543,0.039,0,0,0.001,10.3,68,141.6,0.152
G. K-12 / 3501 +,Union,4160,Plainfield City,25402,0.801,0.098,0.072,0,0.026,0.003,13.4,89.7,175.5,0.1396
G. K-12 / 3501 +,Union,4290,Rahway City,24351,0.504,0.449,0.043,0,0,0.004,12.1,83.2,138.8,0.1547
G. K-12 / 3501 +,Union,4670,Scotch Plains-Fanwood Reg,23413,0.235,0.743,0.021,0,0,0.001,12.1,83.1,186.6,0.1379
G. K-12 / 3501 +,Union,5090,Summit City,27077,0.229,0.715,0.047,0.004,0,0.005,10.7,62.6,128.8,0.1079
G. K-12 / 3501 +,Union,5290,Union Twp,24861,0.398,0.537,0.06,0,0,0.005,12.6,76.6,191.4,0.1329
G. K-12 / 3501 +,Union,5730,Westfield Town,25895,0.233,0.707,0.024,0,0.017,0.019,11.6,70.2,204.2,0.1723
G. K-12 / 3501 +,Warren,4100,Phillipsburg Town,31602,0.656,0.139,0.046,0.155,0,0.004,11.4,65.4,184.9,0.1918
H. 7-12 / 9-12,Atlantic,1790,Greater Egg Harbor Reg,32287,0.497,0.391,0.028,0.014,0.07,0,11.6,103.8,108.5,0.1997
H. 7-12 / 9-12,Atlantic,2910,Mainland Regional,32399,0.396,0.553,0.051,0,0,0,11,63.9,109.3,0.1839
H. 7-12 / 9-12,Bergen,745,Carlstadt-East Rutherford,31690,0.176,0.709,0.03,0.085,0,0,12.7,101,107.8,0.1508
H. 7-12 / 9-12,Bergen,3700,Northern Highlands Reg,31726,0.207,0.616,0.019,0.141,0,0.017,11.8,74.2,84.1,0.1211
H. 7-12 / 9-12,Bergen,3710,Northern Valley Regional,34911,0.223,0.728,0.02,0.02,0,0.009,9.1,36.6,79.1,0.2245
H. 7-12 / 9-12,Bergen,3960,Pascack Valley Regional,39849,0.213,0.759,0.017,0.011,0,0,10.6,58.8,88.2,0.2097
H. 7-12 / 9-12,Bergen,4300,Ramapo-Indian Hill Reg,35203,0.191,0.704,0.015,0.001,0.089,0,9.9,71.5,90.2,0.1792
H. 7-12 / 9-12,Bergen,4405,River Dell Regional,28579,0.236,0.733,0.019,0.005,0,0.007,11.3,79.4,122.2,0.1565
H. 7-12 / 9-12,Burlington,2610,Lenape Regional,29835,0.316,0.666,0.018,0,0,0,11.5,72.8,164.1,0.1684
H. 7-12 / 9-12,Burlington,3690,Northern Burlington Reg,25926,0.491,0.437,0.066,0.004,0,0.002,13,84.8,135.2,0.1711
H. 7-12 / 9-12,Burlington,4320,Rancocas Valley Regional,24650,0.508,0.453,0.036,0.003,0,0,14.6,78.9,153.1,0.1814
H. 7-12 / 9-12,Camden,390,Black Horse Pike Regional,27168,0.564,0.394,0.036,0.007,0,0,11.5,67,92.3,0.1633
H. 7-12 / 9-12,Camden,1255,Eastern Camden County Reg,23915,0.357,0.604,0.032,0.007,0,0,14.6,95.2,153.8,0.1346
H. 7-12 / 9-12,Camden,5035,Sterling High School Dist,25950,0.551,0.317,0.032,0.067,0,0.033,12.8,77.2,112,0.1763
H. 7-12 / 9-12,Cape May,2820,Lower Cape May Regional,34810,0.374,0.575,0.045,0.003,0,0.003,11.2,74.9,119.9,0.2227
H. 7-12 / 9-12,Cumberland,997,Cumberland Regional,28263,0.574,0.356,0.07,0,0,0,13.4,90.5,98.4,0.1793
H. 7-12 / 9-12,Essex,5630,West Essex Regional,33156,0.212,0.771,0.014,0.003,0,0,10,64.9,106.5,0.1484
H. 7-12 / 9-12,Gloucester,870,Clearview Regional,22035,0.465,0.489,0.035,0.009,0,0.002,13.7,112,140,0.1272
H. 7-12 / 9-12,Gloucester,1715,Gateway Regional,34132,0.495,0.457,0.045,0.004,0,0,10.1,40.5,63.2,0.2157
H. 7-12 / 9-12,Gloucester,2440,Kingsway Regional,21795,0.45,0.457,0.035,0.048,0,0.01,11.9,104.7,163.2,0.1759
H. 7-12 / 9-12,Gloucester,4940,Delsea Regional H.S Dist.,28538,0.479,0.413,0.062,0.046,0,0,12.7,93.7,132.8,0.171
H. 7-12 / 9-12,Hunterdon,1050,Delaware Valley Regional,36487,0.247,0.627,0.022,0.004,0.099,0.001,11.2,63.4,82.1,0.1878
H. 7-12 / 9-12,Hunterdon,2300,Hunterdon Central Reg,32287,0.211,0.685,0.015,0.002,0.087,0,11.2,62.2,120.3,0.1684
H. 7-12 / 9-12,Hunterdon,3660,North Hunterdon-Voorhees Regional High S,34873,0.247,0.735,0.017,0.001,0,0,10.5,62.4,98,0.1646
H. 7-12 / 9-12,Monmouth,1650,Freehold Regional,22874,0.35,0.624,0.025,0.001,0,0,15.1,96.2,150.4,0.1627
H. 7-12 / 9-12,Monmouth,2120,Henry Hudson Regional,42576,0.199,0.62,0.024,0.012,0,0.145,7.6,35.2,84.7,0.2183
H. 7-12 / 9-12,Monmouth,3270,Monmouth Regional,40042,0.243,0.701,0.029,0.002,0,0.025,9,49.2,90.3,0.2379
H. 7-12 / 9-12,Monmouth,4365,Red Bank Regional,29857,0.223,0.671,0.025,0.08,0,0.001,10.9,64.1,98.7,0.117
H. 7-12 / 9-12,Monmouth,4580,Rumson-Fair Haven Reg,30994,0.227,0.748,0.011,0.014,0,0,11.2,62.2,90.2,0.1571
H. 7-12 / 9-12,Monmouth,4760,Shore Regional,39676,0.191,0.751,0.037,0.021,0,0,11.6,45.3,80.3,0.1872
H. 7-12 / 9-12,Morris,1990,Hanover Park Regional,35850,0.206,0.776,0.018,0,0,0,11.4,32.8,103.4,0.1417
H. 7-12 / 9-12,Morris,3370,Morris Hills Regional,37924,0.281,0.687,0.029,0.003,0,0,10.1,57,104.6,0.1806
H. 7-12 / 9-12,Morris,5660,West Morris Regional,31682,0.238,0.735,0.025,0.002,0,0,17.6,22.7,139.8,0.1537
H. 7-12 / 9-12,Ocean,770,Central Regional,23411,0.256,0.701,0.039,0.004,0,0,13.3,90.5,168,0.2153
H. 7-12 / 9-12,Ocean,4105,Pinelands Regional,29471,0.435,0.518,0.046,0.002,0,0,10.8,61.1,156.3,0.2326
H. 7-12 / 9-12,Ocean,4950,Southern Regional,28493,0.21,0.642,0.058,0.089,0,0.001,12.2,81.1,164.6,0.2248
H. 7-12 / 9-12,Passaic,2510,Lakeland Regional,35229,0.298,0.665,0.03,0.006,0,0.001,11.2,88.5,101.3,0.182
H. 7-12 / 9-12,Passaic,3980,Passaic Co Manchester Reg,35520,0.529,0.391,0.041,0,0.039,0,11.4,74.8,94.7,0.1511
H. 7-12 / 9-12,Passaic,3990,Passaic Valley Regional,38712,0.204,0.698,0.041,0.031,0,0.026,11.7,73.5,105.1,0.2032
H. 7-12 / 9-12,Somerset,5550,Watchung Hills Regional,31427,0.213,0.614,0.016,0.141,0.016,0,11.6,64.7,111.8,0.1502
H. 7-12 / 9-12,Sussex,2165,High Point Regional,35632,0.338,0.603,0.02,0.038,0,0.001,11.1,62.3,89.9,0.1662
H. 7-12 / 9-12,Sussex,2465,Kittatinny Regional,34121,0.346,0.613,0.037,0.004,0,0,9.2,63.3,87.9,0.1435
H. 7-12 / 9-12,Sussex,2615,Lenape Valley Regional,32356,0.399,0.552,0.048,0.001,0,0,11.9,49.3,66.7,0.2022
H. 7-12 / 9-12,Sussex,5435,Wallkill Valley Regional,31954,0.355,0.616,0.026,0,0,0.003,12,70,88,0.2127
H. 7-12 / 9-12,Warren,3675,North Warren Regional,30231,0.32,0.655,0.026,0,0,0,11.6,62.9,136.3,0.1743
H. 7-12 / 9-12,Warren,5465,Warren Hills Regional,31104,0.401,0.542,0.025,0.033,0,0,10.9,71.2,136.5,0.1554
I. CSSD,Atlantic,125,Atlantic Co Special Serv,68326,0.195,0.114,0.014,0.677,0,0,6.3,12.3,56.4,1
I. CSSD,Bergen,285,Bergen Co Special Service,114014,0.2,0.22,0.018,0.562,0,0,2.7,3.6,31,1
I. CSSD,Burlington,605,Burlington Co Spec Serv,91691,0.173,0.223,0.007,0.598,0,0,4.3,4.1,49.1,0.9266
I. CSSD,Cape May,715,Cape May Co Special Serv,66885,0.186,0.239,0.01,0.566,0,0,5.9,8.6,37.4,1
I. CSSD,Gloucester,1774,Gloucester Co Spec Serv,77979,0.199,0.146,0.054,0.602,0,0,5.1,5.1,28,1
I. CSSD,Mercer,3103,Mercer County Special Services School Di,104538,0.176,0.166,0.013,0.645,0,0,5.6,6.3,36.4,1
I. CSSD,Salem,4635,Salem Co Special Service,83618,0.27,0.048,0.015,0.667,0,0,3.3,4.6,18.5,0.9797
J. VOC,Atlantic,120,Atlantic Co Vocational,23852,0.522,0.199,0.073,0.206,0,0,12.5,93.4,126.7,0.0891
J. VOC,Bergen,290,Bergen County Vocational Technical Schoo,37798,0.217,0.392,0.065,0.326,0,0,10.9,65.9,114.6,0.1426
J. VOC,Burlington,610,Burlington Co Vocational,26352,0.435,0.365,0.059,0.141,0,0,14.2,101,193.3,0.1318
J. VOC,Camden,700,Camden County Vocational,28251,0.605,0.202,0.079,0.114,0,0,11.5,108.5,85.4,0.1115
J. VOC,Cape May,720,Cape May County Vocational School Distri,33464,0.234,0.454,0.053,0.259,0,0,9.4,104.8,76,0.1793
J. VOC,Cumberland,995,Cumberland Co Vocational,32034,0.595,0.169,0.083,0.153,0,0,12,93.5,147,0.0651
J. VOC,Essex,1390,Essex Co Voc-Tech,35705,0.594,0.15,0.086,0.17,0,0,11.7,79,103.5,0.121
J. VOC,Gloucester,1775,Gloucester Co Vocational,22066,0.488,0.346,0.048,0.118,0,0,14.9,123.8,201.2,0.0885
J. VOC,Hudson,2295,Hudson County Vocational,36379,0.419,0.467,0.111,0.003,0,0,12.5,91.9,122.7,0.0629
J. VOC,Hunterdon,2308,Hunterdon Co Vocational,19291,0.202,0.202,0.02,0.515,0.061,0,27.7,230.7,173,0.0968
J. VOC,Mercer,3105,Mercer County Vocational,25342,0.323,0.434,0.034,0.209,0,0,18.5,165.7,138.1,0.2275
J. VOC,Middlesex,3150,Middlesex Co Vocational,29162,0.41,0.5,0.068,0.007,0,0.015,15.3,67.2,100.8,0.2061
J. VOC,Monmouth,3260,Monmouth Co Vocational,29695,0.346,0.399,0.03,0.225,0,0,9.9,73,123.9,0.1441
J. VOC,Morris,3365,Morris County Vocational,20424,0.198,0.264,0.052,0.485,0,0.001,23.4,118.5,190.9,0.0698
J. VOC,Ocean,3790,Ocean County Vocational,23228,0.287,0.506,0.097,0.11,0,0,16.9,103.7,145.5,0.1426
J. VOC,Passaic,3995,Passaic County Vocational,29610,0.48,0.082,0.044,0.358,0.036,0,12.3,72.8,150.4,0.0979
J. VOC,Salem,4640,Salem County Vocational,20871,0.547,0.131,0.144,0.178,0,0,16,155,77.5,0.18
J. VOC,Somerset,4810,Somerset Co Vocational,43000,0.382,0.532,0.032,0.055,0,0,8.4,51.4,48.8,0.1875
J. VOC,Sussex,5110,Sussex County Vocational,27274,0.417,0.454,0.037,0.093,0,0,11.6,78.8,101.4,0.2255
J. VOC,Union,5260,Union County Vocational,20279,0.447,0.273,0.031,0.249,0,0,14.4,99.8,95.3,0.0834
J. VOC,Warren,5460,Warren County Vocational,29054,0.424,0.375,0.057,0.145,0,0,11.6,59.2,87.6,0.2078
K. Charter,Atlantic,6060,Atlantic Community Charter School,27178,0.804,0.002,0.194,0,0,0,9.6,106,63.6,0.1291
K. Charter,Atlantic,6104,Principle Academy Charter School,21951,0.578,0.303,0.119,0,0,0,12.6,286.5,233.5,0.0964
K. Charter,Atlantic,7410,Charter~tech High School,28556,0.849,0.006,0.145,0,0,0,8.6,90.3,90.3,0.2603
K. Charter,Bergen,6013,Bergen Arts And Sciences Charter School,18607,0.49,0.42,0.09,0,0,0,16.2,200,171.4,0.045
K. Charter,Bergen,6430,Englewood On The Palisades Charter Schoo,21462,0.273,0.661,0.066,0,0,0,13.5,311,155.5,0.1029
K. Charter,Bergen,7890,Teaneck Community Cs,22938,0.222,0.742,0.036,0,0,0,12,149.1,87.3,0.0773
K. Charter,Burlington,6026,Riverbank Charter School Of Excelle,22642,0.317,0.332,0.052,0,0,0.299,12.8,154,77,0.0324
K. Charter,Burlington,6076,Benjamin Banneker Prep Cs,24032,0.179,0.648,0.099,0,0,0.074,0,0,0,0.0793
K. Charter,Camden,1799,Kipp Cooper Norcross,23920,0.033,0.693,0.148,0,0.055,0.071,18.2,315,945,0
K. Charter,Camden,1801,Camden Prep,22712,0.761,0.059,0.18,0,0,0,23.5,221.2,221.2,0
K. Charter,Camden,1802,Mastery Schools Of Camden,22901,0.831,0.045,0.124,0,0,0,13.7,255.7,281.3,0
K. Charter,Camden,6086,Hope Community Cs,32928,0.541,0.037,0.141,0,0,0.281,8.7,130.9,48,0.1459
K. Charter,Camden,6107,Camden’s Promise Charter School,23298,0.757,0.095,0.148,0,0,0,10.1,113.8,169.6,0.0874
K. Charter,Camden,6232,Environment Community Cs,3198,1,0,0,0,0,0,8.8,1207.1,56.3,0.0827
K. Charter,Camden,6240,Freedom Prep Charter School,23180,0.748,0.046,0.207,0,0,0,16,97.8,130.3,0.1843
K. Charter,Camden,7109,Leap Academy University Cs,20209,0.781,0.045,0.174,0,0,0,15.2,1547,309.4,0.0608
K. Charter,Cumberland,6028,Vineland Public Charter School,14144,0.912,0.001,0.087,0,0,0,11.5,0,126.7,0.0552
K. Charter,Cumberland,6069,Millville Public Charter School,15905,0.842,0.003,0.155,0,0,0,12.4,286,143,0.0839
K. Charter,Cumberland,6089,Compass Academy Cs,20774,0.611,0.123,0.11,0,0,0.156,9.4,89,71.2,0.0898
K. Charter,Cumberland,6100,Bridgeton Public Charter School,20014,0.865,0.002,0.133,0,0,0,10.5,232,116,0.0173
K. Charter,Essex,6020,Pride Academy Charter School,21118,0.812,0.104,0.085,0,0,0,11.6,149.5,47.5,0.1403
K. Charter,Essex,6022,Burch Charter School Of Excellence,30131,0.462,0.051,0.124,0,0,0.363,16,167.5,83.8,0.0119
K. Charter,Essex,6029,Newark Educators Community Charter Schoo,30718,0.783,0.07,0.147,0,0,0,21.1,95,95,0.1159
K. Charter,Essex,6053,Great Oaks Legacy Charter School,25576,0.715,0.112,0.173,0,0,0,14.3,133.7,93.6,0.1106
K. Charter,Essex,6057,Peoples Preparatory Charter School,29113,0.848,0.002,0.15,0,0,0,18.5,175.5,0,0.1624
K. Charter,Essex,6058,Roseville Community Cs,34022,0.834,0.003,0.163,0,0,0,9.8,44,88,0.0796
K. Charter,Essex,6094,Phillip's Academy Charter School,25641,0.679,0.099,0.222,0,0,0,13.3,172.7,129.5,0.0753
K. Charter,Essex,6099,Link Community Charter School,25112,0.769,0.091,0.14,0,0,0,10,290,67.2,0.1034
K. Charter,Essex,6109,Lead Charter School,23351,0.722,0.16,0.118,0,0,0,22.3,66.9,78,0.1238
K. Charter,Essex,6110,Achieve Community Charter School,20309,0.675,0.096,0.223,0,0,0.006,19.8,0,456,0.0856
K. Charter,Essex,6320,Discovery Cs,22957,0.7,0.097,0.203,0,0,0,14.3,0,66.7,0.1
K. Charter,Essex,6410,East Orange Community Cs,21457,0.782,0.095,0.123,0,0,0,14.2,0,64.9,0.0683
K. Charter,Essex,6665,Gray Cs,19602,0.764,0.088,0.148,0,0,0,20.7,176,117.3,0.0256
K. Charter,Essex,7210,Marion P. Thomas Cs,27467,0.707,0.198,0.095,0,0,0,13.7,98,57.9,0.0973
K. Charter,Essex,7290,New Horizons Comm. Cs,23648,0.849,0.077,0.075,0,0,0,12.5,99,82.4,0.0534
K. Charter,Essex,7320,North Star Academy Charter School,19940,0.741,0.131,0.128,0,0,0,19.1,579.2,398.2,0.0958
K. Charter,Essex,7325,Team Academy Charter School,23549,0.714,0.134,0.146,0,0.006,0,20.6,259.4,0,0.1201
K. Charter,Essex,7730,Robert Treat Academy Cs,20773,0.743,0.123,0.134,0,0,0,17,150,191.7,0.0667
K. Charter,Essex,7735,Maria L. Varisco-Rogers Cs,20809,0.835,0.114,0.051,0,0,0,13.4,185.3,53,0.0899
K. Charter,Essex,8065,University Heights Cs,2232,1,0,0,0,0,0,9.3,139,46.3,0.1007
K. Charter,Hudson,6030,The Ethical Community Charter School,17187,0.409,0.442,0.149,0,0,0,12.2,182.5,91.3,0.0657
K. Charter,Hudson,6036,Hola Hoboken Dual Lang Cs,17297,0.879,0.071,0.051,0,0,0,25.9,414,414,0.0555
K. Charter,Hudson,6064,Dr Lena Edwards Academic Charter School,21474,0.394,0.461,0.145,0,0,0,14.7,127.3,127.3,0.1048
K. Charter,Hudson,6082,Beloved Community Charter School,18801,0.141,0.778,0.081,0,0,0,15,178.8,158.9,0.0601
K. Charter,Hudson,6093,Jersey City Global Cs,18103,0.415,0.406,0.084,0,0,0.095,13.1,143.7,143.7,0.0348
K. Charter,Hudson,6103,Empowerment Academy Charter School,20350,0.163,0.757,0.08,0,0,0,11.9,146.5,109.9,0.0728
K. Charter,Hudson,6105,Hudson Arts And Science  Charter School,17837,0.51,0.39,0.1,0,0,0,14.6,393,786,0.0432
K. Charter,Hudson,6420,Elysian Cs Of Hoboken,19495,0.304,0.603,0.092,0,0,0.001,11.2,144,288,0.1356
K. Charter,Hudson,6720,Hoboken Cs,21356,0.867,0.089,0.044,0,0,0,10.5,128.7,59.2,0.1352
K. Charter,Hudson,6910,Jersey City Comm. Cs,16632,0.393,0.446,0.106,0,0.055,0,17.5,133.3,140,0.0518
K. Charter,Hudson,6915,Jersey City Golden Door Charter School,17298,0.511,0.418,0.071,0,0,0,14.2,190,114,0.0438
K. Charter,Hudson,7115,Learning Community Cs,18657,0.645,0.251,0.103,0,0,0.001,13.3,197.7,197.7,0.0422
K. Charter,Hudson,7830,Soaring Heights Cs,23483,0.413,0.205,0.135,0,0,0.247,14.2,168.1,269,0.0372
K. Charter,Hudson,8060,University Academy Cs,29153,0.341,0.372,0.032,0,0,0.255,12.4,80.2,75.3,0.1664
K. Charter,Mercer,6017,Foundation Academy Cs,24620,0.736,0.001,0.071,0,0,0.192,16.2,210.8,117.1,0.0977
K. Charter,Mercer,6025,Paul Robeson Humanities  Charter School,22260,0.865,0.013,0.122,0,0,0,11.8,108,216,0.095
K. Charter,Mercer,6183,Trenton Stem-To-Civics Cs,27532,0.179,0.538,0.094,0,0,0.189,16.4,69.6,69.6,0.14
K. Charter,Mercer,6810,International Charter School,24182,0.763,0.002,0.19,0,0,0.045,9.4,88,88,0.0568
K. Charter,Mercer,7500,Pace Cs Of Hamilton,25982,0.419,0.193,0.091,0,0,0.297,12,433,108.3,0.0277
K. Charter,Mercer,7540,Princeton Cs,25324,0.236,0.723,0.041,0,0,0,10.9,528.8,141,0.0543
K. Charter,Mercer,7895,Achievers Early College Prep Charter Sch,22222,0.768,0.007,0.225,0,0,0,16.9,70.8,70.8,0.0706
K. Charter,Mercer,8140,Village Cs,21883,0.762,0.068,0.17,0,0,0,10.8,178.5,89.3,0.0813
K. Charter,Middlesex,6032,Academy For Urban Leadership Charter Sch,30347,0.662,0.082,0.098,0,0,0.158,10.6,69.2,103.8,0.0555
K. Charter,Middlesex,6041,Hatikvah International Cs,17624,0.315,0.583,0.102,0,0,0,12.9,94.5,190,0.0492
K. Charter,Middlesex,6635,Greater Brunswick Cs,24576,0.55,0.279,0.116,0,0,0.055,11.4,98.5,98.5,0.1293
K. Charter,Middlesex,7896,Middlesex Charter School,16030,0.663,0.229,0.108,0,0,0,15.6,118.8,140.5,0.0549
K. Charter,Monmouth,6010,Academy Charter High School,29591,0.65,0.216,0.134,0,0,0,10.1,38.8,79.5,0.1853
K. Charter,Monmouth,6740,Hope Academy Cs,23331,0.606,0.209,0.184,0,0,0.001,11.1,130.3,87,0.0839
K. Charter,Monmouth,7720,The Red Bank Cs,26049,0.48,0.419,0.101,0,0,0,9.3,26.8,80.5,0.1355
K. Charter,Monmouth,7891,College Achieve Greater Asbury Park Char,24907,0.801,0.05,0.149,0,0,0,11.8,71,106.5,0.1292
K. Charter,Morris,8050,Unity Cs,31027,0.205,0.489,0.045,0,0,0.261,8.7,73.4,53.4,0.1577
K. Charter,Ocean,7893,Ocean Academy Charter School,22763,0.21,0.6,0.116,0,0,0.074,11.6,186,124,0.1424
K. Charter,Passaic,6021,Community Charter School Of Paterso,22065,0.698,0.155,0.147,0,0,0,9.7,0,149.2,0.0759
K. Charter,Passaic,6079,John P Holland Charter School,24681,0.852,0.009,0.14,0,0,0,15,249.5,104.8,0.0801
K. Charter,Passaic,6080,Passaic Arts And Science Charter School,18228,0.605,0.254,0.141,0,0,0,14.9,257.9,902.5,0.0388
K. Charter,Passaic,6096,Paterson Arts And Science Charter School,20482,0.761,0.094,0.145,0,0,0,13.8,127.3,955,0.09
K. Charter,Passaic,6106,Philip’s Charter School Of Paterson,24082,0.765,0.037,0.198,0,0,0,13.9,121.7,80,0.0903
K. Charter,Passaic,6230,Classical Academy Charter School Of Clif,15488,0.413,0.541,0.045,0,0,0.001,12.5,87.5,87.5,0.0343
K. Charter,Passaic,7503,Paterson Cs For Sci/Tech,30090,0.551,0.066,0.103,0,0,0.28,11.4,78.5,135.6,0.1012
K. Charter,Passaic,7892,College Achieve Paterson Charter School,19852,0.823,0.003,0.174,0,0,0,15.8,291.8,89.8,0.06
K. Charter,Salem,7897,Creativity Colaboratory Charter School,16318,0.148,0.786,0.066,0,0,0,10.4,166,0,0.1325
K. Charter,Somerset,6018,Central Jersey College Prep Charter Scho,15818,0.28,0.676,0.043,0,0,0.001,11.7,141.2,306.1,0.0578
K. Charter,Somerset,6081,Thomas Edison Energysmart Charter School,27480,0.149,0.448,0.033,0,0,0.37,15.7,299,92,0.0301
K. Charter,Sussex,7850,Sussex County Technology Charter School,24838,0.329,0.574,0.049,0,0,0.048,10.4,112,112,0.1965
K. Charter,Union,6033,The Barack Obama Green Charter High Scho,27188,0.6,0.101,0.126,0,0,0.173,10.3,118.5,59.3,0.1099
K. Charter,Union,6101,College Achieve Central Charter School,18775,0.874,0.006,0.12,0,0,0,20.3,280.6,140.3,0.0734
K. Charter,Union,6102,Cresthaven Academy Charter School,19119,0.686,0.105,0.209,0,0,0,12.2,225,112.5,0.0889
K. Charter,Union,7600,Queen City Academy Cs,21869,0.611,0.12,0.204,0,0,0.065,17.8,88.8,88.8,0.0788
K. Charter,Union,8010,Union County Teams Cs,14672,0.78,0.15,0.071,0,0,0,25.6,359,102.6,0.0724
K. Charter,Warren,7727,Ridge And Valley Cs,25130,0.49,0.49,0.02,0,0,0,6.4,72.5,38.7,0.1472
State Summary,N.A.,9999,N.A.,27486,0.459,0.482,0.059,0,0,0,11.5,68.3,144.3,0.159
