CONAME,DIST,DISTNAME,EXP11A,ADE11A,PP11A,RK11A,EXP21A,ADE21A,PP21A,RK21A,BOTY
A. Statewide,N.A.,State Average - All Operating Types,N.A.,N.A.,27514,,N.A.,N.A.,28817,,N.A.
A. Statewide,N.A.,State Median - All Operating Types,N.A.,N.A.,26936,,N.A.,N.A.,28087,,N.A.
Atlantic,10,Absecon City,23213439,963,24095,24,24361150,998,24408,16,"K. K-12|K-8,751+"
Atlantic,110,Atlantic City,210251426,6430,32697,85,231012944,6440,35871,89,"N. K-12|K-12,3500+"
Atlantic,120,Atlantic Co Vocational,41275288,1731,23852,7,42971170,1735,24763,8,Q. County Voc
Atlantic,125,Atlantic Co Special Serv,20002725,293,68326,2,20062097,313,64177,1,P. CSSD
Atlantic,570,Brigantine City,24286814,474,51261,74,23301282,440,52944,75,"I. K-12|K-8,0-400"
Atlantic,590,Buena Regional,50887810,1658,30690,39,57069125,1632,34960,45,"L. K-12|K-12,0-1800"
Atlantic,960,Corbin City,1138342,63,18069,3,1191963,64,18624,3,K-12|Non-Operating
Atlantic,1300,Egg Harbor City,16565304,593,27938,43,18494721,571,32382,54,"D. K-8|K-8,401-750"
Atlantic,1310,Egg Harbor Twp,214753723,7431,28901,68,211365197,7478,28264,49,"N. K-12|K-12,3500+"
Atlantic,1410,Estell Manor City,6410559,235,27267,31,6328854,241,26279,14,"I. K-12|K-8,0-400"
Atlantic,1540,Folsom Boro,10512839,432,24358,11,12130044,425,28568,31,"I. K-12|K-8,0-400"
Atlantic,1690,Galloway Twp,87901565,3194,27523,46,89655582,3177,28221,41,"E. K-8|K-8,751+"
Atlantic,1790,Greater Egg Harbor Reg,100151884,3102,32287,25,106937586,3042,35151,31,"G. G9-12|7-12,9-12"
Atlantic,1940,Hamilton Twp,69936194,2856,24492,28,70643707,2892,24425,17,"E. K-8|K-8,751+"
Atlantic,1960,Hammonton Town,78040181,3386,23048,9,81795879,3395,24096,7,"M. K-12|K-12,1800-3500"
Atlantic,2680,Linwood City,18733495,792,23643,18,20145856,856,23544,10,"E. K-8|K-8,751+"
Atlantic,2780,Longport,1414835,63,22458,5,1501989,60,25033,6,K-12|Non-Operating
Atlantic,2910,Mainland Regional,39026007,1205,32399,28,38938869,1178,33059,24,"G. G9-12|7-12,9-12"
Atlantic,3020,Margate City,17426638,402,43352,73,16145140,372,43362,71,"I. K-12|K-8,0-400"
Atlantic,3480,Mullica Twp,17908177,633,28308,46,17799264,643,27696,28,"D. K-8|K-8,401-750"
Atlantic,3720,Northfield City,23598542,928,25424,32,24259815,943,25717,25,"E. K-8|K-8,751+"
Atlantic,4180,Pleasantville City,110366245,3766,29310,71,113628254,3941,28829,58,"N. K-12|K-12,3500+"
Atlantic,4240,Port Republic City,3613682,157,23077,7,3809856,161,23607,4,"I. K-12|K-8,0-400"
Atlantic,4800,Somers Point City,25219151,786,32091,70,24172178,790,30583,58,"E. K-8|K-8,751+"
Atlantic,5350,Ventnor City,27042964,734,36857,62,26932630,647,41634,64,"J. K-12|K-8,401-750"
Atlantic,5760,Weymouth Twp,5220696,198,26421,25,5328577,197,27038,22,"I. K-12|K-8,0-400"
Atlantic,6060,Atlantic Community Chart,8628946,318,27178,71,9767979,327,29899,81,O. Charter
Atlantic,6104,Principle Academy Charter School,10244647,467,21951,39,11250496,465,24215,52,O. Charter
Atlantic,7410,Charter~tech High School,10311685,361,28556,76,9690394,354,27413,73,O. Charter
Bergen,40,Allendale Boro,21147977,882,23966,23,22788482,920,24772,19,"E. K-8|K-8,751+"
Bergen,80,Alpine Boro,7873713,212,37120,67,8801869,211,41714,70,"I. K-12|K-8,0-400"
Bergen,285,Bergen Co Special Service,65907215,578,114014,7,67978848,590,115269,7,P. CSSD
Bergen,290,Bergen County Vocational,96146115,2544,37798,20,99872176,2646,37750,17,Q. County Voc
Bergen,300,Bergenfield Boro,92063353,3720,24748,22,100211545,3738,26813,33,"N. K-12|K-12,3500+"
Bergen,440,Bogota Boro,36719817,1339,27431,28,36480124,1398,26100,10,"L. K-12|K-12,0-1800"
Bergen,740,Carlstadt Boro,17360248,528,32906,60,21128012,546,38687,62,"D. K-8|K-8,401-750"
Bergen,745,Carlstadt-East Rutherford,21101414,666,31690,22,24671848,780,31650,16,"G. G9-12|7-12,9-12"
Bergen,890,Cliffside Park Boro,69257470,3021,22923,7,75568848,3087,24480,9,"M. K-12|K-12,1800-3500"
Bergen,930,Closter Boro,29256495,1201,24365,27,29431830,1228,23968,13,"E. K-8|K-8,751+"
Bergen,990,Cresskill Boro,46884381,1745,26869,23,46837732,1715,27311,19,"L. K-12|K-12,0-1800"
Bergen,1070,Demarest Boro,21836255,719,30360,61,22571675,778,28996,48,"E. K-8|K-8,751+"
Bergen,1130,Dumont Boro,62011346,2556,24257,18,66742954,2632,25355,17,"M. K-12|K-12,1800-3500"
Bergen,1230,East Rutherford Boro,24468256,742,32961,72,25409526,750,33882,72,"E. K-8|K-8,751+"
Bergen,1270,Edgewater Boro,30394797,1213,25061,22,32880496,1219,26972,28,H. K-12|K-6
Bergen,1345,Elmwood Park,58341710,2543,22943,8,64423920,2586,24912,12,"M. K-12|K-12,1800-3500"
Bergen,1360,Emerson Boro,30435187,1085,28057,30,31177826,1084,28758,25,"L. K-12|K-12,0-1800"
Bergen,1370,Englewood City,97928129,2918,33561,71,100498578,2956,33997,69,"M. K-12|K-12,1800-3500"
Bergen,1380,Englewood Cliffs Boro,17495160,457,38308,64,17929121,432,41475,63,"J. K-12|K-8,401-750"
Bergen,1450,Fair Lawn Boro,139897483,5390,25956,36,148080085,5560,26635,30,"N. K-12|K-12,3500+"
Bergen,1470,Fairview Boro,36955631,2167,17051,1,46661430,2157,21633,3,"K. K-12|K-8,751+"
Bergen,1550,Fort Lee Boro,100828054,4077,24734,21,110019637,4055,27130,40,"N. K-12|K-12,3500+"
Bergen,1580,Franklin Lakes Boro,40267593,1180,34118,73,44030055,1219,36135,76,"E. K-8|K-8,751+"
Bergen,1700,Garfield City,139727927,4657,30003,78,148361592,4773,31082,73,"N. K-12|K-12,3500+"
Bergen,1760,Glen Rock Boro,72213196,2600,27778,48,75663313,2621,28871,45,"M. K-12|K-12,1800-3500"
Bergen,1860,Hackensack City,155084977,5472,28344,62,175607564,5328,32961,83,"N. K-12|K-12,3500+"
Bergen,2050,Harrington Park Boro,17830405,648,27506,39,19291560,644,29976,46,"D. K-8|K-8,401-750"
Bergen,2080,Hasbrouck Heights Boro,44520358,1735,25667,21,49147633,1749,28098,21,"L. K-12|K-12,0-1800"
Bergen,2090,Haworth Boro,14269993,427,33444,61,13675194,438,31231,51,"D. K-8|K-8,401-750"
Bergen,2180,Hillsdale Boro,31353453,1096,28599,50,33642556,1115,30171,57,"E. K-8|K-8,751+"
Bergen,2200,Ho Ho Kus Boro,20274254,859,23598,9,21418135,818,26191,18,"J. K-12|K-8,401-750"
Bergen,2620,Leonia Boro,51889466,2140,24245,17,52927172,2127,24882,11,"M. K-12|K-12,1800-3500"
Bergen,2710,Little Ferry Boro,29646170,1110,26700,40,30604527,1113,27496,37,"K. K-12|K-8,751+"
Bergen,2740,Lodi Borough,83275099,3150,26435,40,85512305,3189,26812,30,"M. K-12|K-12,1800-3500"
Bergen,2860,Lyndhurst Twp,63689362,2449,26007,36,65289263,2611,25004,13,"M. K-12|K-12,1800-3500"
Bergen,2900,Mahwah Twp,91277894,2781,32823,69,100707562,2754,36568,73,"M. K-12|K-12,1800-3500"
Bergen,3060,Maywood Boro,27518362,1213,22694,10,29574695,1294,22849,7,"K. K-12|K-8,751+"
Bergen,3170,Midland Park Boro,30819554,882,34935,46,32872018,882,37287,48,"L. K-12|K-12,0-1800"
Bergen,3330,Montvale Boro,23162496,959,24157,25,26270184,964,27249,35,"E. K-8|K-8,751+"
Bergen,3350,Moonachie Boro,12751948,474,26899,29,12840185,486,26409,17,"I. K-12|K-8,0-400"
Bergen,3550,New Milford Boro,51807104,2049,25281,29,56423892,2037,27704,41,"M. K-12|K-12,1800-3500"
Bergen,3600,North Arlington Boro,42445010,1958,21683,1,46892598,2054,22829,2,"M. K-12|K-12,1800-3500"
Bergen,3700,Northern Highlands Reg,42386893,1336,31726,23,43646189,1316,33155,26,"G. G9-12|7-12,9-12"
Bergen,3710,Northern Valley Regional,82312033,2148,38326,41,87949104,2065,42591,42,"G. G9-12|7-12,9-12"
Bergen,3730,Northvale Boro,14138801,553,25586,25,14923850,534,27954,33,"D. K-8|K-8,401-750"
Bergen,3740,Norwood Boro,15301652,639,23960,12,16538459,637,25959,17,"D. K-8|K-8,401-750"
Bergen,3760,Oakland Boro,41088531,1302,31568,68,45069334,1334,33785,71,"E. K-8|K-8,751+"
Bergen,3850,Old Tappan Boro,18795150,729,25784,34,21156136,752,28138,40,"E. K-8|K-8,751+"
Bergen,3870,Oradell Boro,17185811,801,21465,4,18262593,809,22571,6,A. K-6|K-6
Bergen,3910,Palisades Park,36803072,1830,20109,1,44826680,1815,24692,7,"L. K-12|K-12,0-1800"
Bergen,3930,Paramus Boro,111947284,3695,30295,81,121352281,3650,33244,85,"N. K-12|K-12,3500+"
Bergen,3940,Park Ridge Boro,42152188,1232,34217,45,43784272,1200,36480,47,"L. K-12|K-12,0-1800"
Bergen,3960,Pascack Valley Regional,74485998,1869,39849,45,80126395,1776,45109,45,"G. G9-12|7-12,9-12"
Bergen,4300,Ramapo-Indian Hill Reg,74868505,2127,35203,34,82014553,2017,40672,40,"G. G9-12|7-12,9-12"
Bergen,4310,Ramsey Boro,86928138,2589,33578,72,93051520,2517,36968,74,"M. K-12|K-12,1800-3500"
Bergen,4370,Ridgefield Boro,50918189,1569,32446,42,50050520,1593,31411,38,"L. K-12|K-12,0-1800"
Bergen,4380,Ridgefield Park Twp,62953877,2091,30101,62,59410265,2083,28526,42,"M. K-12|K-12,1800-3500"
Bergen,4390,Ridgewood Village,138921574,5626,24693,17,147686170,5564,26542,28,"N. K-12|K-12,3500+"
Bergen,4405,River Dell Regional,46020118,1610,28579,13,49883887,1618,30828,13,"F. G7-12|7-12,9-12"
Bergen,4410,River Edge Boro,26691698,1178,22652,7,28064882,1173,23931,16,A. K-6|K-6
Bergen,4430,River Vale Twp,37122048,1036,35827,76,33394614,1030,32424,66,"E. K-8|K-8,751+"
Bergen,4470,Rochelle Park Twp,16998323,666,25515,24,18872965,648,29137,40,"J. K-12|K-8,401-750"
Bergen,4500,Rockleigh,645162,25,25806,10,623163,23,27094,10,K-12|Non-Operating
Bergen,4600,Rutherford Boro,56463588,2483,22740,5,68322373,2506,27259,36,"M. K-12|K-12,1800-3500"
Bergen,4610,Saddle Brook Twp,48224221,1727,27921,49,50303195,1820,27639,39,"M. K-12|K-12,1800-3500"
Bergen,4620,Saddle River Boro,11369230,331,34361,54,12225118,310,39393,55,H. K-12|K-6
Bergen,4870,South Hackensack Twp,11712323,364,32180,59,12325104,332,37130,63,"I. K-12|K-8,0-400"
Bergen,5150,Teaneck Twp,136259757,3751,36328,93,141766952,3857,36755,91,"N. K-12|K-12,3500+"
Bergen,5160,Tenafly Boro,99868122,3572,27956,50,104767683,3561,29423,49,"M. K-12|K-12,1800-3500"
Bergen,5330,Upper Saddle River Boro,30638621,1133,27032,43,32423289,1124,28858,46,"E. K-8|K-8,751+"
Bergen,5410,Waldwick Boro,41192089,1617,25482,16,46624266,1591,29313,27,"L. K-12|K-12,0-1800"
Bergen,5430,Wallington Boro,29115372,1245,23381,4,29381244,1231,23869,5,"L. K-12|K-12,0-1800"
Bergen,5755,Westwood Regional,73683177,2800,26320,38,80723174,2815,28672,44,"M. K-12|K-12,1800-3500"
Bergen,5830,Wood-Ridge Boro,29758520,1252,23777,6,31796548,1216,26155,11,"L. K-12|K-12,0-1800"
Bergen,5880,Woodcliff Lake Boro,20435835,727,28125,48,21479790,749,28677,45,"E. K-8|K-8,751+"
Bergen,5920,Wyckoff Twp,54124717,2012,26907,41,57465622,2029,28320,42,"E. K-8|K-8,751+"
Bergen,6013,Bergen Arts And Sciences,22330119,1200,18607,16,25185361,1247,20190,24,O. Charter
Bergen,6430,Englewood On The Palisad,6672526,311,21462,35,7595570,303,25060,60,O. Charter
Bergen,7890,Teaneck Community Cs,8007565,349,22938,47,8980035,358,25070,61,O. Charter
Burlington,200,Bass River Twp,1803455,78,23121,7,1506268,105,14345,1,K-6|Non-Operating
Burlington,380,Beverly City,11820595,427,27671,35,13553591,437,31018,43,"I. K-12|K-8,0-400"
Burlington,475,Bordentown Regional,60368704,2213,27278,46,63691171,2141,29751,56,"M. K-12|K-12,1800-3500"
Burlington,600,Burlington City,62531073,1797,34806,73,64689999,1868,34636,71,"M. K-12|K-12,1800-3500"
Burlington,605,Burlington Co Spec Serv,49266012,537,91691,5,51259469,537,95431,5,P. CSSD
Burlington,610,Burlington Co Vocational,54870169,2082,26352,9,58791227,2009,29270,10,Q. County Voc
Burlington,620,Burlington Twp,92927983,3634,25573,32,98476635,3680,26762,31,"N. K-12|K-12,3500+"
Burlington,830,Chesterfield Twp,18594155,715,26003,28,18796702,722,26043,25,A. K-6|K-6
Burlington,840,Cinnaminson Twp,66218362,2757,24020,15,70231726,2865,24516,10,"M. K-12|K-12,1800-3500"
Burlington,1030,Delanco Twp,12828906,494,25996,22,13280820,504,26351,15,"I. K-12|K-8,0-400"
Burlington,1060,Delran Twp,71884611,2916,24652,21,76210258,2880,26466,24,"M. K-12|K-12,1800-3500"
Burlington,1250,Eastampton Twp,14627753,555,26371,29,15398236,623,24728,10,"D. K-8|K-8,401-750"
Burlington,1280,Edgewater Park Twp,26479038,1094,24202,26,30835923,1194,25824,26,"K. K-12|K-8,751+"
Burlington,1420,Evesham Twp,98920555,4383,22568,9,98879621,4414,22399,5,"E. K-8|K-8,751+"
Burlington,1520,Florence Twp,38962568,1555,25057,13,40554883,1543,26282,12,"L. K-12|K-12,0-1800"
Burlington,1910,Hainesport Twp,13834604,565,24479,13,14607957,536,27269,25,"D. K-8|K-8,401-750"
Burlington,2610,Lenape Regional,199692401,6693,29835,15,214968544,6628,32436,19,"G. G9-12|7-12,9-12"
Burlington,2850,Lumberton Twp,31462459,1158,27174,44,33890141,1242,27284,36,"E. K-8|K-8,751+"
Burlington,2960,Mansfield Twp,16349054,531,30815,46,17634845,548,32160,46,A. K-6|K-6
Burlington,3010,Maple Shade Twp,63935308,2404,26595,41,66671691,2504,26626,26,"M. K-12|K-12,1800-3500"
Burlington,3070,Medford Lakes Boro,10940729,488,22434,5,11248572,487,23119,5,"D. K-8|K-8,401-750"
Burlington,3080,Medford Twp,69128522,2616,26428,37,72599946,2693,26960,34,"E. K-8|K-8,751+"
Burlington,3360,Moorestown Twp,106407487,3883,27405,54,108412964,3914,27702,44,"N. K-12|K-12,3500+"
Burlington,3430,Mount Holly Twp,31216101,1111,28108,47,32193790,1149,28020,39,"E. K-8|K-8,751+"
Burlington,3440,Mount Laurel Twp,97041210,4193,23145,12,102445477,4208,24344,15,"E. K-8|K-8,751+"
Burlington,3540,New Hanover Twp,6226854,216,28868,44,6748589,206,32828,51,"I. K-12|K-8,0-400"
Burlington,3650,North Hanover Twp,39618531,1305,30354,43,44339611,1410,31448,43,A. K-6|K-6
Burlington,3690,Northern Burlington Reg,56544040,2181,25926,7,58664175,2144,27360,5,"F. G7-12|7-12,9-12"
Burlington,3920,Palmyra Boro,24048108,998,24087,7,26866167,1005,26746,17,"L. K-12|K-12,0-1800"
Burlington,4050,Pemberton Twp,142597756,4169,34204,90,139714860,4382,31887,75,"N. K-12|K-12,3500+"
Burlington,4320,Rancocas Valley Regional,51640959,2095,24650,6,57772010,2044,28259,9,"G. G9-12|7-12,9-12"
Burlington,4450,Riverside Twp,36344316,1497,24284,8,39763689,1585,25086,8,"L. K-12|K-12,0-1800"
Burlington,4460,Riverton,8238956,366,22489,4,8143461,340,23969,6,"I. K-12|K-8,0-400"
Burlington,4740,Shamong Twp,18461141,699,26415,31,18348508,708,25905,16,"D. K-8|K-8,401-750"
Burlington,4930,Southampton Twp,18614726,693,26845,34,19392874,696,27848,32,"D. K-8|K-8,401-750"
Burlington,5010,Springfield Twp,6055291,262,23110,11,6603134,290,22794,8,A. K-6|K-6
Burlington,5130,Tabernacle Twp,17394814,697,24950,15,19915477,685,29068,39,"D. K-8|K-8,401-750"
Burlington,5490,Washington Twp,1781891,66,26998,12,1996396,69,28933,11,K-12|Non-Operating
Burlington,5720,Westampton,21538700,940,22907,11,24710816,929,26590,33,"E. K-8|K-8,751+"
Burlington,5805,Willingboro Twp,96319790,3642,26449,41,108487219,3717,29184,63,"N. K-12|K-12,3500+"
Burlington,5890,Woodland Twp,3684062,104,35359,66,3489434,108,32240,48,"C. K-8|K-8,0-400"
Burlington,6026,Riverbank Charter School,3491388,154,22642,43,2644999,153,17276,6,O. Charter
Burlington,6076,Benjamin Banneker Prep Cs,8480918,353,24032,56,7422688,357,20786,28,O. Charter
Camden,150,Audubon Boro,34785706,1424,24431,10,37665315,1444,26081,9,"L. K-12|K-12,0-1800"
Camden,190,Barrington Boro,20157972,802,25149,18,20152419,793,25426,12,"J. K-12|K-8,401-750"
Camden,260,Bellmawr Boro,26870174,1158,23205,13,29457421,1158,25432,24,"E. K-8|K-8,751+"
Camden,330,Berlin Boro,17657120,825,21402,3,17972165,883,20361,1,"E. K-8|K-8,751+"
Camden,340,Berlin Twp,19489942,768,25396,23,21278195,787,27030,22,"J. K-12|K-8,401-750"
Camden,390,Black Horse Pike Regional,95830198,3527,27168,9,98864664,3598,27480,6,"G. G9-12|7-12,9-12"
Camden,580,Brooklawn Boro,8535911,360,23746,9,9364318,344,27201,25,"I. K-12|K-8,0-400"
Camden,680,Camden City,305108349,7006,43552,95,325504473,7076,45998,94,"N. K-12|K-12,3500+"
Camden,700,Camden County Vocational,61832139,2189,28251,11,75547676,2106,35877,16,Q. County Voc
Camden,800,Cherry Hill Twp,269456063,10790,24972,27,284106586,10834,26224,24,"N. K-12|K-12,3500+"
Camden,880,Clementon Boro,15658056,657,23833,11,17849732,783,22809,4,"J. K-12|K-8,401-750"
Camden,940,Collingswood Boro,53742035,2265,23726,12,57145871,2249,25406,18,"M. K-12|K-12,1800-3500"
Camden,1255,Eastern Camden County Reg,48416388,2025,23915,5,53810313,1949,27610,7,"G. G9-12|7-12,9-12"
Camden,1720,Gibbsboro Boro,7150851,297,24086,10,8130745,295,27569,28,"C. K-8|K-8,0-400"
Camden,1770,Gloucester City,72066202,2517,28627,55,71585352,2392,29927,58,"M. K-12|K-12,1800-3500"
Camden,1780,Gloucester Twp,146267919,6566,22278,6,156953987,6678,23505,9,"E. K-8|K-8,751+"
Camden,1799,Kipp Cooper Norcross,45208546,1890,23920,55,83347980,2002,41642,84,O. Charter
Camden,1801,Camden Prep,25115916,1106,22712,44,29070383,1167,24912,59,O. Charter
Camden,1802,Mastery Schools Of Camden,64412398,2813,22901,46,75139216,2848,26383,71,O. Charter
Camden,1880,Haddon Heights Boro,33807736,1563,21625,2,34197534,1478,23135,2,"L. K-12|K-12,0-1800"
Camden,1890,Haddon Twp,48878599,2082,23483,11,50916751,2147,23718,5,"M. K-12|K-12,1800-3500"
Camden,1900,Haddonfield,58881257,2714,21697,2,60276431,2767,21785,1,"M. K-12|K-12,1800-3500"
Camden,2130,Hi Nella,2848214,120,23735,9,2725839,112,24338,5,K-12|Non-Operating
Camden,2540,Laurel Springs Boro,6218030,317,19645,1,7458974,320,23302,12,H. K-12|K-6
Camden,2560,Lawnside Boro,12580738,470,26795,28,13587573,456,29783,36,"I. K-12|K-8,0-400"
Camden,2670,Lindenwold Boro,82807239,3051,27144,45,79826044,3152,25324,16,"M. K-12|K-12,1800-3500"
Camden,2890,Magnolia Boro,11227859,408,27525,34,11915256,402,29607,35,"C. K-8|K-8,0-400"
Camden,3110,Merchantville Boro,11992934,550,21807,2,12827174,530,24211,8,"I. K-12|K-8,0-400"
Camden,3420,Mount Ephraim Boro,14167648,566,25024,17,15763815,593,26598,20,"J. K-12|K-8,401-750"
Camden,3770,Oaklyn Boro,11179513,492,22731,8,11846089,516,22970,10,H. K-12|K-6
Camden,4060,Pennsauken Twp,132308575,4668,28344,62,131676986,4878,26996,38,"N. K-12|K-12,3500+"
Camden,4110,Pine Hill Boro,50657179,1893,26758,44,54048654,1953,27676,40,"M. K-12|K-12,1800-3500"
Camden,4590,Runnemede Boro,20481919,812,25238,31,20689667,829,24963,21,"E. K-8|K-8,751+"
Camden,4790,Somerdale Boro,11498065,456,25224,20,11922591,448,26644,21,"D. K-8|K-8,401-750"
Camden,5035,Sterling High School Dist,23520577,906,25950,8,25052118,901,27815,8,"G. G9-12|7-12,9-12"
Camden,5080,Stratford Boro,21176647,890,23784,20,22519654,908,24793,20,"E. K-8|K-8,751+"
Camden,5400,Voorhees Twp,77546853,2945,26329,35,76540410,3025,25305,23,"E. K-8|K-8,751+"
Camden,5560,Waterford Twp,37425921,1564,23924,16,37118650,1606,23111,11,H. K-12|K-6
Camden,5820,Winslow Twp,132388387,4770,27756,57,132032471,4867,27130,40,"N. K-12|K-12,3500+"
Camden,5900,Woodlynne Boro,14788592,564,26230,28,16697056,572,29183,41,"J. K-12|K-8,401-750"
Camden,6086,Hope Community Cs,4738319,144,32928,84,3858504,133,29121,78,O. Charter
Camden,6107,Camden’s Promise Charter,50395803,2163,23298,49,58100246,2274,25548,65,O. Charter
Camden,7109,Leap Academy University,31255503,1547,20209,26,33774077,1539,21951,34,O. Charter
Cape May,170,Avalon Boro,5290241,99,53377,76,4993174,114,43642,73,"I. K-12|K-8,0-400"
Cape May,710,Cape May City,5619676,168,33473,52,5540554,161,34456,52,A. K-6|K-6
Cape May,715,Cape May Co Special Serv,15519613,232,66885,1,16132505,245,65986,2,P. CSSD
Cape May,720,Cape May Co Vocational,19741335,590,33464,17,23561463,608,38785,19,Q. County Voc
Cape May,730,Cape May Point,64876,2,32438,14,49027,1,49027,16,K-12|Non-Operating
Cape May,1080,Dennis Twp,20500563,768,26684,33,22191621,799,27783,31,"J. K-12|K-8,401-750"
Cape May,2820,Lower Cape May Regional,41801420,1201,34810,32,43964111,1205,36488,35,"F. G7-12|7-12,9-12"
Cape May,2840,Lower Twp,41093144,1524,26956,33,42700457,1471,29023,32,A. K-6|K-6
Cape May,3130,Middle Twp,63956408,2585,24741,23,66615999,2635,25283,15,"M. K-12|K-12,1800-3500"
Cape May,3680,North Wildwood City,12117191,231,52554,75,11280068,211,53404,76,"I. K-12|K-8,0-400"
Cape May,3780,Ocean City,57113229,1941,29422,58,57364577,1859,30867,61,"M. K-12|K-12,1800-3500"
Cape May,4700,Sea Isle City,2275769,97,23583,8,2492659,80,31354,14,H. K-12|K-6
Cape May,5060,Stone Harbor Boro,3697372,108,34362,63,4020001,105,38288,65,"I. K-12|K-8,0-400"
Cape May,5340,Upper Twp,42933054,1918,22391,7,42681241,1930,22111,4,"K. K-12|K-8,751+"
Cape May,5610,West Cape May Boro,2356183,87,27020,34,2626184,86,30403,39,A. K-6|K-6
Cape May,5700,West Wildwood,824797,36,22911,6,860232,34,25301,7,K-12|Non-Operating
Cape May,5790,Wildwood City,33625800,898,37454,48,27766180,849,32724,39,"L. K-12|K-12,0-1800"
Cape May,5800,Wildwood Crest Boro,11390244,271,41997,72,11782376,270,43612,72,"I. K-12|K-8,0-400"
Cape May,5840,Woodbine Boro,7950555,282,28214,39,10742406,293,36645,60,"I. K-12|K-8,0-400"
Cumberland,540,Bridgeton City,165543891,6256,26462,43,179244041,6204,28894,61,"N. K-12|K-12,3500+"
Cumberland,950,Commercial Twp,16459800,652,25254,22,17843228,656,27213,24,"J. K-12|K-8,401-750"
Cumberland,995,Cumberland Co Vocational,32823062,1025,32034,16,31823892,1082,29407,11,Q. County Voc
Cumberland,997,Cumberland Regional,32003430,1132,28263,10,39679849,1152,34440,28,"G. G9-12|7-12,9-12"
Cumberland,1020,Deerfield Twp,7898742,285,27679,36,8713725,319,27352,27,"C. K-8|K-8,0-400"
Cumberland,1120,Downe Twp,5340816,171,31276,54,5095980,170,30063,38,"I. K-12|K-8,0-400"
Cumberland,1460,Fairfield Twp,14861634,504,29505,50,13421481,528,25414,11,"D. K-8|K-8,401-750"
Cumberland,1820,Greenwich Twp,1930650,75,25698,18,2093272,83,25376,10,"C. K-8|K-8,0-400"
Cumberland,2270,Hopewell Twp,11101810,495,22409,4,12175504,512,23798,8,"D. K-8|K-8,401-750"
Cumberland,2570,Lawrence Twp,13690417,532,25720,26,13883448,537,25860,14,"J. K-12|K-8,401-750"
Cumberland,3050,Maurice River Twp,11460235,520,22042,3,12080279,526,22976,2,"I. K-12|K-8,0-400"
Cumberland,3230,Millville City,147818471,5046,29296,70,164530648,5032,32699,81,"N. K-12|K-12,3500+"
Cumberland,5070,Stow Creek Twp,3176281,123,25842,19,3060709,124,24638,9,"C. K-8|K-8,0-400"
Cumberland,5300,Upper Deerfield Twp,23637700,928,25480,33,26755364,970,27582,38,"E. K-8|K-8,751+"
Cumberland,5390,Vineland City,273135210,10326,26450,42,271453768,10426,26035,20,"N. K-12|K-12,3500+"
Cumberland,6028,Vineland Public Charter,5377612,380,14144,1,5915617,398,14860,1,O. Charter
Cumberland,6069,Millville Public Charter,4547300,286,15905,5,5622005,288,19507,17,O. Charter
Cumberland,6089,Compass Academy Cs,3701860,178,20774,30,3278860,170,19253,16,O. Charter
Cumberland,6100,Bridgeton Public Charter,2311572,116,20014,25,2664530,117,22793,39,O. Charter
Essex,250,Belleville Town,115304147,4777,24139,13,134131137,4993,26862,36,"N. K-12|K-12,3500+"
Essex,410,Bloomfield Twp,159396910,6160,25876,34,179166693,6468,27700,43,"N. K-12|K-12,3500+"
Essex,660,Caldwell-West Caldwell,64599006,2624,24619,20,69630002,2590,26888,33,"M. K-12|K-12,1800-3500"
Essex,760,Cedar Grove Twp,44038987,1617,27228,26,45807806,1593,28763,26,"L. K-12|K-12,0-1800"
Essex,1210,East Orange,327323134,9203,35568,92,351652313,9338,37657,92,"N. K-12|K-12,3500+"
Essex,1390,Essex Co Voc-Tech,74410315,2084,35705,18,92248169,2106,43809,21,Q. County Voc
Essex,1400,Essex Fells Boro,7383866,257,28713,36,7917991,248,31937,45,A. K-6|K-6
Essex,1465,Fairfield Twp,17144870,708,24206,18,17328439,699,24784,19,A. K-6|K-6
Essex,1750,Glen Ridge Boro,46891184,1834,25569,19,51242445,1881,27249,18,"L. K-12|K-12,0-1800"
Essex,2330,Irvington Township,217229797,7420,29277,69,246673946,7667,32173,77,"N. K-12|K-12,3500+"
Essex,2730,Livingston Twp,164066057,6220,26379,39,171644708,6399,26825,34,"N. K-12|K-12,3500+"
Essex,3190,Millburn Twp,128390499,4806,26713,45,139025722,4813,28888,60,"N. K-12|K-12,3500+"
Essex,3310,Montclair Town,191863392,6079,31564,83,222863801,6160,36178,90,"N. K-12|K-12,3500+"
Essex,3570,Newark City,1226565171,40826,30044,79,1401152588,41540,33730,86,"N. K-12|K-12,3500+"
Essex,3630,North Caldwell Boro,18555768,721,25728,27,19092708,707,27010,29,A. K-6|K-6
Essex,3750,Nutley Town,99509349,4027,24709,18,106773745,4075,26200,23,"N. K-12|K-12,3500+"
Essex,3880,City Of Orange Twp,168421700,5645,29834,76,191780721,5788,33134,84,"N. K-12|K-12,3500+"
Essex,4530,Roseland Boro,12805963,468,27362,35,13439107,470,28584,31,A. K-6|K-6
Essex,4900,South Orange-Maplewood,187492986,6923,27082,49,199980120,7024,28472,53,"N. K-12|K-12,3500+"
Essex,5370,Verona Boro,55509472,2169,25591,32,57449726,2223,25839,20,"M. K-12|K-12,1800-3500"
Essex,5630,West Essex Regional,55167965,1664,33156,29,55212288,1682,32823,21,"F. G7-12|7-12,9-12"
Essex,5680,West Orange Town,227403886,6682,34030,89,240836789,6961,34596,88,"N. K-12|K-12,3500+"
Essex,6020,Pride Academy Charter Sc,6322661,299,21118,32,6415652,299,21479,30,O. Charter
Essex,6022,Burch Charter School Of,10090734,335,30131,80,6364977,321,19841,19,O. Charter
Essex,6029,Newark Educators Communi,5833439,190,30718,82,7300151,134,54683,85,O. Charter
Essex,6053,Great Oaks Legacy Charte,47883913,1872,25576,67,57976888,1924,30130,82,O. Charter
Essex,6058,Roseville Community Cs,8971657,264,34022,85,10447311,278,37621,83,O. Charter
Essex,6094,Phillip's Academy Cs,13274377,518,25641,68,14028469,575,24397,54,O. Charter
Essex,6099,Link Community Charter S,8013112,319,25112,64,8751641,333,26321,70,O. Charter
Essex,6109,Lead Charter School,5468813,234,23351,51,6092628,210,29013,77,O. Charter
Essex,6320,Discovery Cs,2295667,100,22957,48,2576872,100,25846,66,O. Charter
Essex,6410,East Orange Community Cs,9737024,454,21457,34,9484280,446,21289,29,O. Charter
Essex,6665,Gray Cs,6890160,352,19602,22,7707608,337,22858,40,O. Charter
Essex,7210,Marion P. Thomas Cs,34988057,1274,27467,73,37074872,1282,28915,76,O. Charter
Essex,7290,New Horizons Comm. Cs,9743029,412,23648,54,10846950,383,28328,74,O. Charter
Essex,7320,North Star Academy Chart,127027746,6371,19940,24,148857832,6400,23261,44,O. Charter
Essex,7325,Team Academy Charter Sch,131325056,5577,23549,53,144780911,6041,23966,50,O. Charter
Essex,7730,Robert Treat Academy Cs,14329507,690,20773,29,15326087,695,22058,35,O. Charter
Essex,7735,Maria L. Varisco-Rogers,11567783,556,20809,31,12886081,558,23093,43,O. Charter
Gloucester,860,Clayton Boro,37173872,1465,25381,14,39491933,1499,26342,13,"L. K-12|K-12,0-1800"
Gloucester,870,Clearview Regional,49742707,2258,22035,2,50501603,2199,22971,2,"F. G7-12|7-12,9-12"
Gloucester,1100,Deptford Twp,99606109,4047,24610,16,98206481,4134,23757,7,"N. K-12|K-12,3500+"
Gloucester,1180,East Greenwich Twp,27636437,1345,20555,3,30339857,1275,23806,14,A. K-6|K-6
Gloucester,1330,Elk Twp,8475331,334,25347,24,8575596,343,25040,21,A. K-6|K-6
Gloucester,1590,Franklin Twp,29791445,1286,23166,13,31014395,1327,23366,13,A. K-6|K-6
Gloucester,1715,Gateway Regional,29954101,878,34132,31,30734794,896,34286,27,"F. G7-12|7-12,9-12"
Gloucester,1730,Glassboro,57537036,1867,30825,65,56778309,1914,29666,54,"M. K-12|K-12,1800-3500"
Gloucester,1774,Gloucester Co Spec Serv,41073960,527,77979,3,42097323,509,82673,4,P. CSSD
Gloucester,1775,Gloucester Co Vocational,36893312,1672,22066,5,38651695,1705,22668,7,Q. County Voc
Gloucester,1830,Greenwich Twp,14115997,499,28277,45,14596786,496,29404,44,"J. K-12|K-8,401-750"
Gloucester,2070,Harrison Twp,26794072,1308,20481,2,27369394,1333,20537,2,A. K-6|K-6
Gloucester,2440,Kingsway Regional,61927319,2841,21795,1,66945119,2937,22796,1,"F. G7-12|7-12,9-12"
Gloucester,2750,Logan Twp,25150614,1117,22509,8,26218647,1011,25925,28,"K. K-12|K-8,751+"
Gloucester,2990,Mantua Twp,30812047,1363,22606,6,29680817,1483,20014,1,A. K-6|K-6
Gloucester,3280,Monroe Twp,134895557,5720,23584,6,147421215,5849,25206,13,"N. K-12|K-12,3500+"
Gloucester,3490,National Park Boro,6633306,283,23423,15,7314471,293,24989,20,A. K-6|K-6
Gloucester,3580,Newfield Boro,4870102,273,17839,2,4476026,241,18573,2,K-12|Non-Operating
Gloucester,4020,Paulsboro Boro,32823736,1292,25415,15,39427142,1293,30493,34,"L. K-12|K-12,0-1800"
Gloucester,4140,Pitman Boro,30967062,1152,26875,24,34254735,1142,30002,31,"L. K-12|K-12,0-1800"
Gloucester,4880,South Harrison Twp,7536600,331,22769,9,7875429,345,22824,9,A. K-6|K-6
Gloucester,4940,Delsea Regional H.S Dist.,47334583,1659,28538,12,49048301,1638,29949,12,"F. G7-12|7-12,9-12"
Gloucester,5120,Swedesboro-Woolwich,38661190,1697,22786,10,40430855,1668,24240,17,A. K-6|K-6
Gloucester,5500,Washington Twp,187488535,7089,26447,40,191820716,7132,26894,37,"N. K-12|K-12,3500+"
Gloucester,5590,Wenonah Boro,4389696,172,25531,26,4863170,167,29047,33,A. K-6|K-6
Gloucester,5620,West Deptford Twp,69234811,2912,23777,13,74162819,2862,25912,21,"M. K-12|K-12,1800-3500"
Gloucester,5740,Westville Boro,8737239,357,24482,20,9419464,384,24544,18,A. K-6|K-6
Gloucester,5860,Woodbury City,41786539,1697,24631,11,48399234,1716,28205,23,"L. K-12|K-12,0-1800"
Gloucester,5870,Woodbury Heights Boro,5909093,256,23132,12,5635624,259,21751,3,A. K-6|K-6
Hudson,220,Bayonne City,234488573,9818,23883,10,245527746,10272,23902,9,"N. K-12|K-12,3500+"
Hudson,1200,East Newark Boro,7863337,344,22894,5,8109258,355,22862,1,"I. K-12|K-8,0-400"
Hudson,1850,Guttenberg Town,26290118,1291,20359,2,28263250,1324,21349,2,"K. K-12|K-8,751+"
Hudson,2060,Harrison Town,72269880,2323,31107,66,80751376,2460,32822,68,"M. K-12|K-12,1800-3500"
Hudson,2210,Hoboken City,92730631,3037,30533,63,94473768,3194,29576,52,"M. K-12|K-12,1800-3500"
Hudson,2295,Hudson County Vocational,94169470,2589,36379,19,96539923,2507,38516,18,Q. County Voc
Hudson,2390,Jersey City,820536537,25069,32731,86,818014519,25612,31939,76,"N. K-12|K-12,3500+"
Hudson,2410,Kearny Town,134295314,5193,25862,33,145012332,5416,26774,32,"N. K-12|K-12,3500+"
Hudson,3610,North Bergen Twp,161826019,7211,22442,3,169955812,7252,23435,4,"N. K-12|K-12,3500+"
Hudson,4730,Secaucus Town,54141080,2166,24997,27,55514480,2216,25052,14,"M. K-12|K-12,1800-3500"
Hudson,5240,Union City,378476435,12852,29450,72,400496903,12879,31097,74,"N. K-12|K-12,3500+"
Hudson,5580,Weehawken Twp,36509985,1268,28795,32,40109035,1217,32957,41,"L. K-12|K-12,0-1800"
Hudson,5670,West New York Town,214846565,7839,27409,55,250470857,8506,29447,64,"N. K-12|K-12,3500+"
Hudson,6030,The Ethical Community Ch,6276723,365,17187,9,7612961,373,20437,26,O. Charter
Hudson,6036,Hola Hoboken Dual Lang Cs,7166179,414,17297,10,7070000,423,16714,4,O. Charter
Hudson,6064,Dr Lena Edwards Academic,8192248,382,21474,36,9495150,365,26007,67,O. Charter
Hudson,6082,Beloved Community Charte,26885056,1430,18801,19,40589290,1548,26224,69,O. Charter
Hudson,6093,Jersey City Global Cs,7809635,431,18103,14,8357085,409,20433,25,O. Charter
Hudson,6103,Empowerment Academy,17897949,880,20350,27,21430098,990,21653,31,O. Charter
Hudson,6105,Hudson Arts And Science,14025204,786,17837,13,15546106,832,18696,13,O. Charter
Hudson,6420,Elysian Cs Of Hoboken,5608785,288,19495,21,5812681,288,20183,23,O. Charter
Hudson,6720,Hoboken Cs,6319190,296,21356,33,6566384,297,22079,36,O. Charter
Hudson,6910,Jersey City Comm. Cs,9310419,560,16632,8,10433331,575,18145,10,O. Charter
Hudson,6915,Jersey City Golden Door,9863418,570,17298,11,12435553,620,20044,21,O. Charter
Hudson,7115,Learning Community Cs,11054387,593,18657,17,13352335,593,22520,37,O. Charter
Hudson,7830,Soaring Heights Cs,6319266,269,23483,52,4657335,270,17275,5,O. Charter
Hudson,8060,University Academy Cs,12617458,433,29153,77,10096036,419,24096,51,O. Charter
Hunterdon,20,Alexandria Twp,13229474,463,28588,48,13243525,451,29338,43,"D. K-8|K-8,401-750"
Hunterdon,370,Bethlehem Twp,10863742,353,30763,50,11015292,361,30495,40,"C. K-8|K-8,0-400"
Hunterdon,430,Bloomsbury Boro,3421120,139,24575,14,3744432,122,30806,41,"I. K-12|K-8,0-400"
Hunterdon,670,Califon Boro,3219993,86,37399,68,3367433,88,38073,64,"C. K-8|K-8,0-400"
Hunterdon,910,Clinton Town,12176867,422,28870,45,13367298,443,30196,39,"C. K-8|K-8,0-400"
Hunterdon,920,Clinton Twp,37226015,1200,31031,64,39624035,1174,33746,70,"E. K-8|K-8,751+"
Hunterdon,1040,Delaware Twp,11980718,402,29833,51,12836739,414,30985,50,"D. K-8|K-8,401-750"
Hunterdon,1050,Delaware Valley Regional,25458876,698,36487,39,24520198,708,34624,30,"G. G9-12|7-12,9-12"
Hunterdon,1160,East Amwell Twp,11200953,367,30502,49,11842745,380,31154,44,"C. K-8|K-8,0-400"
Hunterdon,1376,South-Hunterdon,31425725,788,39861,49,32491678,831,39086,49,"L. K-12|K-12,0-1800"
Hunterdon,1510,Flemington-Raritan Reg,87140720,3066,28421,49,92195305,3170,29080,50,"E. K-8|K-8,751+"
Hunterdon,1600,Franklin Twp,9879354,264,37453,69,10976845,282,38910,66,"C. K-8|K-8,0-400"
Hunterdon,1680,Frenchtown Boro,3692852,109,34015,61,3633242,107,34102,57,"C. K-8|K-8,0-400"
Hunterdon,1970,Hampton Boro,4342110,125,34769,55,4803941,149,32228,47,B. K-8|K-6
Hunterdon,2140,High Bridge Boro,11129094,346,32172,58,11678678,357,32706,49,"C. K-8|K-8,0-400"
Hunterdon,2220,Holland Twp,14352393,526,27264,35,14767146,519,28462,36,"D. K-8|K-8,401-750"
Hunterdon,2300,Hunterdon Central Reg,81550154,2526,32287,25,82069896,2527,32477,20,"G. G9-12|7-12,9-12"
Hunterdon,2308,Hunterdon Co Vocational,9972047,517,19291,1,10623861,577,18408,1,Q. County Voc
Hunterdon,2450,Kingwood Twp,9106158,324,28112,38,9523574,332,28714,32,"C. K-8|K-8,0-400"
Hunterdon,2590,Lebanon Boro,3800634,125,30410,44,4077277,118,34453,51,B. K-8|K-6
Hunterdon,2600,Lebanon Twp,16222055,588,27581,40,18986489,584,32523,55,"D. K-8|K-8,401-750"
Hunterdon,3180,Milford Boro,2452284,83,29522,41,2503818,80,31335,42,B. K-8|K-6
Hunterdon,3660,N Hunt/Voorhees Regional,70867994,2032,34873,33,73027409,1992,36655,36,"G. G9-12|7-12,9-12"
Hunterdon,4350,Readington Twp,45535664,1439,31642,69,46593039,1417,32886,68,"E. K-8|K-8,751+"
Hunterdon,5180,Tewksbury Twp,18559511,499,37211,63,19139723,508,37696,61,"D. K-8|K-8,401-750"
Hunterdon,5270,Union Twp,13594781,423,32166,57,14742666,438,33646,57,"D. K-8|K-8,401-750"
Mercer,1245,East Windsor Regional,136442701,5033,27112,50,147125010,5112,28779,57,"N. K-12|K-12,3500+"
Mercer,1430,Ewing Twp,102176358,3442,29689,74,114027000,3528,32324,79,"N. K-12|K-12,3500+"
Mercer,1950,Hamilton Twp,275948381,11695,23596,8,291624793,11942,24420,10,"N. K-12|K-12,3500+"
Mercer,2280,Hopewell Valley Regional,114967099,3449,33335,70,119147106,3469,34350,70,"M. K-12|K-12,1800-3500"
Mercer,2580,Lawrence Twp,105960546,3684,28760,66,111595010,3732,29901,67,"N. K-12|K-12,3500+"
Mercer,3103,Mercer Co Special Service,48024685,459,104538,6,48988915,488,100377,6,P. CSSD
Mercer,3105,Mercer County Vocational,15911961,628,25342,8,17425945,925,18835,3,Q. County Voc
Mercer,4255,Princeton,126515287,3799,33306,87,123701178,3822,32363,80,"N. K-12|K-12,3500+"
Mercer,5210,Trenton City,444767766,14906,29838,77,455886584,15053,30286,71,"N. K-12|K-12,3500+"
Mercer,5510,Robbinsville Twp,71585154,3148,22742,6,74324117,3076,24166,8,"M. K-12|K-12,1800-3500"
Mercer,5715,W Windsor-Plainsboro Reg,241208694,9111,26475,44,253340930,9064,27950,46,"N. K-12|K-12,3500+"
Mercer,6017,Foundation Academy Cs,25954371,1054,24620,60,22692939,1046,21687,32,O. Charter
Mercer,6025,Paul Robeson Humanities,9605401,432,22260,42,11084448,439,25244,63,O. Charter
Mercer,6183,Trenton Stem-To-Civics Cs,15338065,557,27532,75,14335088,584,24567,56,O. Charter
Mercer,6810,International Charter Sc,2127978,88,24182,58,2679574,108,24811,58,O. Charter
Mercer,7500,Pace Cs Of Hamilton,11255415,433,25982,69,8415998,440,19132,15,O. Charter
Mercer,7540,Princeton Cs,10719477,423,25324,66,9690162,421,23017,41,O. Charter
Mercer,7895,Achievers Early College Prep Charter Sch,7868842,354,22222,41,6804059,342,19907,20,O. Charter
Mercer,8140,Village Cs,7803557,357,21883,38,8997940,358,25155,62,O. Charter
Middlesex,750,Carteret Boro,95765196,3875,24713,19,97324887,3963,24559,11,"N. K-12|K-12,3500+"
Middlesex,970,Cranbury Twp,22948652,718,31982,56,24614620,694,35448,60,"J. K-12|K-8,401-750"
Middlesex,1140,Dunellen Boro,31907018,1247,25593,20,34762340,1317,26396,14,"L. K-12|K-12,0-1800"
Middlesex,1170,East Brunswick Twp,219780124,8172,26896,47,242701818,8216,29539,65,"N. K-12|K-12,3500+"
Middlesex,1290,Edison Twp,365229537,16302,22404,2,363554441,16799,21641,1,"N. K-12|K-12,3500+"
Middlesex,2150,Highland Park Boro,47546458,1610,29541,35,49242172,1607,30636,36,"L. K-12|K-12,0-1800"
Middlesex,2370,Jamesburg Boro,20413879,943,21660,3,21825332,964,22648,3,"J. K-12|K-8,401-750"
Middlesex,3120,Metuchen Boro,57325159,2286,25079,28,62075151,2299,27003,34,"M. K-12|K-12,1800-3500"
Middlesex,3140,Middlesex Boro,51372601,2017,25475,31,54840537,2052,26720,28,"M. K-12|K-12,1800-3500"
Middlesex,3150,Middlesex Co Vocational,63702193,2184,29162,13,65321527,2153,30344,13,Q. County Voc
Middlesex,3220,Milltown Boro,24373507,1097,22217,5,27444960,1156,23736,11,"K. K-12|K-8,751+"
Middlesex,3290,Monroe Twp,172300467,6925,24880,25,181962750,6962,26135,22,"N. K-12|K-12,3500+"
Middlesex,3530,New Brunswick City,307332321,9766,31471,82,330078410,9632,34268,87,"N. K-12|K-12,3500+"
Middlesex,3620,North Brunswick Twp,163048406,5886,27701,56,172069594,5898,29174,62,"N. K-12|K-12,3500+"
Middlesex,3845,Old Bridge Twp,200277810,8048,24885,26,207370269,8082,25660,18,"N. K-12|K-12,3500+"
Middlesex,4090,Perth Amboy City,449068295,10344,43415,94,494257150,10175,48577,95,"N. K-12|K-12,3500+"
Middlesex,4130,Piscataway Twp,167704043,7108,23593,7,170369120,7356,23161,3,"N. K-12|K-12,3500+"
Middlesex,4660,Sayreville Boro,150016565,6314,23761,9,151862726,6424,23639,5,"N. K-12|K-12,3500+"
Middlesex,4830,South Amboy City,25965697,1174,22123,3,26461826,1189,22266,1,"L. K-12|K-12,0-1800"
Middlesex,4860,South Brunswick Twp,199630528,8118,24590,15,202083656,7985,25310,15,"N. K-12|K-12,3500+"
Middlesex,4910,South Plainfield Boro,88544547,3487,25392,29,96174155,3562,27002,39,"N. K-12|K-12,3500+"
Middlesex,4920,South River Boro,53376306,2429,21975,3,58000123,2489,23304,4,"M. K-12|K-12,1800-3500"
Middlesex,4970,Spotswood,38951184,1597,24396,9,39102733,1653,23656,4,"L. K-12|K-12,0-1800"
Middlesex,5850,Woodbridge Twp,341681781,13816,24731,20,373280691,13908,26839,35,"N. K-12|K-12,3500+"
Middlesex,6032,Academy For Urban Leader,12578887,415,30347,81,10496465,370,28346,75,O. Charter
Middlesex,6041,Hatikvah International Cs,10038845,570,17624,12,10606769,596,17794,9,O. Charter
Middlesex,6635,Greater Brunswick Cs,9690323,394,24576,59,9773139,396,24711,57,O. Charter
Middlesex,7896,Middlesex Charter School,4959641,309,16030,6,7062384,439,16102,3,O. Charter
Monmouth,50,Allenhurst,426326,11,38757,15,362474,14,25891,8,K-12|Non-Operating
Monmouth,100,Asbury Park City,83789416,1647,50888,50,85890757,1509,56912,50,"L. K-12|K-12,0-1800"
Monmouth,130,Atlantic Highlands Boro,7860004,260,30216,42,8138659,280,29063,34,A. K-6|K-6
Monmouth,180,Avon Boro,5621465,162,34753,64,5785705,147,39314,68,"I. K-12|K-8,0-400"
Monmouth,270,Belmar Boro,17833667,578,30877,51,18765298,563,33322,54,"I. K-12|K-8,0-400"
Monmouth,500,Bradley Beach Boro,9728596,341,28506,42,10208623,305,33479,55,"I. K-12|K-8,0-400"
Monmouth,560,Brielle Boro,18231319,730,24974,16,19022211,716,26566,19,"J. K-12|K-8,401-750"
Monmouth,945,Colts Neck Twp,34857186,1021,34135,74,36533759,1030,35478,75,"E. K-8|K-8,751+"
Monmouth,1000,Deal Boro,5360357,172,31088,53,5737377,165,34812,59,"I. K-12|K-8,0-400"
Monmouth,1260,Eatontown Boro,30452054,972,31338,67,32485175,988,32887,69,"E. K-8|K-8,751+"
Monmouth,1440,Fair Haven Boro,23127300,989,23385,14,23802897,967,24609,18,"E. K-8|K-8,751+"
Monmouth,1490,Farmingdale Boro,4426157,161,27495,33,4778762,164,29115,33,"C. K-8|K-8,0-400"
Monmouth,1640,Freehold Boro,45617734,1661,27460,45,49425744,1687,29293,51,"E. K-8|K-8,751+"
Monmouth,1650,Freehold Regional,238316519,10419,22874,3,247722428,10278,24103,3,"G. G9-12|7-12,9-12"
Monmouth,1660,Freehold Twp,100579558,3506,28685,51,107321519,3474,30890,60,"E. K-8|K-8,751+"
Monmouth,2105,Hazlet Twp,71613791,2692,26605,42,73184772,2670,27409,38,"M. K-12|K-12,1800-3500"
Monmouth,2120,Henry Hudson Regional,12562149,295,42576,46,13391097,296,45222,46,"F. G7-12|7-12,9-12"
Monmouth,2160,Highlands Boro,6112632,182,33678,53,8031389,162,49598,58,A. K-6|K-6
Monmouth,2230,Holmdel Twp,84194721,2953,28515,54,90739242,2927,31004,62,"M. K-12|K-12,1800-3500"
Monmouth,2290,Howell Twp,144266289,5453,26454,38,147106749,5545,26530,32,"E. K-8|K-8,751+"
Monmouth,2320,Interlaken,792079,45,17602,1,971712,52,18687,4,K-12|Non-Operating
Monmouth,2400,Keansburg Boro,53989513,1586,34034,44,53691757,1596,33648,42,"L. K-12|K-12,0-1800"
Monmouth,2430,Keyport Boro,27291278,938,29085,33,27915777,931,29983,30,"L. K-12|K-12,0-1800"
Monmouth,2720,Little Silver Boro,20286948,777,26113,27,20298678,731,27766,30,"D. K-8|K-8,401-750"
Monmouth,2770,Long Branch City,182496530,5430,33612,88,179620815,5474,32812,82,"N. K-12|K-12,3500+"
Monmouth,2920,Manalapan-Englishtown Reg,110269941,4701,23457,16,113487221,4739,23947,12,"E. K-8|K-8,751+"
Monmouth,2930,Manasquan Boro,44379252,1493,29729,37,44248693,1447,30591,35,"L. K-12|K-12,0-1800"
Monmouth,3030,Marlboro Twp,114531024,4563,25100,30,121387172,4619,26282,30,"E. K-8|K-8,751+"
Monmouth,3040,Matawan-Aberdeen Regional,105844864,3787,27949,58,111744586,3893,28703,56,"N. K-12|K-12,3500+"
Monmouth,3160,Middletown Twp,233890050,9161,25531,31,238662306,8965,26622,29,"N. K-12|K-12,3500+"
Monmouth,3200,Millstone Twp,44714508,1688,26491,39,47722800,1606,29723,53,"K. K-12|K-8,751+"
Monmouth,3250,Monmouth Beach Boro,7558298,253,29853,47,7937263,256,30981,42,"C. K-8|K-8,0-400"
Monmouth,3260,Monmouth Co Vocational,59702595,1984,30091,15,60654794,2024,29967,12,Q. County Voc
Monmouth,3270,Monmouth Regional,36242003,927,39105,43,37610463,893,42108,41,"G. G9-12|7-12,9-12"
Monmouth,3500,Neptune City,10760253,406,26483,26,12817301,378,33945,56,"I. K-12|K-8,0-400"
Monmouth,3510,Neptune Twp,130990145,3570,36695,74,127756168,3530,36188,72,"M. K-12|K-12,1800-3500"
Monmouth,3810,Ocean Twp,102982356,3278,31421,68,105776187,3251,32538,66,"M. K-12|K-12,1800-3500"
Monmouth,3830,Oceanport Boro,17012927,561,30336,52,18772164,555,33832,58,"D. K-8|K-8,401-750"
Monmouth,4360,Red Bank Boro,35920888,1363,26359,36,36537975,1279,28564,44,"E. K-8|K-8,751+"
Monmouth,4365,Red Bank Regional,38437402,1287,29857,16,40482981,1310,30911,14,"G. G9-12|7-12,9-12"
Monmouth,4520,Roosevelt Boro,3174141,119,26678,32,3312093,128,25947,24,H. K-12|K-6
Monmouth,4570,Rumson Boro,28428805,914,31093,65,29288182,912,32129,65,"E. K-8|K-8,751+"
Monmouth,4580,Rumson-Fair Haven Reg,29163410,941,30994,18,29143744,881,33081,25,"G. G9-12|7-12,9-12"
Monmouth,4690,Sea Girt Boro,6339741,167,38083,70,6535703,178,36821,62,"I. K-12|K-8,0-400"
Monmouth,4760,Shore Regional,24238773,611,39676,44,25036752,587,42691,43,"G. G9-12|7-12,9-12"
Monmouth,4770,Shrewsbury Boro,11379747,451,25248,21,13108913,467,28093,34,"D. K-8|K-8,401-750"
Monmouth,4840,Lake Como,3787644,145,26212,11,3818151,131,29258,12,K-12|Non-Operating
Monmouth,4980,Spring Lake Boro,8080627,208,38825,71,9179572,194,47217,74,"I. K-12|K-8,0-400"
Monmouth,4990,Spring Lake Heights Boro,12862901,470,27381,32,13205039,443,29834,37,"I. K-12|K-8,0-400"
Monmouth,5185,Tinton Falls,39823317,1362,29249,56,42503364,1386,30660,59,"E. K-8|K-8,751+"
Monmouth,5230,Union Beach,19271707,846,22778,6,20182880,865,23339,6,"J. K-12|K-8,401-750"
Monmouth,5310,Upper Freehold Regional,52531630,2109,24912,26,55545052,2078,26727,29,"M. K-12|K-12,1800-3500"
Monmouth,5420,Wall Twp,102450465,3291,31127,67,105263835,3229,32595,67,"M. K-12|K-12,1800-3500"
Monmouth,5640,West Long Branch Boro,16371238,534,30684,54,17403365,551,31563,52,"D. K-8|K-8,401-750"
Monmouth,5645,Loch Arbour,266568,6,44428,16,273804,7,39115,15,K-12|Non-Operating
Monmouth,6010,Academy Charter High Sch,4950641,167,29591,78,5294431,179,29561,79,O. Charter
Monmouth,6740,Hope Academy Cs,6117363,262,23331,50,6361900,276,23084,42,O. Charter
Monmouth,7720,The Red Bank Cs,4613244,177,26049,70,4879216,179,27197,72,O. Charter
Monmouth,7891,College Achieve Greater,10605570,426,24907,63,14022972,537,26138,68,O. Charter
Morris,450,Boonton Town,43173562,1458,29604,36,44947917,1466,30653,37,"L. K-12|K-12,0-1800"
Morris,460,Boonton Twp,17269226,630,27402,36,17313570,596,29044,38,"J. K-12|K-8,401-750"
Morris,630,Butler Boro,33687960,1142,29504,34,35954043,1202,29911,29,"L. K-12|K-12,0-1800"
Morris,785,Sch Dist Of The Chathams,99814243,3795,26303,37,101887410,3582,28443,52,"N. K-12|K-12,3500+"
Morris,820,Chester Twp,31705002,1038,30549,62,32144412,1021,31477,62,"E. K-8|K-8,751+"
Morris,1090,Denville Twp,44349238,1644,26974,42,45733378,1733,26391,31,"E. K-8|K-8,751+"
Morris,1110,Dover Town,86053849,3516,24476,19,97576959,3566,27366,37,"M. K-12|K-12,1800-3500"
Morris,1190,East Hanover Twp,28453989,931,30574,63,28899184,972,29741,54,"E. K-8|K-8,751+"
Morris,1530,Florham Park Boro,28497508,961,29646,59,30585435,967,31625,64,"E. K-8|K-8,751+"
Morris,1990,Hanover Park Regional,49520466,1381,35850,38,53007261,1238,42812,44,"G. G9-12|7-12,9-12"
Morris,2000,Hanover Twp,36842154,1275,28890,53,38545531,1246,30936,61,"E. K-8|K-8,751+"
Morris,2010,Harding Township,14013504,403,34814,65,14750145,376,39270,67,"I. K-12|K-8,0-400"
Morris,2380,Jefferson Twp,75293256,2540,29643,59,77458850,2530,30620,59,"M. K-12|K-12,1800-3500"
Morris,2460,Kinnelon Boro,54695895,1677,32620,43,56755596,1651,34383,44,"L. K-12|K-12,0-1800"
Morris,2650,Lincoln Park Boro,30075176,1259,23882,22,30475475,1253,24330,14,"K. K-12|K-8,751+"
Morris,2870,Madison Boro,65925299,2511,26251,37,67954674,2546,26696,27,"M. K-12|K-12,1800-3500"
Morris,3090,Mendham Boro,15244548,469,32502,59,16140295,492,32801,56,"D. K-8|K-8,401-750"
Morris,3100,Mendham Twp,25666202,787,32618,71,27664548,810,34169,73,"E. K-8|K-8,751+"
Morris,3240,Mine Hill Twp,12648317,497,25471,25,12952618,499,25943,23,H. K-12|K-6
Morris,3340,Montville Twp,104840843,3407,30772,64,112020313,3450,32466,65,"M. K-12|K-12,1800-3500"
Morris,3365,Morris County Vocational,31283255,1532,20424,3,31640910,1489,21246,6,Q. County Voc
Morris,3370,Morris Hills Regional,98732296,2603,37924,40,101376623,2666,38030,37,"G. G9-12|7-12,9-12"
Morris,3380,Morris Plains Boro,22549416,808,27916,42,24212641,828,29245,42,"J. K-12|K-8,401-750"
Morris,3385,Morris School District,154733147,5472,28276,60,163969307,5733,28602,55,"N. K-12|K-12,3500+"
Morris,3410,Mount Arlington Boro,14750424,505,29205,46,16746443,512,32718,50,"I. K-12|K-8,0-400"
Morris,3450,Mount Olive Twp,126161049,4608,27377,52,133566534,4780,27942,45,"N. K-12|K-12,3500+"
Morris,3460,Mountain Lakes Boro,49981516,1426,35051,47,50595945,1403,36070,46,"L. K-12|K-12,0-1800"
Morris,3520,Netcong Boro,8178510,289,28311,40,8609745,306,28158,30,"C. K-8|K-8,0-400"
Morris,3950,Parsippany-Troy Hills Twp,199603477,7081,28189,59,210091865,7074,29701,66,"N. K-12|K-12,3500+"
Morris,4000,Long Hill Twp,25295503,854,29616,58,25769611,854,30159,56,"E. K-8|K-8,751+"
Morris,4080,Pequannock Twp,52259217,2100,24888,25,56249064,2096,26842,32,"M. K-12|K-12,1800-3500"
Morris,4330,Randolph Twp,122561696,4319,28381,64,121230727,4248,28540,54,"N. K-12|K-12,3500+"
Morris,4440,Riverdale Boro,10889111,421,25858,20,10974671,422,25996,13,"I. K-12|K-8,0-400"
Morris,4480,Rockaway Boro,15326539,545,28140,44,16910691,558,30306,47,"D. K-8|K-8,401-750"
Morris,4490,Rockaway Twp,68508740,2388,28692,52,70590079,2344,30118,55,"E. K-8|K-8,751+"
Morris,4560,Roxbury Twp,102719829,3462,29673,60,103226500,3472,29734,55,"M. K-12|K-12,1800-3500"
Morris,5520,Washington Twp,60642893,1941,31243,66,57906868,1995,29022,49,"E. K-8|K-8,751+"
Morris,5660,West Morris Regional,70590671,2228,31682,21,69434153,2108,32933,23,"G. G9-12|7-12,9-12"
Morris,5770,Wharton Boro,20244373,767,26381,30,21410367,773,27716,29,"D. K-8|K-8,401-750"
Morris,8050,Unity Cs,7278867,235,31027,83,6453765,253,25509,64,O. Charter
Ocean,185,Barnegat Twp,95622986,3324,28769,67,95004746,3619,26250,25,"N. K-12|K-12,3500+"
Ocean,210,Bay Head Boro,5313631,159,33431,60,5547318,151,36737,61,"I. K-12|K-8,0-400"
Ocean,230,Beach Haven Boro,3829799,77,50046,58,3148572,72,43774,56,A. K-6|K-6
Ocean,320,Berkeley Twp,54315071,2417,22470,5,55254282,2438,22668,7,A. K-6|K-6
Ocean,530,Brick Twp,200015289,8314,24058,12,210008081,8245,25471,17,"N. K-12|K-12,3500+"
Ocean,770,Central Regional,55572091,2374,23411,4,60861451,2269,26819,4,"F. G7-12|7-12,9-12"
Ocean,1150,Eagleswood Twp,4525736,141,32127,51,4976396,141,35203,54,A. K-6|K-6
Ocean,2350,Island Heights Boro,3591554,123,29186,39,4115896,130,31577,44,A. K-6|K-6
Ocean,2360,Jackson Twp,202894937,7595,26713,45,206204896,7583,27192,42,"N. K-12|K-12,3500+"
Ocean,2480,Lacey Twp,96898290,3828,25311,28,100622827,3792,26539,27,"N. K-12|K-12,3500+"
Ocean,2500,Lakehurst Boro,12417411,536,23162,7,13896364,513,27115,23,"J. K-12|K-8,401-750"
Ocean,2520,Lakewood Twp,298266659,5263,56674,96,320329159,4895,65435,96,"N. K-12|K-12,3500+"
Ocean,2550,Lavallette Boro,5726627,180,31819,56,6222620,181,34399,58,"I. K-12|K-8,0-400"
Ocean,2690,Little Egg Harbor Twp,43837933,1683,26053,29,44713248,1680,26613,26,A. K-6|K-6
Ocean,2760,Long Beach Island,8392392,204,41052,57,9446353,206,45836,57,A. K-6|K-6
Ocean,2940,Manchester Twp,80432526,2797,28762,56,87298367,2838,30763,60,"M. K-12|K-12,1800-3500"
Ocean,3790,Ocean County Vocational,40459755,1742,23228,6,40138179,2151,18658,2,Q. County Voc
Ocean,3800,Ocean Gate Boro,4109376,133,30995,48,4310134,127,34071,50,A. K-6|K-6
Ocean,3820,Ocean Twp,21943617,914,23998,17,22341148,934,23926,15,H. K-12|K-6
Ocean,4105,Pinelands Regional,46671087,1584,29471,14,50090251,1558,32146,18,"F. G7-12|7-12,9-12"
Ocean,4190,Plumsted Twp,31221742,1086,28743,31,31804368,1108,28699,24,"L. K-12|K-12,0-1800"
Ocean,4210,Point Pleasant Boro,60527046,2713,22310,4,62192349,2709,22961,3,"M. K-12|K-12,1800-3500"
Ocean,4220,Point Pleasant Beach,22352222,729,30670,38,23326350,683,34178,43,"L. K-12|K-12,0-1800"
Ocean,4710,Seaside Heights Boro,8586575,226,38059,56,7207315,209,34528,53,A. K-6|K-6
Ocean,4720,Seaside Park Boro,560358,29,19323,4,856989,33,25969,9,K-6|Non-Operating
Ocean,4950,Southern Regional,80010563,2808,28493,11,77650136,2707,28688,10,"F. G7-12|7-12,9-12"
Ocean,5020,Stafford Twp,54143426,2322,23319,14,55029188,2501,22006,5,A. K-6|K-6
Ocean,5190,Toms River Regional,315477538,14512,21739,1,330045781,14475,22802,2,"N. K-12|K-12,3500+"
Ocean,5220,Tuckerton Boro,8808493,299,29472,40,8444722,287,29384,35,A. K-6|K-6
Ocean,7893,Ocean Academy Charter Sc,8469957,372,22763,45,10385501,443,23422,45,O. Charter
Passaic,420,Bloomingdale Boro,24363018,800,30462,53,26492074,865,30625,49,"J. K-12|K-8,401-750"
Passaic,900,Clifton City,262603794,10557,24876,24,282557105,11187,25258,14,"N. K-12|K-12,3500+"
Passaic,1920,Haledon Boro,22102709,1019,21691,4,23724167,1026,23134,8,"E. K-8|K-8,751+"
Passaic,2100,Hawthorne Boro,59630209,2234,26694,43,64518046,2234,28878,46,"M. K-12|K-12,1800-3500"
Passaic,2510,Lakeland Regional,32281136,916,35229,35,31298687,874,35832,34,"G. G9-12|7-12,9-12"
Passaic,2700,Little Falls Twp,22529317,904,24912,29,23911332,917,26072,29,"E. K-8|K-8,751+"
Passaic,3640,North Haledon Boro,16412668,575,28537,47,16740144,592,28259,35,"D. K-8|K-8,401-750"
Passaic,3970,Passaic City,442304220,12480,35443,91,491435473,11845,41490,93,"N. K-12|K-12,3500+"
Passaic,3980,Passaic Co Manchester Reg,28271795,796,35520,36,27691207,843,32863,22,"G. G9-12|7-12,9-12"
Passaic,3990,Passaic Valley Regional,39670780,1025,38712,42,39760865,1035,38406,38,"G. G9-12|7-12,9-12"
Passaic,3995,Passaic County Vocational,129133273,4361,29610,14,151329364,4357,34736,15,Q. County Voc
Passaic,4010,Paterson City,730792628,24798,29470,73,770951526,24858,31014,72,"N. K-12|K-12,3500+"
Passaic,4230,Pompton Lakes Boro,44821831,1754,25548,18,48093414,1752,27455,20,"L. K-12|K-12,0-1800"
Passaic,4270,Prospect Park Boro,20271471,855,23709,19,23439769,824,28448,43,"E. K-8|K-8,751+"
Passaic,4400,Ringwood Boro,31713132,1083,29283,57,34139205,1050,32515,67,"E. K-8|K-8,751+"
Passaic,5200,Totowa Boro,21946887,935,23463,17,20222660,900,22480,6,"E. K-8|K-8,751+"
Passaic,5440,Wanaque Boro,25077314,859,29211,55,26128988,889,29402,52,"E. K-8|K-8,751+"
Passaic,5570,Wayne Twp,230073865,7607,30246,80,233126623,7738,30126,70,"N. K-12|K-12,3500+"
Passaic,5650,West Milford Twp,91096991,3053,29843,61,95031887,3042,31237,63,"M. K-12|K-12,1800-3500"
Passaic,5690,Woodland Park,28688569,1225,23428,15,33020921,1275,25892,27,"E. K-8|K-8,751+"
Passaic,6021,Community Charter School,19757294,895,22065,40,20169630,885,22791,38,O. Charter
Passaic,6079,John P Holland Charter S,12942575,524,24681,61,17706796,594,29804,80,O. Charter
Passaic,6080,Passaic Arts And Science,32901963,1805,18228,15,38241923,1934,19778,18,O. Charter
Passaic,6096,Paterson Arts & Sci. Cs,19568817,955,20482,28,24363578,1173,20770,27,O. Charter
Passaic,6106,Philip’s Charter School,10405866,432,24082,57,12187069,510,23901,49,O. Charter
Passaic,6230,Classical Academy Charter School Of Clif,2707309,175,15488,3,2453702,162,15174,2,O. Charter
Passaic,7503,Paterson Cs For Sci/Tech,44888059,1492,30090,79,38591044,1615,23898,48,O. Charter
Passaic,7892,College Achieve Paterson,23167085,1167,19852,23,30272982,1276,23719,47,O. Charter
Salem,60,Alloway Twp,10047759,436,23072,6,9853395,411,23958,5,"I. K-12|K-8,0-400"
Salem,1350,Elsinboro Twp,3338301,136,24551,13,3649676,136,26840,21,"I. K-12|K-8,0-400"
Salem,2800,Lower Alloways Creek,5250856,185,28408,41,5613368,203,27714,29,"I. K-12|K-8,0-400"
Salem,2950,Mannington Twp,5028598,201,25066,16,5356637,202,26576,20,"I. K-12|K-8,0-400"
Salem,3860,Oldmans Twp,6671029,318,20978,1,7377187,305,24194,7,"I. K-12|K-8,0-400"
Salem,4070,Penns Grv-Carneys Pt Reg,53943402,2186,24674,22,58425641,2217,26348,23,"M. K-12|K-12,1800-3500"
Salem,4075,Pennsville,47773073,1812,26366,39,48971003,1812,27025,35,"M. K-12|K-12,1800-3500"
Salem,4150,Pittsgrove Twp,43332564,1700,25487,17,44923791,1701,26410,15,"L. K-12|K-12,0-1800"
Salem,4280,Quinton Twp,9022562,332,27216,30,8988233,339,26522,18,"I. K-12|K-8,0-400"
Salem,4630,Salem City,35636251,1301,27396,27,39546654,1335,29615,28,"L. K-12|K-12,0-1800"
Salem,4635,Salem Co Special Service,10968373,131,83618,4,9982107,128,78043,3,P. CSSD
Salem,4640,Salem County Vocational,16681620,799,20871,4,16238920,860,18889,4,Q. County Voc
Salem,5320,Upper Pittsgrove Twp,10683023,424,25215,17,10482992,449,23336,3,"I. K-12|K-8,0-400"
Salem,5910,Woodstown-Pilesgrove Reg,35044102,1474,23770,5,36716719,1501,24465,6,"L. K-12|K-12,0-1800"
Salem,7897,Creativity Colaboratory Charter School,2710367,166,16318,7,3565020,191,18665,12,O. Charter
Somerset,240,Bedminster Twp,23443322,726,32301,58,21765331,689,31602,53,"J. K-12|K-8,401-750"
Somerset,350,Bernards Twp,135131331,4774,28307,61,142548402,4766,29913,68,"N. K-12|K-12,3500+"
Somerset,490,Bound Brook Boro,49033416,1975,24825,24,65280699,2066,31595,64,"M. K-12|K-12,1800-3500"
Somerset,510,Branchburg Twp,58814729,1955,30089,60,60693179,1924,31552,63,"K. K-12|K-8,751+"
Somerset,555,Bridgewater-Raritan Reg,221484528,8088,27386,53,227322527,8003,28405,50,"N. K-12|K-12,3500+"
Somerset,1610,Franklin Twp,212213967,7122,29798,75,218626693,7303,29937,69,"N. K-12|K-12,3500+"
Somerset,1810,Green Brook Twp,31997926,1148,27883,41,31172227,1137,27418,27,"J. K-12|K-8,401-750"
Somerset,2170,Hillsborough Twp,167213824,7268,23008,4,172816349,7271,23767,8,"N. K-12|K-12,3500+"
Somerset,3000,Manville Boro,39430347,1596,24713,12,41199879,1748,23567,3,"L. K-12|K-12,0-1800"
Somerset,3320,Montgomery Twp,124788373,4592,27178,51,131422494,4627,28406,51,"N. K-12|K-12,3500+"
Somerset,3670,North Plainfield Boro,90222531,3495,25819,35,105134110,3680,28567,43,"M. K-12|K-12,1800-3500"
Somerset,4810,Somerset Co Vocational,20622318,480,43000,21,21024662,493,42668,20,Q. County Voc
Somerset,4815,Somerset Hills Regional,54968221,1757,31279,41,57142870,1741,32827,40,"L. K-12|K-12,0-1800"
Somerset,4820,Somerville Boro,61000701,2141,28492,53,63410655,2154,29443,50,"M. K-12|K-12,1800-3500"
Somerset,4850,South Bound Brook,14613141,580,25211,19,15245700,589,25865,15,"J. K-12|K-8,401-750"
Somerset,5470,Warren Twp,55715658,1558,35769,75,57471322,1651,34819,74,"E. K-8|K-8,751+"
Somerset,5540,Watchung Boro,17285236,630,27420,37,18401772,675,27274,26,"D. K-8|K-8,401-750"
Somerset,5550,Watchung Hills Regional,57615466,1833,31427,20,60677688,1760,34469,29,"G. G9-12|7-12,9-12"
Somerset,6018,Central Jersey College P,19991219,1264,15818,4,22360767,1280,17475,7,O. Charter
Somerset,6081,Thomas Edison Energysmar,16430025,598,27480,74,11106656,603,18410,11,O. Charter
Sussex,90,Andover Reg,19247563,618,31137,55,22420262,649,34539,59,"J. K-12|K-8,401-750"
Sussex,640,Byram Twp,19552660,821,23827,21,20978399,837,25056,22,"E. K-8|K-8,751+"
Sussex,1560,Frankford Twp,14367367,542,26502,32,14833453,501,29587,45,"D. K-8|K-8,401-750"
Sussex,1570,Franklin Boro,13976672,480,29136,49,13950627,483,28889,37,"D. K-8|K-8,401-750"
Sussex,1630,Fredon Twp,5923233,186,31898,50,5786356,179,32267,48,A. K-6|K-6
Sussex,1800,Green Twp,15173429,586,25905,21,16095813,545,29537,34,"I. K-12|K-8,0-400"
Sussex,1930,Hamburg Boro,8647663,254,34039,62,9596051,243,39543,69,"C. K-8|K-8,0-400"
Sussex,1980,Hampton Twp,8665205,300,28843,37,9689497,316,30654,40,A. K-6|K-6
Sussex,2030,Hardyston Twp,16301374,593,27503,38,18220885,595,30618,48,"D. K-8|K-8,401-750"
Sussex,2165,High Point Regional,29286137,822,35632,37,28434449,807,35226,32,"G. G9-12|7-12,9-12"
Sussex,2240,Hopatcong,44267580,1418,31212,40,43067912,1432,30076,32,"L. K-12|K-12,0-1800"
Sussex,2465,Kittatinny Regional,27240807,798,34121,30,30041459,777,38658,39,"F. G7-12|7-12,9-12"
Sussex,2490,Lafayette Twp,5930427,206,28859,43,6721553,213,31628,46,"C. K-8|K-8,0-400"
Sussex,2615,Lenape Valley Regional,21594263,667,32356,27,21766987,681,31954,17,"G. G9-12|7-12,9-12"
Sussex,3300,Montague Twp,11016674,365,30182,48,11827844,375,31541,45,"I. K-12|K-8,0-400"
Sussex,3590,Newton Town,41479200,1583,26209,22,43487250,1630,26681,16,"L. K-12|K-12,0-1800"
Sussex,3840,Ogdensburg Boro,6442282,276,23332,8,7412094,281,26408,16,"C. K-8|K-8,0-400"
Sussex,4650,Sandyston-Walpack Twp,3508794,132,26622,31,3764610,124,30251,37,A. K-6|K-6
Sussex,4960,Sparta Twp,94655587,3231,29296,57,97270490,3263,29813,57,"M. K-12|K-12,1800-3500"
Sussex,5030,Stanhope Boro,8039376,302,26661,27,8310123,313,26535,19,"C. K-8|K-8,0-400"
Sussex,5040,Stillwater Twp,8270839,268,30877,47,8518808,284,29951,36,A. K-6|K-6
Sussex,5100,Sussex-Wantage Regional,30244584,1047,28890,53,30616790,1059,28904,47,"E. K-8|K-8,751+"
Sussex,5110,Sussex County Vocational,19245326,706,27274,10,20408109,698,29259,9,Q. County Voc
Sussex,5360,Vernon Twp,82483322,2946,27995,51,87433950,2967,29468,51,"M. K-12|K-12,1800-3500"
Sussex,5435,Wallkill Valley Regional,20270655,634,31954,24,22337114,631,35428,33,"G. G9-12|7-12,9-12"
Sussex,7850,Sussex County Technology,5561305,224,24838,62,5407235,223,24291,53,O. Charter
Union,310,Berkeley Heights Twp,69527958,2517,27628,47,72899632,2503,29120,48,"M. K-12|K-12,1800-3500"
Union,850,Clark Twp,52818073,2255,23425,10,53990910,2249,24006,6,"M. K-12|K-12,1800-3500"
Union,980,Cranford Twp,89865122,3753,23945,11,94939818,3808,24932,12,"N. K-12|K-12,3500+"
Union,1320,Elizabeth City,801309292,27969,28650,65,821840338,28494,28843,59,"N. K-12|K-12,3500+"
Union,1710,Garwood Boro,11871959,485,24489,12,12626507,497,25388,11,"I. K-12|K-8,0-400"
Union,2190,Hillside Twp,76244548,2970,25669,33,89745522,3030,29616,53,"M. K-12|K-12,1800-3500"
Union,2420,Kenilworth Boro,40654902,1457,27900,29,41171161,1463,28145,22,"L. K-12|K-12,0-1800"
Union,2660,Linden City,159806461,6062,26363,38,173245064,6133,28249,48,"N. K-12|K-12,3500+"
Union,3470,Mountainside Boro,24354688,1028,23683,10,26053812,1019,25567,13,"J. K-12|K-8,401-750"
Union,3560,New Providence Boro,56779052,2362,24038,16,59651780,2348,25409,19,"M. K-12|K-12,1800-3500"
Union,4160,Plainfield City,254619423,10024,25402,30,284286444,10109,28122,47,"N. K-12|K-12,3500+"
Union,4290,Rahway City,103078584,4233,24351,14,112798727,4319,26114,21,"N. K-12|K-12,3500+"
Union,4540,Roselle Boro,81738406,2899,28195,52,84313396,2919,28882,47,"M. K-12|K-12,1800-3500"
Union,4550,Roselle Park Boro,50984783,2012,25336,30,54886089,2046,26829,31,"M. K-12|K-12,1800-3500"
Union,4670,Scotch Plains-Fanwood Reg,128705028,5497,23413,5,132812969,5610,23675,6,"N. K-12|K-12,3500+"
Union,5000,Springfield Twp,56532009,2195,25755,34,58998218,2229,26473,25,"M. K-12|K-12,1800-3500"
Union,5090,Summit City,104134234,3846,27077,48,104174138,3947,26392,26,"N. K-12|K-12,3500+"
Union,5260,Union County Vocational,42177257,2080,20279,2,44088364,2108,20915,5,Q. County Voc
Union,5290,Union Twp,185809712,7474,24861,23,200340908,7702,26012,19,"N. K-12|K-12,3500+"
Union,5730,Westfield Town,152707521,5897,25895,35,150610240,5945,25334,16,"N. K-12|K-12,3500+"
Union,5810,Winfield Twp,5151362,166,31057,52,5317900,161,33022,52,"I. K-12|K-8,0-400"
Union,6033,Barack Obama Green Chart,6429933,237,27188,72,6093914,260,23438,46,O. Charter
Union,6101,College Achieve Central,26348668,1403,18775,18,30566984,1395,21907,33,O. Charter
Union,6102,Cresthaven Academy Chart,8603429,450,19119,20,9796796,522,18768,14,O. Charter
Union,7600,Queen City Academy Cs,7767940,355,21869,37,7919847,395,20050,22,O. Charter
Union,8010,Union County Teams Cs,5268540,359,14672,2,5780795,328,17646,8,O. Charter
Warren,30,Allamuchy Twp,14552400,584,24937,14,14105229,590,23925,9,"J. K-12|K-8,401-750"
Warren,70,Alpha Boro,7637405,291,26210,23,7889955,292,27068,23,"I. K-12|K-8,0-400"
Warren,280,Belvidere Town,16420710,607,27049,25,18229107,604,30205,33,"L. K-12|K-12,0-1800"
Warren,400,Blairstown Twp,10989742,438,25092,23,11621869,435,26735,27,A. K-6|K-6
Warren,1620,Franklin Twp,6129617,200,30729,45,6381565,197,32386,49,A. K-6|K-6
Warren,1670,Frelinghuysen Twp,3167720,130,24307,19,3345782,130,25706,22,A. K-6|K-6
Warren,1785,Great Meadows Regional,22127578,940,23553,8,21877708,933,23454,7,"J. K-12|K-8,401-750"
Warren,1840,Greenwich Twp,20697272,1002,20662,2,22015153,1003,21949,2,"J. K-12|K-8,401-750"
Warren,1870,Hackettstown,47762274,1992,23982,14,53447128,2048,26095,22,"M. K-12|K-12,1800-3500"
Warren,2040,Harmony Twp,8875687,278,31974,57,8736445,264,33084,53,"I. K-12|K-8,0-400"
Warren,2250,Hope Twp,5461574,172,31779,55,5915347,186,31890,47,"I. K-12|K-8,0-400"
Warren,2470,Knowlton Twp,5156716,164,31421,49,5397575,176,30687,41,A. K-6|K-6
Warren,2790,Lopatcong Twp,22132549,1099,20140,1,23231754,1112,20888,1,"J. K-12|K-8,401-750"
Warren,2970,Mansfield Twp,14734371,560,26307,30,15272259,550,27765,30,A. K-6|K-6
Warren,3675,North Warren Regional,20043010,663,30231,17,18728967,630,29729,11,"F. G7-12|7-12,9-12"
Warren,3890,Oxford Twp,8976370,340,26367,24,9157422,337,27182,24,"I. K-12|K-8,0-400"
Warren,4100,Phillipsburg Town,124422095,3937,31602,84,127830655,3964,32249,78,"N. K-12|K-12,3500+"
Warren,4200,Pohatcong Twp,11090028,449,24694,15,11649714,457,25512,12,"I. K-12|K-8,0-400"
Warren,5460,Warren County Vocational,12466467,429,29054,12,12685020,411,30855,14,Q. County Voc
Warren,5465,Warren Hills Regional,49656013,1597,31104,19,50039777,1595,31367,15,"F. G7-12|7-12,9-12"
Warren,5480,Washington Boro,12656909,517,24502,21,12398527,565,21949,4,A. K-6|K-6
Warren,5530,Washington Twp,11535385,396,29120,38,11703530,386,30313,38,A. K-6|K-6
Warren,5780,White Twp,10463088,378,27691,37,10593583,388,27341,26,"I. K-12|K-8,0-400"
Warren,7727,Ridge And Valley Cs,2902494,116,25130,65,3166945,129,24550,55,O. Charter
