CONAME,DIST,DISTNAME,EXP11A,ADE11A,PP11A,RK11A,EXP21A,ADE21A,PP21A,RK21A,BOTY,DM
A. Statewide,N.A.,State Average - All Operating Types,N.A.,N.A.,20852,,N.A.,N.A.,21866,,N.A.,N.A.
A. Statewide,N.A.,State Median - All Operating Types,N.A.,N.A.,20465,,N.A.,N.A.,21455,,N.A.,N.A.
Atlantic,10,Absecon City,15976759,875,18265,18,16497646,913,18066,12,"K. K-12|K-8,751+",KK-12K-8751plus
Atlantic,110,Atlantic City,172307927,7171,24029,85,172165007,7153,24068,79,"N. K-12|K-12,3500+",NK-12K-123500plus
Atlantic,120,Atlantic Co Vocational,28384686,1548,18333,4,32296966,1603,20150,5,Q. County Voc,QCountyVoc
Atlantic,125,Atlantic Co Special Serv,22625162,365,61963,4,22831287,348,65579,3,P. CSSD,PCSSD
Atlantic,570,Brigantine City,22060428,738,29886,69,21767781,687,31703,70,"J. K-12|K-8,401-750",JK-12K-8401-750
Atlantic,590,Buena Regional,45894390,1869,24555,40,45589351,1798,25354,41,"L. K-12|K-12,0-1800",LK-12K-120-1800
Atlantic,960,Corbin City,1229330,69,17816,4,1170341,66,17732,3,K-12|Non-Operating,
Atlantic,1300,Egg Harbor City,12961646,512,25298,63,12945232,553,23399,48,"D. K-8|K-8,401-750",DK-8K-8401-750
Atlantic,1310,Egg Harbor Twp,152996716,7497,20407,44,156806451,7485,20950,43,"N. K-12|K-12,3500+",NK-12K-123500plus
Atlantic,1410,Estell Manor City,5203137,208,25015,51,5053506,210,24015,40,"I. K-12|K-8,0-400",IK-12K-80-400
Atlantic,1540,Folsom Boro,9210858,486,18939,16,9820770,475,20670,24,"J. K-12|K-8,401-750",JK-12K-8401-750
Atlantic,1690,Galloway Twp,67859456,3336,20343,42,72249780,3357,21525,40,"E. K-8|K-8,751+",EK-8K-8751plus
Atlantic,1790,Greater Egg Harbor Reg,85261385,3270,26076,34,84487317,3184,26538,31,"G. G9-12|7-12,9-12",GG9-127-129-12
Atlantic,1940,Hamilton Twp,54536092,3132,17411,10,57815244,3049,18965,17,"E. K-8|K-8,751+",EK-8K-8751plus
Atlantic,1960,Hammonton Town,57151569,3631,15741,1,58596553,3546,16525,1,"N. K-12|K-12,3500+",NK-12K-123500plus
Atlantic,2680,Linwood City,15796985,840,18801,27,16472791,823,20015,31,"E. K-8|K-8,751+",EK-8K-8751plus
Atlantic,2780,Longport,973809,43,22647,8,1205626,53,22748,11,K-12|Non-Operating,
Atlantic,2910,Mainland Regional,32690017,1303,25098,31,33318112,1273,26172,28,"G. G9-12|7-12,9-12",GG9-127-129-12
Atlantic,3020,Margate City,15750701,452,34881,73,15954619,434,36796,72,"I. K-12|K-8,0-400",IK-12K-80-400
Atlantic,3480,Mullica Twp,13940596,758,18400,11,13343987,746,17885,7,"D. K-8|K-8,401-750",DK-8K-8401-750
Atlantic,3720,Northfield City,16439613,932,17643,12,17432898,909,19186,19,"E. K-8|K-8,751+",EK-8K-8751plus
Atlantic,4180,Pleasantville City,97266425,3913,24858,89,96345838,3929,24519,82,"N. K-12|K-12,3500+",NK-12K-123500plus
Atlantic,4240,Port Republic City,3133900,171,18291,7,3131663,162,19281,6,"I. K-12|K-8,0-400",IK-12K-80-400
Atlantic,4800,Somers Point City,19512019,963,20254,40,20652115,936,22057,43,"E. K-8|K-8,751+",EK-8K-8751plus
Atlantic,5350,Ventnor City,24494361,944,25945,65,25601132,937,27324,64,"J. K-12|K-8,401-750",JK-12K-8401-750
Atlantic,5760,Weymouth Twp,5050353,202,24964,50,5435996,201,27112,57,"I. K-12|K-8,0-400",IK-12K-80-400
Atlantic,6060,Atlantic City Community,4967582,294,16879,44,6590247,375,17593,49,O. Charter,OCharter
Atlantic,6104,International Academy,4381436,328,13366,12,5494149,348,15788,34,O. Charter,OCharter
Atlantic,7410,Charter~tech High School,6812273,320,21288,78,7120410,353,20188,76,O. Charter,OCharter
Bergen,40,Allendale Boro,18568226,925,20070,39,19646991,918,21403,39,"E. K-8|K-8,751+",EK-8K-8751plus
Bergen,80,Alpine Boro,6903158,225,30633,68,7229733,213,33884,70,"I. K-12|K-8,0-400",IK-12K-80-400
Bergen,285,Bergen Co Special Service,60684202,642,94464,8,62702317,602,104097,7,P. CSSD,PCSSD
Bergen,290,Bergen County Vocational,76219691,2321,32843,19,79362905,2381,33326,20,Q. County Voc,QCountyVoc
Bergen,300,Bergenfield Boro,71588135,3603,19870,39,73797241,3605,20470,35,"N. K-12|K-12,3500+",NK-12K-123500plus
Bergen,440,Bogota Boro,25350711,1131,22421,32,26862594,1151,23341,33,"L. K-12|K-12,0-1800",LK-12K-120-1800
Bergen,740,Carlstadt Boro,13557226,561,24158,59,14000076,557,25156,60,"D. K-8|K-8,401-750",DK-8K-8401-750
Bergen,745,Carlstadt-East Rutherford,15998769,496,32230,45,16317028,498,32768,45,"G. G9-12|7-12,9-12",GG9-127-129-12
Bergen,890,Cliffside Park Boro,53825776,3099,17368,9,57624860,3154,18269,11,"M. K-12|K-12,1800-3500",MK-12K-121800-3500
Bergen,930,Closter Boro,22747884,1143,19894,36,23507453,1183,19877,29,"E. K-8|K-8,751+",EK-8K-8751plus
Bergen,990,Cresskill Boro,34580242,1868,18514,18,36995330,1869,19792,23,"M. K-12|K-12,1800-3500",MK-12K-121800-3500
Bergen,1070,Demarest Boro,21467742,688,31226,70,17115769,699,24476,54,"D. K-8|K-8,401-750",DK-8K-8401-750
Bergen,1130,Dumont Boro,51316451,2549,20128,38,55591083,2601,21371,45,"M. K-12|K-12,1800-3500",MK-12K-121800-3500
Bergen,1230,East Rutherford Boro,18759259,836,22451,59,19921279,844,23606,60,"E. K-8|K-8,751+",EK-8K-8751plus
Bergen,1270,Edgewater Boro,24860104,1323,18785,16,25467354,1399,18202,9,H. K-12|K-6,HK-12K-6
Bergen,1345,Elmwood Park,44977781,2636,17062,7,46477929,2658,17484,7,"M. K-12|K-12,1800-3500",MK-12K-121800-3500
Bergen,1360,Emerson Boro,23056677,1142,20186,21,23902315,1137,21029,23,"L. K-12|K-12,0-1800",LK-12K-120-1800
Bergen,1370,Englewood City,79874487,3159,25286,72,80735585,3086,26158,69,"M. K-12|K-12,1800-3500",MK-12K-121800-3500
Bergen,1380,Englewood Cliffs Boro,14765288,583,25320,64,16630237,550,30224,69,"J. K-12|K-8,401-750",JK-12K-8401-750
Bergen,1450,Fair Lawn Boro,103588981,4947,20940,56,107560724,5015,21450,48,"N. K-12|K-12,3500+",NK-12K-123500plus
Bergen,1470,Fairview Boro,26475581,1948,13591,1,30416208,2016,15091,1,"K. K-12|K-8,751+",KK-12K-8751plus
Bergen,1550,Fort Lee Boro,78258959,3793,20631,50,80241325,3977,20178,29,"N. K-12|K-12,3500+",NK-12K-123500plus
Bergen,1580,Franklin Lakes Boro,33084558,1169,28315,73,34696852,1137,30516,74,"E. K-8|K-8,751+",EK-8K-8751plus
Bergen,1700,Garfield City,114235603,5029,22717,76,115395456,4969,23224,73,"N. K-12|K-12,3500+",NK-12K-123500plus
Bergen,1760,Glen Rock Boro,52944004,2509,21099,51,56812491,2556,22231,49,"M. K-12|K-12,1800-3500",MK-12K-121800-3500
Bergen,1860,Hackensack City,116073133,5769,20119,43,122074548,5766,21170,46,"N. K-12|K-12,3500+",NK-12K-123500plus
Bergen,2050,Harrington Park Boro,14769002,631,23406,52,15151482,638,23759,49,"D. K-8|K-8,401-750",DK-8K-8401-750
Bergen,2080,Hasbrouck Heights Boro,36243696,1890,19175,16,35408087,1831,19337,11,"L. K-12|K-12,0-1800",LK-12K-120-1800
Bergen,2090,Haworth Boro,10132459,417,24295,47,10896038,425,25641,51,"C. K-8|K-8,0-400",CK-8K-80-400
Bergen,2180,Hillsdale Boro,25161691,1199,20991,47,26494587,1161,22817,51,"E. K-8|K-8,751+",EK-8K-8751plus
Bergen,2200,Ho Ho Kus Boro,16436390,865,19005,17,17058562,869,19629,15,"J. K-12|K-8,401-750",JK-12K-8401-750
Bergen,2620,Leonia Boro,38700567,1841,21025,50,44013384,1904,23114,57,"M. K-12|K-12,1800-3500",MK-12K-121800-3500
Bergen,2710,Little Ferry Boro,24341636,1318,18467,23,25762774,1299,19835,28,"K. K-12|K-8,751+",KK-12K-8751plus
Bergen,2740,Lodi Borough,60804232,3315,18342,16,65581908,3271,20047,27,"M. K-12|K-12,1800-3500",MK-12K-121800-3500
Bergen,2860,Lyndhurst Twp,47092378,2509,18773,21,48538307,2540,19109,19,"M. K-12|K-12,1800-3500",MK-12K-121800-3500
Bergen,2900,Mahwah Twp,72784306,2976,24455,70,75640962,2936,25764,68,"M. K-12|K-12,1800-3500",MK-12K-121800-3500
Bergen,3060,Maywood Boro,23038493,1261,18266,19,23626405,1258,18784,14,"K. K-12|K-8,751+",KK-12K-8751plus
Bergen,3170,Midland Park Boro,25546100,974,26234,45,26666257,961,27744,45,"L. K-12|K-12,0-1800",LK-12K-120-1800
Bergen,3330,Montvale Boro,19402099,1005,19311,31,19713682,1009,19544,23,"E. K-8|K-8,751+",EK-8K-8751plus
Bergen,3350,Moonachie Boro,9121263,427,21342,29,9760407,435,22418,30,"I. K-12|K-8,0-400",IK-12K-80-400
Bergen,3550,New Milford Boro,41117763,1991,20649,46,42161676,2011,20970,42,"M. K-12|K-12,1800-3500",MK-12K-121800-3500
Bergen,3600,North Arlington Boro,28053063,1789,15682,2,30629862,1795,17064,4,"M. K-12|K-12,1800-3500",MK-12K-121800-3500
Bergen,3700,Northern Highlands Reg,34222922,1394,24549,25,35601581,1391,25588,25,"G. G9-12|7-12,9-12",GG9-127-129-12
Bergen,3710,Northern Valley Regional,65267533,2336,27945,41,67684301,2287,29598,39,"G. G9-12|7-12,9-12",GG9-127-129-12
Bergen,3730,Northvale Boro,11776452,540,21806,44,12031943,534,22521,44,"D. K-8|K-8,401-750",DK-8K-8401-750
Bergen,3740,Norwood Boro,12060987,645,18711,15,13113459,618,21227,28,"D. K-8|K-8,401-750",DK-8K-8401-750
Bergen,3760,Oakland Boro,33342533,1455,22915,63,35244443,1402,25148,66,"E. K-8|K-8,751+",EK-8K-8751plus
Bergen,3850,Old Tappan Boro,15791298,710,22228,49,15579498,679,22950,45,"D. K-8|K-8,401-750",DK-8K-8401-750
Bergen,3870,Oradell Boro,13816420,779,17746,9,13954875,747,18690,12,A. K-6|K-6,AK-6K-6
Bergen,3910,Palisades Park,28916762,1696,17047,4,31331208,1734,18072,5,"L. K-12|K-12,0-1800",LK-12K-120-1800
Bergen,3930,Paramus Boro,92583061,3868,23938,84,96586618,3820,25287,85,"N. K-12|K-12,3500+",NK-12K-123500plus
Bergen,3940,Park Ridge Boro,32856728,1251,26256,46,35574455,1210,29408,47,"L. K-12|K-12,0-1800",LK-12K-120-1800
Bergen,3960,Pascack Valley Regional,55817936,2065,27028,37,61610426,2057,29949,42,"G. G9-12|7-12,9-12",GG9-127-129-12
Bergen,4300,Ramapo-Indian Hill Reg,58465807,2317,25235,32,62508373,2332,26801,32,"G. G9-12|7-12,9-12",GG9-127-129-12
Bergen,4310,Ramsey Boro,65293031,2817,23176,65,68520950,2804,24435,63,"M. K-12|K-12,1800-3500",MK-12K-121800-3500
Bergen,4370,Ridgefield Boro,43527755,1699,25624,41,44000501,1663,26466,43,"L. K-12|K-12,0-1800",LK-12K-120-1800
Bergen,4380,Ridgefield Park Twp,42070654,2364,17795,11,44297131,2343,18909,16,"M. K-12|K-12,1800-3500",MK-12K-121800-3500
Bergen,4390,Ridgewood Village,117443609,5734,20481,46,121521852,5748,21142,45,"N. K-12|K-12,3500+",NK-12K-123500plus
Bergen,4405,River Dell Regional,37757544,1643,22979,17,39327471,1636,24034,16,"F. G7-12|7-12,9-12",FG7-127-129-12
Bergen,4410,River Edge Boro,20682047,1195,17314,7,21794832,1202,18134,8,A. K-6|K-6,AK-6K-6
Bergen,4430,River Vale Twp,25392853,1181,21506,52,26883215,1159,23191,56,"E. K-8|K-8,751+",EK-8K-8751plus
Bergen,4470,Rochelle Park Twp,13353389,643,20785,38,13944766,632,22063,42,"J. K-12|K-8,401-750",JK-12K-8401-750
Bergen,4500,Rockleigh,716118,35,20461,7,703846,32,21995,9,K-12|Non-Operating,
Bergen,4600,Rutherford Boro,49654012,2573,19298,26,53247964,2607,20424,33,"M. K-12|K-12,1800-3500",MK-12K-121800-3500
Bergen,4610,Saddle Brook Twp,39097033,1737,22509,33,40890553,1769,23117,30,"L. K-12|K-12,0-1800",LK-12K-120-1800
Bergen,4620,Saddle River Boro,9649926,383,25168,50,9810997,375,26200,50,H. K-12|K-6,HK-12K-6
Bergen,4870,South Hackensack Twp,9031774,380,23789,45,9177346,388,23662,36,"I. K-12|K-8,0-400",IK-12K-80-400
Bergen,5150,Teaneck Twp,100035250,3621,27627,93,101642004,3673,27670,91,"N. K-12|K-12,3500+",NK-12K-123500plus
Bergen,5160,Tenafly Boro,77250029,3693,20920,54,80684517,3749,21523,50,"N. K-12|K-12,3500+",NK-12K-123500plus
Bergen,5330,Upper Saddle River Boro,26655485,1213,21969,56,27515980,1181,23298,57,"E. K-8|K-8,751+",EK-8K-8751plus
Bergen,5410,Waldwick Boro,33856771,1610,21034,26,37671128,1626,23174,32,"L. K-12|K-12,0-1800",LK-12K-120-1800
Bergen,5430,Wallington Boro,22846298,1326,17230,6,23619291,1319,17914,3,"L. K-12|K-12,0-1800",LK-12K-120-1800
Bergen,5755,Westwood Regional,58788122,2821,20840,49,64362157,2839,22670,53,"M. K-12|K-12,1800-3500",MK-12K-121800-3500
Bergen,5830,Wood-Ridge Boro,23253677,1256,18517,11,24844368,1281,19391,12,"L. K-12|K-12,0-1800",LK-12K-120-1800
Bergen,5880,Woodcliff Lake Boro,19313482,777,24864,62,17904266,747,23983,50,"D. K-8|K-8,401-750",DK-8K-8401-750
Bergen,5920,Wyckoff Twp,45738428,2082,21966,55,46583366,1995,23351,58,"E. K-8|K-8,751+",EK-8K-8751plus
Bergen,6013,Bergen Arts And Sciences,15679105,1100,14258,17,16297115,1132,14393,17,O. Charter,OCharter
Bergen,6430,Englewood On The Palisad,4649169,245,18992,67,5330799,276,19314,67,O. Charter,OCharter
Bergen,7890,Teaneck Community Cs,5824935,320,18209,63,6268665,322,19468,68,O. Charter,OCharter
Burlington,200,Bass River Twp,2730410,107,25506,52,2909224,113,25652,48,A. K-6|K-6,AK-6K-6
Burlington,380,Beverly City,7432525,349,21291,28,7970633,354,22497,31,"I. K-12|K-8,0-400",IK-12K-80-400
Burlington,475,Bordentown Regional,47675648,2530,18841,22,48496844,2592,18710,15,"M. K-12|K-12,1800-3500",MK-12K-121800-3500
Burlington,600,Burlington City,49546278,1741,28460,48,52002158,1726,30134,48,"L. K-12|K-12,0-1800",LK-12K-120-1800
Burlington,605,Burlington Co Spec Serv,44274743,652,67881,5,46156290,634,72767,5,P. CSSD,PCSSD
Burlington,610,Burlington Co Vocational,48685125,1978,24617,11,46533372,1981,23493,9,Q. County Voc,QCountyVoc
Burlington,620,Burlington Twp,75413033,3928,19200,30,78539040,3885,20217,31,"N. K-12|K-12,3500+",NK-12K-123500plus
Burlington,830,Chesterfield Twp,13112948,770,17035,6,13502765,759,17800,5,A. K-6|K-6,AK-6K-6
Burlington,840,Cinnaminson Twp,51833933,2511,20647,45,53539780,2536,21113,44,"M. K-12|K-12,1800-3500",MK-12K-121800-3500
Burlington,1030,Delanco Twp,10086925,515,19591,23,10955614,510,21489,32,"J. K-12|K-8,401-750",JK-12K-8401-750
Burlington,1060,Delran Twp,51993408,3037,17119,8,54040528,3005,17983,10,"M. K-12|K-12,1800-3500",MK-12K-121800-3500
Burlington,1250,Eastampton Twp,12242101,609,20108,31,12939822,589,21975,38,"D. K-8|K-8,401-750",DK-8K-8401-750
Burlington,1280,Edgewater Park Twp,19104712,1052,18164,17,19949932,1017,19625,26,"K. K-12|K-8,751+",KK-12K-8751plus
Burlington,1420,Evesham Twp,88147599,4452,19801,35,91491189,4454,20540,34,"E. K-8|K-8,751+",EK-8K-8751plus
Burlington,1520,Florence Twp,31908818,1622,19669,18,32660424,1573,20761,20,"L. K-12|K-12,0-1800",LK-12K-120-1800
Burlington,1910,Hainesport Twp,11512800,631,18236,9,12215297,614,19883,17,"D. K-8|K-8,401-750",DK-8K-8401-750
Burlington,2610,Lenape Regional,169824467,6858,24764,27,175945909,6841,25719,26,"G. G9-12|7-12,9-12",GG9-127-129-12
Burlington,2850,Lumberton Twp,27498451,1373,20034,37,28483649,1283,22197,44,"E. K-8|K-8,751+",EK-8K-8751plus
Burlington,2960,Mansfield Twp,13929836,614,22701,40,14198521,568,25009,42,A. K-6|K-6,AK-6K-6
Burlington,3010,Maple Shade Twp,42720643,2195,19466,28,43907564,2208,19883,25,"M. K-12|K-12,1800-3500",MK-12K-121800-3500
Burlington,3070,Medford Lakes Boro,8651805,542,15950,3,9312427,536,17390,4,"D. K-8|K-8,401-750",DK-8K-8401-750
Burlington,3080,Medford Twp,56920309,2761,20616,44,59365389,2734,21718,41,"E. K-8|K-8,751+",EK-8K-8751plus
Burlington,3360,Moorestown Twp,83272651,3917,21258,61,87869617,3982,22066,56,"N. K-12|K-12,3500+",NK-12K-123500plus
Burlington,3430,Mount Holly Twp,23117268,1029,22456,60,24031008,1070,22466,48,"E. K-8|K-8,751+",EK-8K-8751plus
Burlington,3440,Mount Laurel Twp,79600830,4252,18720,26,83743141,4270,19614,25,"E. K-8|K-8,751+",EK-8K-8751plus
Burlington,3540,New Hanover Twp,6608775,243,27172,60,6294244,231,27197,58,"I. K-12|K-8,0-400",IK-12K-80-400
Burlington,3650,North Hanover Twp,29715949,1180,25194,51,25027508,1122,22303,34,A. K-6|K-6,AK-6K-6
Burlington,3690,Northern Burlington Reg,42089112,2130,19764,4,43397951,2204,19687,3,"F. G7-12|7-12,9-12",FG7-127-129-12
Burlington,3920,Palmyra Boro,19093155,912,20928,25,19620167,957,20497,17,"L. K-12|K-12,0-1800",LK-12K-120-1800
Burlington,4050,Pemberton Twp,130404507,5078,25678,91,137853171,4941,27900,92,"N. K-12|K-12,3500+",NK-12K-123500plus
Burlington,4320,Rancocas Valley Regional,42204223,2181,19355,3,42856506,2129,20133,4,"G. G9-12|7-12,9-12",GG9-127-129-12
Burlington,4450,Riverside Twp,26838991,1449,18517,11,28059546,1444,19435,13,"L. K-12|K-12,0-1800",LK-12K-120-1800
Burlington,4460,Riverton,6228729,350,17797,6,7015551,358,19601,8,"I. K-12|K-8,0-400",IK-12K-80-400
Burlington,4740,Shamong Twp,16177913,782,20698,37,16894109,769,21977,39,"D. K-8|K-8,401-750",DK-8K-8401-750
Burlington,4930,Southampton Twp,15897183,723,21988,45,16667547,722,23074,47,"D. K-8|K-8,401-750",DK-8K-8401-750
Burlington,5010,Springfield Twp,5771458,239,24165,48,5826295,218,26776,52,A. K-6|K-6,AK-6K-6
Burlington,5130,Tabernacle Twp,16800130,720,23350,51,17284918,721,23986,51,"D. K-8|K-8,401-750",DK-8K-8401-750
Burlington,5490,Washington Twp,1916335,84,22814,9,1525410,65,23468,12,K-12|Non-Operating,
Burlington,5720,Westampton,15651882,990,15812,5,16681251,988,16885,4,"E. K-8|K-8,751+",EK-8K-8751plus
Burlington,5805,Willingboro Twp,84320294,3786,22269,60,87558757,3636,24082,61,"M. K-12|K-12,1800-3500",MK-12K-121800-3500
Burlington,5890,Woodland Twp,3277181,151,21697,32,3224936,266,12104,1,"C. K-8|K-8,0-400",CK-8K-80-400
Burlington,6026,Riverbank Charter School,1717940,143,12005,5,1681977,144,11680,4,O. Charter,OCharter
Burlington,6076,Benjamin Banneker Prep Cs,2754484,178,15483,29,3390227,198,17088,44,O. Charter,OCharter
Camden,150,Audubon Boro,28682404,1568,18292,9,29615053,1546,19155,9,"L. K-12|K-12,0-1800",LK-12K-120-1800
Camden,190,Barrington Boro,15517865,849,18285,10,16047531,834,19251,11,"J. K-12|K-8,401-750",JK-12K-8401-750
Camden,260,Bellmawr Boro,18768562,1234,15205,3,19948114,1241,16079,3,"E. K-8|K-8,751+",EK-8K-8751plus
Camden,330,Berlin Boro,13491617,828,16289,6,14128818,827,17081,6,"E. K-8|K-8,751+",EK-8K-8751plus
Camden,340,Berlin Twp,17166414,812,21131,40,16959485,792,21427,31,"J. K-12|K-8,401-750",JK-12K-8401-750
Camden,390,Black Horse Pike Regional,80143725,3748,21383,10,82276165,3613,22773,11,"G. G9-12|7-12,9-12",GG9-127-129-12
Camden,580,Brooklawn Boro,6839623,372,18393,8,7579238,368,20585,18,"I. K-12|K-8,0-400",IK-12K-80-400
Camden,680,Camden City,308060718,9889,31151,97,292696786,10372,28219,93,"N. K-12|K-12,3500+",NK-12K-123500plus
Camden,700,Camden County Vocational,50239184,1987,25280,14,51457867,2060,24983,12,Q. County Voc,QCountyVoc
Camden,800,Cherry Hill Twp,214092302,11244,19041,25,218869429,11084,19747,24,"N. K-12|K-12,3500+",NK-12K-123500plus
Camden,880,Clementon Boro,12779674,589,21705,43,14428819,587,24566,56,"J. K-12|K-8,401-750",JK-12K-8401-750
Camden,940,Collingswood Boro,39170684,1970,19880,35,40707077,2005,20299,29,"M. K-12|K-12,1800-3500",MK-12K-121800-3500
Camden,1255,Eastern Camden County Reg,41658724,2053,20288,7,41854460,1996,20965,6,"G. G9-12|7-12,9-12",GG9-127-129-12
Camden,1720,Gibbsboro Boro,5196511,257,20238,21,5340864,266,20118,13,"C. K-8|K-8,0-400",CK-8K-80-400
Camden,1770,Gloucester City,59786969,2336,25598,73,61051151,2238,27276,74,"M. K-12|K-12,1800-3500",MK-12K-121800-3500
Camden,1780,Gloucester Twp,120573185,6488,18584,24,124339968,6451,19274,21,"E. K-8|K-8,751+",EK-8K-8751plus
Camden,1799,Kipp Cooper Norcross,16833982,852,19749,72,25615185,1115,22968,85,O. Charter,OCharter
Camden,1801,Camden Prep,7871789,376,20928,75,11930238,518,23049,87,O. Charter,OCharter
Camden,1802,Mastery Schools Of Camden,31118686,1645,18922,66,39589661,2081,19024,66,O. Charter,OCharter
Camden,1880,Haddon Heights Boro,24262850,1361,17830,7,25841314,1426,18118,7,"L. K-12|K-12,0-1800",LK-12K-120-1800
Camden,1890,Haddon Twp,41169582,2091,19693,30,42062431,2039,20626,37,"M. K-12|K-12,1800-3500",MK-12K-121800-3500
Camden,1900,Haddonfield,42108172,2701,15591,1,44940583,2718,16532,3,"M. K-12|K-12,1800-3500",MK-12K-121800-3500
Camden,2130,Hi Nella,2557353,137,18667,5,2826369,137,20630,7,K-12|Non-Operating,
Camden,2540,Laurel Springs Boro,5590411,341,16393,3,5115811,321,15960,1,H. K-12|K-6,HK-12K-6
Camden,2560,Lawnside Boro,9741979,468,20840,27,10425127,524,19895,12,"I. K-12|K-8,0-400",IK-12K-80-400
Camden,2670,Lindenwold Boro,50785004,2825,17977,14,53084564,2853,18608,13,"M. K-12|K-12,1800-3500",MK-12K-121800-3500
Camden,2890,Magnolia Boro,8714904,440,19793,25,9336157,428,21812,35,"D. K-8|K-8,401-750",DK-8K-8401-750
Camden,3110,Merchantville Boro,8382683,462,18131,6,8778223,515,17061,2,"J. K-12|K-8,401-750",JK-12K-8401-750
Camden,3420,Mount Ephraim Boro,11644899,624,18668,13,12064406,626,19278,12,"J. K-12|K-8,401-750",JK-12K-8401-750
Camden,3770,Oaklyn Boro,8289005,447,18539,13,8740268,447,19534,14,"L. K-12|K-12,0-1800",LK-12K-120-1800
Camden,4060,Pennsauken Twp,103312941,4937,20927,55,107949179,4773,22615,63,"N. K-12|K-12,3500+",NK-12K-123500plus
Camden,4110,Pine Hill Boro,40107524,1900,21114,52,42814682,1909,22427,50,"M. K-12|K-12,1800-3500",MK-12K-121800-3500
Camden,4120,Pine Valley,N.R.,N.R.,N.R.,,1000,N.R.,N.R.,,K-12|Non-Operating,
Camden,4590,Runnemede Boro,14223224,869,16376,7,15397481,865,17809,9,"E. K-8|K-8,751+",EK-8K-8751plus
Camden,4790,Somerdale Boro,9021575,496,18196,8,9179341,487,18850,9,"D. K-8|K-8,401-750",DK-8K-8401-750
Camden,5035,Sterling High School Dist,19086131,966,19765,5,20398355,971,21017,8,"G. G9-12|7-12,9-12",GG9-127-129-12
Camden,5080,Stratford Boro,16258334,881,18453,21,17558530,859,20437,33,"E. K-8|K-8,751+",EK-8K-8751plus
Camden,5400,Voorhees Twp,54345376,2951,18414,20,57120220,3010,18979,18,"E. K-8|K-8,751+",EK-8K-8751plus
Camden,5560,Waterford Twp,30121733,1557,19345,18,29152171,1492,19536,22,H. K-12|K-6,HK-12K-6
Camden,5820,Winslow Twp,110348267,4958,22255,71,125068731,4876,25651,86,"N. K-12|K-12,3500+",NK-12K-123500plus
Camden,5900,Woodlynne Boro,9984755,572,17451,5,11048252,561,19690,9,"I. K-12|K-8,0-400",IK-12K-80-400
Camden,6067,Kingdom Cs Of Leadership,2964286,204,14567,19,3070438,200,15391,29,O. Charter,OCharter
Camden,6086,Hope Community Cs,3275781,190,17277,51,3598187,198,18173,58,O. Charter,OCharter
Camden,6107,Camden's Promise Charter,33616400,1896,17735,58,36385931,2066,17613,50,O. Charter,OCharter
Camden,6232,Eco Charter School,3523634,143,24624,83,4372610,155,28174,89,O. Charter,OCharter
Camden,6240,Freedom Prep Charter Sch,14694000,812,18092,60,16438463,873,18836,65,O. Charter,OCharter
Camden,7109,Leap Academy University,26123501,1545,16905,45,26796750,1538,17422,45,O. Charter,OCharter
Cape May,170,Avalon Boro,4093131,67,61489,74,5138711,95,53890,74,"I. K-12|K-8,0-400",IK-12K-80-400
Cape May,710,Cape May City,4151212,199,20881,31,4386589,171,25633,47,A. K-6|K-6,AK-6K-6
Cape May,715,Cape May Co Special Serv,13471605,233,57782,3,13750303,202,68018,4,P. CSSD,PCSSD
Cape May,720,Cape May Co Vocational,17781222,694,25636,15,17507128,654,26759,16,Q. County Voc,QCountyVoc
Cape May,730,Cape May Point,69616,3,23205,10,66915,4,16729,2,K-12|Non-Operating,
Cape May,1080,Dennis Twp,18474054,693,26646,66,19315202,691,27956,65,"J. K-12|K-8,401-750",JK-12K-8401-750
Cape May,2820,Lower Cape May Regional,34033014,1374,24770,28,35809243,1366,26214,29,"F. G7-12|7-12,9-12",FG7-127-129-12
Cape May,2840,Lower Twp,32022106,1696,18879,17,32069438,1679,19104,18,A. K-6|K-6,AK-6K-6
Cape May,3130,Middle Twp,51520094,2605,19775,32,52832320,2529,20895,40,"M. K-12|K-12,1800-3500",MK-12K-121800-3500
Cape May,3680,North Wildwood City,9790024,286,34213,71,9530205,238,39972,73,"I. K-12|K-8,0-400",IK-12K-80-400
Cape May,3780,Ocean City,47413207,2138,22176,59,49883949,2133,23385,58,"M. K-12|K-12,1800-3500",MK-12K-121800-3500
Cape May,4700,Sea Isle City,2342679,79,29843,12,1886358,83,22727,10,H. K-12|K-6,HK-12K-6
Cape May,5060,Stone Harbor Boro,3199365,92,34679,72,3095149,106,29304,66,"I. K-12|K-8,0-400",IK-12K-80-400
Cape May,5340,Upper Twp,40046078,2045,19581,34,38096912,2018,18880,15,"K. K-12|K-8,751+",KK-12K-8751plus
Cape May,5610,West Cape May Boro,1876032,96,19530,20,1968319,102,19394,20,A. K-6|K-6,AK-6K-6
Cape May,5700,West Wildwood,943343,30,31445,13,852296,32,26634,13,K-12|Non-Operating,
Cape May,5790,Wildwood City,22787456,865,26359,47,23923462,906,26413,42,"L. K-12|K-12,0-1800",LK-12K-120-1800
Cape May,5800,Wildwood Crest Boro,8122035,295,27547,63,9558957,316,30217,67,"I. K-12|K-8,0-400",IK-12K-80-400
Cape May,5840,Woodbine Boro,6450398,291,22184,34,6635329,268,24766,42,"I. K-12|K-8,0-400",IK-12K-80-400
Cumberland,540,Bridgeton City,123977223,6415,19326,33,132874649,6479,20509,37,"N. K-12|K-12,3500+",NK-12K-123500plus
Cumberland,950,Commercial Twp,15719893,770,20417,34,15503957,728,21288,29,"J. K-12|K-8,401-750",JK-12K-8401-750
Cumberland,995,Cumberland Co Vocational,15472321,367,42182,21,16868909,548,30776,19,Q. County Voc,QCountyVoc
Cumberland,997,Cumberland Regional,26326747,1185,22226,14,27151239,1135,23914,15,"G. G9-12|7-12,9-12",GG9-127-129-12
Cumberland,1020,Deerfield Twp,6641635,336,19750,17,6654773,338,19708,10,"C. K-8|K-8,0-400",CK-8K-80-400
Cumberland,1120,Downe Twp,4149874,207,20017,19,4531550,196,23121,35,"I. K-12|K-8,0-400",IK-12K-80-400
Cumberland,1460,Fairfield Twp,12314305,617,19966,27,12532459,565,22189,43,"D. K-8|K-8,401-750",DK-8K-8401-750
Cumberland,1820,Greenwich Twp,1525517,67,22773,40,1701839,63,27023,55,"C. K-8|K-8,0-400",CK-8K-80-400
Cumberland,2270,Hopewell Twp,9031503,488,18498,12,9937043,483,20569,22,"D. K-8|K-8,401-750",DK-8K-8401-750
Cumberland,2570,Lawrence Twp,10811811,564,19159,19,10779009,553,19490,13,"J. K-12|K-8,401-750",JK-12K-8401-750
Cumberland,3050,Maurice River Twp,9132562,545,16748,5,9347704,526,17775,6,"J. K-12|K-8,401-750",JK-12K-8401-750
Cumberland,3230,Millville City,118331908,5619,21060,57,119231268,5605,21274,47,"N. K-12|K-12,3500+",NK-12K-123500plus
Cumberland,5070,Stow Creek Twp,2224123,118,18932,10,2382359,112,21267,21,"C. K-8|K-8,0-400",CK-8K-80-400
Cumberland,5300,Upper Deerfield Twp,17797097,916,19427,32,18796830,899,20901,35,"E. K-8|K-8,751+",EK-8K-8751plus
Cumberland,5390,Vineland City,222399600,10794,20605,48,233083042,10760,21662,51,"N. K-12|K-12,3500+",NK-12K-123500plus
Cumberland,6028,Vineland Public Charter,4343432,369,11761,4,4788541,397,12056,6,O. Charter,OCharter
Cumberland,6069,Millville Public Charter,3688554,305,12113,6,3422207,274,12490,7,O. Charter,OCharter
Cumberland,6089,Compass Academy Cs,1940435,192,10112,1,2237007,206,10843,1,O. Charter,OCharter
Cumberland,6100,Bridgeton Public Charter,1757535,122,14359,18,1696568,106,15960,36,O. Charter,OCharter
Essex,250,Belleville Town,77574215,4530,17126,5,80668324,4562,17682,6,"N. K-12|K-12,3500+",NK-12K-123500plus
Essex,410,Bloomfield Twp,110692076,6432,17210,7,122263249,6486,18851,14,"N. K-12|K-12,3500+",NK-12K-123500plus
Essex,660,Caldwell-West Caldwell,52539222,2659,19759,31,53726720,2667,20145,28,"M. K-12|K-12,1800-3500",MK-12K-121800-3500
Essex,760,Cedar Grove Twp,35130347,1642,21402,30,35491429,1606,22098,25,"L. K-12|K-12,0-1800",LK-12K-120-1800
Essex,1210,East Orange,286657272,10004,28655,95,286934675,10039,28582,94,"N. K-12|K-12,3500+",NK-12K-123500plus
Essex,1390,Essex Co Voc-Tech,54124292,2106,25699,16,59133673,2239,26413,15,Q. County Voc,QCountyVoc
Essex,1400,Essex Fells Boro,5134471,225,22781,42,5754332,231,24882,41,A. K-6|K-6,AK-6K-6
Essex,1465,Fairfield Twp,13027357,667,19533,21,13261798,690,19226,19,A. K-6|K-6,AK-6K-6
Essex,1750,Glen Ridge Boro,34904855,1949,17906,12,37093599,1952,19008,18,"M. K-12|K-12,1800-3500",MK-12K-121800-3500
Essex,2330,Irvington Township,170359206,7059,24134,86,180201985,7894,22828,65,"N. K-12|K-12,3500+",NK-12K-123500plus
Essex,2730,Livingston Twp,131743315,5997,21970,68,138912713,6043,22986,70,"N. K-12|K-12,3500+",NK-12K-123500plus
Essex,3190,Millburn Twp,102080143,4940,20662,51,107295323,4901,21894,54,"N. K-12|K-12,3500+",NK-12K-123500plus
Essex,3310,Montclair Town,144421218,6741,21424,62,147004332,6743,21801,52,"N. K-12|K-12,3500+",NK-12K-123500plus
Essex,3570,Newark City,953613367,41721,22857,78,989401009,41331,23938,78,"N. K-12|K-12,3500+",NK-12K-123500plus
Essex,3630,North Caldwell Boro,14062993,693,20291,25,14715017,678,21714,31,A. K-6|K-6,AK-6K-6
Essex,3750,Nutley Town,77744073,4129,18827,22,78627712,4123,19070,16,"N. K-12|K-12,3500+",NK-12K-123500plus
Essex,3880,City Of Orange Twp,121953294,5752,21203,59,130921439,5631,23250,74,"N. K-12|K-12,3500+",NK-12K-123500plus
Essex,4530,Roseland Boro,9739397,459,21234,33,10007886,461,21688,30,A. K-6|K-6,AK-6K-6
Essex,4900,South Orange-Maplewood,139957044,7150,19574,37,143825068,7223,19911,25,"N. K-12|K-12,3500+",NK-12K-123500plus
Essex,5370,Verona Boro,42028808,2215,18979,24,43861396,2213,19817,24,"M. K-12|K-12,1800-3500",MK-12K-121800-3500
Essex,5630,West Essex Regional,42995575,1729,24864,29,44835771,1709,26243,30,"F. G7-12|7-12,9-12",FG7-127-129-12
Essex,5680,West Orange Town,174013572,6731,25852,92,177657482,6770,26243,88,"N. K-12|K-12,3500+",NK-12K-123500plus
Essex,6020,Pride Academy Charter School,5220629,288,18146,61,5228120,287,18223,60,O. Charter,OCharter
Essex,6022,Burch Charter School Of,5521005,343,16101,34,5722218,352,16266,38,O. Charter,OCharter
Essex,6029,Newark Educators Communi,5453567,247,22052,80,5640338,251,22480,83,O. Charter,OCharter
Essex,6053,Great Oaks Legacy Charter School,21398186,1264,16924,47,26954339,1350,19974,73,O. Charter,OCharter
Essex,6057,Peoples Preparatory Charter School,8244073,380,21695,79,8597837,374,23001,86,O. Charter,OCharter
Essex,6058,Roseville Community Cs,5061823,320,15838,32,6064114,326,18590,63,O. Charter,OCharter
Essex,6094,Phillip's Academy Cs,6031765,372,16228,35,7364948,377,19520,71,O. Charter,OCharter
Essex,6099,Link Community Charter S,4801284,285,16841,43,5771028,287,20087,74,O. Charter,OCharter
Essex,6109,Lead Academy Charter School,N.R.,N.R.,N.R.,,1614394,92,17548,48,O. Charter,OCharter
Essex,6110,Achieve Community Charter School,N.R.,N.R.,N.R.,,1043763,63,16620,41,O. Charter,OCharter
Essex,6320,Discovery Cs,1744932,100,17449,55,2065337,100,20653,78,O. Charter,OCharter
Essex,6410,East Orange Community Cs,7326736,476,15386,27,7771254,482,16113,37,O. Charter,OCharter
Essex,6665,Gray Cs,5319836,337,15781,31,5900305,337,17488,47,O. Charter,OCharter
Essex,7210,Marion P. Thomas Cs,28176460,1331,21173,77,29755397,1358,21905,81,O. Charter,OCharter
Essex,7290,New Horizons Comm. Cs,8621402,494,17463,56,9188305,591,15555,31,O. Charter,OCharter
Essex,7320,North Star Academy Chart,88073672,4501,19566,71,89415620,4959,18031,57,O. Charter,OCharter
Essex,7325,Team Academy Charter Sch,77149273,3702,20840,74,81277116,4043,20102,75,O. Charter,OCharter
Essex,7730,Robert Treat Academy Cs,11697166,682,17161,48,12340030,678,18214,59,O. Charter,OCharter
Essex,7735,Maria L. Varisco-Rogers,10486666,540,19420,69,11451128,540,21222,79,O. Charter,OCharter
Essex,8065,University Heights Cs,13201962,631,20929,76,16728732,749,22326,82,O. Charter,OCharter
Gloucester,860,Clayton Boro,26028337,1526,17057,5,27692791,1436,19284,10,"L. K-12|K-12,0-1800",LK-12K-120-1800
Gloucester,870,Clearview Regional,42899205,2373,18079,2,43984683,2270,19377,2,"F. G7-12|7-12,9-12",FG7-127-129-12
Gloucester,1100,Deptford Twp,80231756,4411,18190,17,84409908,4324,19520,23,"N. K-12|K-12,3500+",NK-12K-123500plus
Gloucester,1180,East Greenwich Twp,20878504,1265,16510,4,21931916,1280,17130,4,A. K-6|K-6,AK-6K-6
Gloucester,1330,Elk Twp,6748745,340,19860,24,6846414,378,18132,7,A. K-6|K-6,AK-6K-6
Gloucester,1590,Franklin Twp,25907008,1470,17619,8,26245865,1420,18487,11,A. K-6|K-6,AK-6K-6
Gloucester,1715,Gateway Regional,23162641,961,24100,23,24318663,906,26856,33,"F. G7-12|7-12,9-12",FG7-127-129-12
Gloucester,1730,Glassboro,47507985,2162,21972,56,48755832,2049,23791,60,"M. K-12|K-12,1800-3500",MK-12K-121800-3500
Gloucester,1774,Gloucester Co Spec Serv,37677143,693,54372,2,37668652,634,59407,2,P. CSSD,PCSSD
Gloucester,1775,Gloucester Co Vocational,26601630,1406,18923,6,27684353,1517,18248,3,Q. County Voc,QCountyVoc
Gloucester,1830,Greenwich Twp,12757301,549,23249,50,12984720,513,25291,61,"J. K-12|K-8,401-750",JK-12K-8401-750
Gloucester,2070,Harrison Twp,22485901,1437,15652,1,22862910,1403,16298,2,A. K-6|K-6,AK-6K-6
Gloucester,2440,Kingsway Regional,42173192,2710,15563,1,44276080,2756,16064,1,"F. G7-12|7-12,9-12",FG7-127-129-12
Gloucester,2750,Logan Twp,20554500,1134,18121,16,21652934,1108,19544,23,"K. K-12|K-8,751+",KK-12K-8751plus
Gloucester,2990,Mantua Twp,23289348,1254,18568,15,24285111,1283,18927,17,A. K-6|K-6,AK-6K-6
Gloucester,3280,Monroe Twp,106670882,6372,16740,4,108682193,6069,17909,8,"N. K-12|K-12,3500+",NK-12K-123500plus
Gloucester,3490,National Park Boro,5313546,269,19735,23,5367859,275,19533,21,A. K-6|K-6,AK-6K-6
Gloucester,3580,Newfield Boro,3948957,228,17320,3,4134467,230,17976,4,K-12|Non-Operating,
Gloucester,4020,Paulsboro Boro,26074052,1189,21935,31,27455708,1187,23139,31,"L. K-12|K-12,0-1800",LK-12K-120-1800
Gloucester,4140,Pitman Boro,28803722,1365,21104,27,29853496,1322,22578,28,"L. K-12|K-12,0-1800",LK-12K-120-1800
Gloucester,4880,South Harrison Twp,6475050,390,16588,5,6871918,373,18415,10,A. K-6|K-6,AK-6K-6
Gloucester,4940,Delsea Regional H.S Dist.,39894013,1648,24205,24,40415833,1666,24259,18,"F. G7-12|7-12,9-12",FG7-127-129-12
Gloucester,5120,Swedesboro-Woolwich,31156746,1705,18273,13,31469446,1683,18698,13,A. K-6|K-6,AK-6K-6
Gloucester,5500,Washington Twp,161621908,7405,21827,65,162786881,7303,22292,60,"N. K-12|K-12,3500+",NK-12K-123500plus
Gloucester,5590,Wenonah Boro,3874058,179,21626,36,3962141,182,21739,32,A. K-6|K-6,AK-6K-6
Gloucester,5620,West Deptford Twp,54209409,2976,18213,15,55988637,3003,18642,14,"M. K-12|K-12,1800-3500",MK-12K-121800-3500
Gloucester,5740,Westville Boro,6058843,387,15678,2,6150509,372,16528,3,A. K-6|K-6,AK-6K-6
Gloucester,5860,Woodbury City,33042632,1564,21126,29,35146063,1583,22202,27,"L. K-12|K-12,0-1800",LK-12K-120-1800
Gloucester,5870,Woodbury Heights Boro,4121622,230,17908,12,4242998,234,18103,6,A. K-6|K-6,AK-6K-6
Hudson,220,Bayonne City,167290161,9475,17657,11,169884986,9588,17719,7,"N. K-12|K-12,3500+",NK-12K-123500plus
Hudson,1200,East Newark Boro,5675222,407,13944,1,6100619,375,16268,2,"I. K-12|K-8,0-400",IK-12K-80-400
Hudson,1850,Guttenberg Town,19728326,1364,14469,2,21215853,1333,15911,2,"K. K-12|K-8,751+",KK-12K-8751plus
Hudson,2060,Harrison Town,59811721,2436,24554,71,63107614,2389,26420,70,"M. K-12|K-12,1800-3500",MK-12K-121800-3500
Hudson,2210,Hoboken City,72498628,2599,27899,74,73320285,2734,26814,73,"M. K-12|K-12,1800-3500",MK-12K-121800-3500
Hudson,2295,Hudson County Vocational,68495606,2589,26460,18,71533935,2564,27895,17,Q. County Voc,QCountyVoc
Hudson,2390,Jersey City,719979144,30851,23337,82,725612663,27878,26028,87,"N. K-12|K-12,3500+",NK-12K-123500plus
Hudson,2410,Kearny Town,106252755,5737,18521,19,105630674,5649,18699,13,"N. K-12|K-12,3500+",NK-12K-123500plus
Hudson,3610,North Bergen Twp,138315291,7790,17755,13,145823090,7713,18907,15,"N. K-12|K-12,3500+",NK-12K-123500plus
Hudson,4730,Secaucus Town,43884269,2126,20641,44,45630845,2188,20852,39,"M. K-12|K-12,1800-3500",MK-12K-121800-3500
Hudson,5240,Union City,292107534,13973,20905,53,319136554,13828,23080,72,"N. K-12|K-12,3500+",NK-12K-123500plus
Hudson,5580,Weehawken Twp,28170119,1404,20070,20,30136286,1388,21716,24,"L. K-12|K-12,0-1800",LK-12K-120-1800
Hudson,5670,West New York Town,175582980,9205,19076,26,177408639,9137,19416,20,"N. K-12|K-12,3500+",NK-12K-123500plus
Hudson,6030,The Ethical Community Ch,4907213,368,13342,11,4896047,375,13067,10,O. Charter,OCharter
Hudson,6036,Hola Hoboken Dual Lang Cs,5505275,365,15099,26,5911320,383,15426,30,O. Charter,OCharter
Hudson,6064,Dr Lena Edwards Academic,5700833,386,14773,22,5848502,382,15330,28,O. Charter,OCharter
Hudson,6068,M E T S Charter School,7908083,506,15635,30,10049692,679,14803,19,O. Charter,OCharter
Hudson,6082,Beloved Community Charte,10841441,840,12914,10,11470837,958,11977,5,O. Charter,OCharter
Hudson,6093,Jersey City Global Cs,3881081,358,10841,2,4322347,377,11465,3,O. Charter,OCharter
Hudson,6103,Empowerment Academy,4089249,331,12354,7,5695808,452,12604,8,O. Charter,OCharter
Hudson,6105,Hudson Arts And Science,4004775,357,11205,3,5313575,472,11258,2,O. Charter,OCharter
Hudson,6420,Elysian Cs Of Hoboken,4984669,288,17320,52,5606233,288,19473,69,O. Charter,OCharter
Hudson,6720,Hoboken Cs,5728334,298,19223,68,5920928,293,20194,77,O. Charter,OCharter
Hudson,6910,Jersey City Comm. Cs,8960437,560,16004,33,8677272,575,15094,25,O. Charter,OCharter
Hudson,6915,Jersey City Golden Door,7366750,499,14775,23,7754275,520,14918,22,O. Charter,OCharter
Hudson,7115,Learning Community Cs,7943670,539,14735,20,7744497,538,14390,16,O. Charter,OCharter
Hudson,7830,Soaring Heights Cs,3315450,240,13837,14,3516403,241,14597,18,O. Charter,OCharter
Hudson,8060,University Academy Cs,7667916,424,18080,59,7929976,434,18280,61,O. Charter,OCharter
Hunterdon,20,Alexandria Twp,11622347,486,23901,58,11918721,494,24120,52,"D. K-8|K-8,401-750",DK-8K-8401-750
Hunterdon,370,Bethlehem Twp,10162116,371,27415,62,10674684,372,28696,62,"C. K-8|K-8,0-400",CK-8K-80-400
Hunterdon,430,Bloomsbury Boro,3429668,168,20418,23,3415022,133,25601,50,"I. K-12|K-8,0-400",IK-12K-80-400
Hunterdon,670,Califon Boro,3003535,95,31485,70,3074918,89,34599,71,"C. K-8|K-8,0-400",CK-8K-80-400
Hunterdon,910,Clinton Town,9667995,443,21811,33,10622736,446,23819,37,"C. K-8|K-8,0-400",CK-8K-80-400
Hunterdon,920,Clinton Twp,34980809,1345,26017,72,32909178,1230,26765,71,"E. K-8|K-8,751+",EK-8K-8751plus
Hunterdon,1040,Delaware Twp,9932698,388,25585,55,10379643,392,26477,53,"C. K-8|K-8,0-400",CK-8K-80-400
Hunterdon,1050,Delaware Valley Regional,21982904,840,26164,35,21516314,703,30595,43,"G. G9-12|7-12,9-12",GG9-127-129-12
Hunterdon,1160,East Amwell Twp,10021127,357,28109,66,8927339,352,25369,46,"C. K-8|K-8,0-400",CK-8K-80-400
Hunterdon,1376,South-Hunterdon,24300476,1034,23506,39,25175091,1005,25059,40,"L. K-12|K-12,0-1800",LK-12K-120-1800
Hunterdon,1510,Flemington-Raritan Reg,69493554,3105,22384,58,72452767,3073,23579,59,"E. K-8|K-8,751+",EK-8K-8751plus
Hunterdon,1600,Franklin Twp,7752145,290,26738,57,7485835,291,25746,52,"C. K-8|K-8,0-400",CK-8K-80-400
Hunterdon,1680,Frenchtown Boro,3568573,127,28008,65,3562129,125,28505,61,"C. K-8|K-8,0-400",CK-8K-80-400
Hunterdon,1970,Hampton Boro,3483028,130,26822,58,3765142,138,27299,59,"C. K-8|K-8,0-400",CK-8K-80-400
Hunterdon,2140,High Bridge Boro,9332042,395,23606,44,9424735,370,25465,47,"C. K-8|K-8,0-400",CK-8K-80-400
Hunterdon,2220,Holland Twp,11864851,549,21603,42,12353783,565,21873,36,"D. K-8|K-8,401-750",DK-8K-8401-750
Hunterdon,2300,Hunterdon Central Reg,68686133,3030,22666,16,71003154,2889,24576,19,"G. G9-12|7-12,9-12",GG9-127-129-12
Hunterdon,2308,Hunterdon Co Vocational,6138345,326,18848,5,7674122,358,21448,7,Q. County Voc,QCountyVoc
Hunterdon,2450,Kingwood Twp,8053558,345,23378,43,8070975,337,23972,39,"C. K-8|K-8,0-400",CK-8K-80-400
Hunterdon,2590,Lebanon Boro,2982936,136,21973,38,3341399,141,23731,38,B. K-8|K-6,BK-8K-6
Hunterdon,2600,Lebanon Twp,13863907,629,22052,46,14505243,591,24564,55,"D. K-8|K-8,401-750",DK-8K-8401-750
Hunterdon,3180,Milford Boro,2665020,85,31446,69,2544999,77,33109,69,"C. K-8|K-8,0-400",CK-8K-80-400
Hunterdon,3660,N Hunt/Voorhees Regional,65410543,2826,23146,20,66059311,2809,23520,13,"G. G9-12|7-12,9-12",GG9-127-129-12
Hunterdon,4350,Readington Twp,35898610,1615,22225,57,39621829,1523,26019,70,"E. K-8|K-8,751+",EK-8K-8751plus
Hunterdon,5180,Tewksbury Twp,15871674,573,27689,67,16453994,564,29167,66,"D. K-8|K-8,401-750",DK-8K-8401-750
Hunterdon,5270,Union Twp,10866541,457,23797,55,11488105,385,29839,67,"D. K-8|K-8,401-750",DK-8K-8401-750
Mercer,1245,East Windsor Regional,102117485,5257,19424,35,105791731,5176,20440,34,"N. K-12|K-12,3500+",NK-12K-123500plus
Mercer,1430,Ewing Twp,82334820,3586,22963,64,81178632,3575,22709,54,"M. K-12|K-12,1800-3500",MK-12K-121800-3500
Mercer,1950,Hamilton Twp,225349625,11778,19133,29,235702505,11591,20336,33,"N. K-12|K-12,3500+",NK-12K-123500plus
Mercer,2280,Hopewell Valley Regional,87860736,3635,24168,69,94119170,3551,26506,71,"M. K-12|K-12,1800-3500",MK-12K-121800-3500
Mercer,2580,Lawrence Twp,88172191,3951,22318,72,87037048,3896,22343,62,"N. K-12|K-12,3500+",NK-12K-123500plus
Mercer,3103,Mercer Co Special Service,43725401,576,75901,6,44020199,563,78213,6,P. CSSD,PCSSD
Mercer,3105,Mercer County Vocational,13225437,527,25103,13,14403002,492,29297,18,Q. County Voc,QCountyVoc
Mercer,4255,Princeton,94715589,3759,25194,90,101625155,3783,26863,90,"N. K-12|K-12,3500+",NK-12K-123500plus
Mercer,5210,Trenton City,306116055,13623,22471,73,322196755,14003,23009,71,"N. K-12|K-12,3500+",NK-12K-123500plus
Mercer,5510,Robbinsville Twp,51340474,3086,16636,4,52177741,3173,16445,2,"M. K-12|K-12,1800-3500",MK-12K-121800-3500
Mercer,5715,W Windsor-Plainsboro Reg,183216339,9788,18718,21,191069004,9798,19502,22,"N. K-12|K-12,3500+",NK-12K-123500plus
Mercer,6017,Foundation Academy Cs,16487378,1002,16461,38,15946373,1016,15692,33,O. Charter,OCharter
Mercer,6025,Paul Robeson Humanities,6339236,375,16905,45,6539832,375,17454,46,O. Charter,OCharter
Mercer,6183,Trenton Stem-To-Civics Cs,5199597,295,17632,57,6984409,395,17664,51,O. Charter,OCharter
Mercer,6810,International Charter School,1532590,89,17162,49,1604086,89,17943,55,O. Charter,OCharter
Mercer,7500,Pace Cs Of Hamilton,4081542,250,16352,36,4479696,295,15201,26,O. Charter,OCharter
Mercer,7540,Princeton Cs,6313986,348,18165,62,7335735,399,18385,62,O. Charter,OCharter
Mercer,7895,Achievers Early College Prep Charter Sch,N.R.,N.R.,N.R.,,N.R.,N.R.,N.R.,,O. Charter,OCharter
Mercer,8140,Village Cs,5971975,357,16742,41,5955720,357,16673,42,O. Charter,OCharter
Middlesex,750,Carteret Boro,67403462,3789,17791,14,70987522,3861,18385,11,"N. K-12|K-12,3500+",NK-12K-123500plus
Middlesex,970,Cranbury Twp,18287203,746,24519,61,18774171,748,25094,59,"J. K-12|K-8,401-750",JK-12K-8401-750
Middlesex,1140,Dunellen Boro,19873307,1209,16440,2,21716754,1225,17727,2,"L. K-12|K-12,0-1800",LK-12K-120-1800
Middlesex,1170,East Brunswick Twp,175035071,8064,21706,64,179727278,8109,22165,57,"N. K-12|K-12,3500+",NK-12K-123500plus
Middlesex,1290,Edison Twp,269729715,15713,17167,6,278074467,16259,17103,3,"N. K-12|K-12,3500+",NK-12K-123500plus
Middlesex,2150,Highland Park Boro,36982099,1629,22706,35,39289301,1643,23909,38,"L. K-12|K-12,0-1800",LK-12K-120-1800
Middlesex,2370,Jamesburg Boro,14795845,951,15562,1,16932009,983,17221,3,"J. K-12|K-8,401-750",JK-12K-8401-750
Middlesex,3120,Metuchen Boro,44571099,2253,19786,33,46778341,2299,20352,30,"M. K-12|K-12,1800-3500",MK-12K-121800-3500
Middlesex,3140,Middlesex Boro,40333930,2099,19217,25,40778297,2092,19493,22,"M. K-12|K-12,1800-3500",MK-12K-121800-3500
Middlesex,3150,Middlesex Co Vocational,54176769,2192,24712,12,55374906,2167,25551,13,Q. County Voc,QCountyVoc
Middlesex,3220,Milltown Boro,17863847,1001,17842,14,18096649,1020,17743,8,"K. K-12|K-8,751+",KK-12K-8751plus
Middlesex,3290,Monroe Twp,130495848,6787,19226,32,137925111,6835,20179,30,"N. K-12|K-12,3500+",NK-12K-123500plus
Middlesex,3530,New Brunswick City,236196356,10398,22715,75,245539057,10387,23639,76,"N. K-12|K-12,3500+",NK-12K-123500plus
Middlesex,3620,North Brunswick Twp,113500597,6102,18602,20,120833634,6041,20002,26,"N. K-12|K-12,3500+",NK-12K-123500plus
Middlesex,3845,Old Bridge Twp,170052139,8907,19093,28,175436711,8732,20092,27,"N. K-12|K-12,3500+",NK-12K-123500plus
Middlesex,4090,Perth Amboy City,273723210,11119,24618,88,266556037,11400,23383,75,"N. K-12|K-12,3500+",NK-12K-123500plus
Middlesex,4130,Piscataway Twp,125911392,7299,17251,8,133274017,7180,18561,12,"N. K-12|K-12,3500+",NK-12K-123500plus
Middlesex,4660,Sayreville Boro,101238163,6142,16484,2,104180210,6231,16721,2,"N. K-12|K-12,3500+",NK-12K-123500plus
Middlesex,4830,South Amboy City,20124300,1093,18407,10,20466711,1094,18706,8,"L. K-12|K-12,0-1800",LK-12K-120-1800
Middlesex,4860,South Brunswick Twp,159371194,8831,18048,15,159570131,8834,18064,9,"N. K-12|K-12,3500+",NK-12K-123500plus
Middlesex,4910,South Plainfield Boro,66572253,3429,19415,27,69958120,3408,20529,35,"M. K-12|K-12,1800-3500",MK-12K-121800-3500
Middlesex,4920,South River Boro,37180715,2226,16706,5,37992274,2220,17115,5,"M. K-12|K-12,1800-3500",MK-12K-121800-3500
Middlesex,4970,Spotswood,29841885,1766,16898,3,31028458,1719,18055,4,"L. K-12|K-12,0-1800",LK-12K-120-1800
Middlesex,5850,Woodbridge Twp,243896588,13901,17546,10,253878264,13819,18372,10,"N. K-12|K-12,3500+",NK-12K-123500plus
Middlesex,6032,Academy For Urban Leader,8182285,494,16580,39,9366803,566,16546,40,O. Charter,OCharter
Middlesex,6041,Hatikvah International Cs,5316248,376,14158,16,6013852,438,13727,12,O. Charter,OCharter
Middlesex,6635,Greater Brunswick Cs,7188742,391,18371,64,7655495,393,19504,70,O. Charter,OCharter
Middlesex,7896,Middlesex Charter School,N.R.,N.R.,N.R.,,N.R.,N.R.,N.R.,,O. Charter,OCharter
Monmouth,50,Allenhurst,168007,3,56002,14,198604,5,39721,14,K-12|Non-Operating,
Monmouth,100,Asbury Park City,83142094,2250,36957,75,81262753,1917,42382,75,"M. K-12|K-12,1800-3500",MK-12K-121800-3500
Monmouth,130,Atlantic Highlands Boro,6520542,335,19496,19,6799162,319,21349,29,A. K-6|K-6,AK-6K-6
Monmouth,180,Avon Boro,4470580,200,22371,35,4895542,196,24969,43,"I. K-12|K-8,0-400",IK-12K-80-400
Monmouth,270,Belmar Boro,13760178,682,20191,32,13889564,667,20826,26,"J. K-12|K-8,401-750",JK-12K-8401-750
Monmouth,500,Bradley Beach Boro,8541661,375,22802,41,8812430,404,21841,26,"I. K-12|K-8,0-400",IK-12K-80-400
Monmouth,560,Brielle Boro,15056726,805,18705,14,15776154,784,20128,18,"J. K-12|K-8,401-750",JK-12K-8401-750
Monmouth,945,Colts Neck Twp,27384573,944,29007,74,28769554,966,29784,73,"E. K-8|K-8,751+",EK-8K-8751plus
Monmouth,1000,Deal Boro,4370474,171,25542,54,4411701,174,25353,45,"I. K-12|K-8,0-400",IK-12K-80-400
Monmouth,1260,Eatontown Boro,24080630,1026,23477,68,25125436,1010,24870,65,"E. K-8|K-8,751+",EK-8K-8751plus
Monmouth,1440,Fair Haven Boro,17459946,1019,17135,9,17806695,991,17961,10,"E. K-8|K-8,751+",EK-8K-8751plus
Monmouth,1490,Farmingdale Boro,3335532,162,20590,24,3271484,159,20553,17,"C. K-8|K-8,0-400",CK-8K-80-400
Monmouth,1640,Freehold Boro,28554001,1738,16427,8,31149670,1729,18017,11,"E. K-8|K-8,751+",EK-8K-8751plus
Monmouth,1650,Freehold Regional,218460077,10948,19954,6,225048072,10773,20891,5,"G. G9-12|7-12,9-12",GG9-127-129-12
Monmouth,1660,Freehold Twp,81704278,3817,21407,50,86879899,3770,23044,53,"E. K-8|K-8,751+",EK-8K-8751plus
Monmouth,2105,Hazlet Twp,57847228,2913,19857,34,63116318,3248,19430,21,"M. K-12|K-12,1800-3500",MK-12K-121800-3500
Monmouth,2120,Henry Hudson Regional,10225946,312,32760,46,10239744,310,33028,46,"F. G7-12|7-12,9-12",FG7-127-129-12
Monmouth,2160,Highlands Boro,4986109,193,25809,53,5297665,201,26322,51,A. K-6|K-6,AK-6K-6
Monmouth,2230,Holmdel Twp,66454082,3008,22096,58,69100402,3006,22987,56,"M. K-12|K-12,1800-3500",MK-12K-121800-3500
Monmouth,2290,Howell Twp,128118209,5977,21436,51,131327204,5818,22573,49,"E. K-8|K-8,751+",EK-8K-8751plus
Monmouth,2320,Interlaken,841582,34,24752,11,661478,36,18374,5,K-12|Non-Operating,
Monmouth,2400,Keansburg Boro,49729142,1607,30950,49,51668882,1590,32489,49,"L. K-12|K-12,0-1800",LK-12K-120-1800
Monmouth,2430,Keyport Boro,21657435,1065,20331,22,22131807,1057,20946,21,"L. K-12|K-12,0-1800",LK-12K-120-1800
Monmouth,2720,Little Silver Boro,15921825,851,18712,25,16761461,887,18902,16,"E. K-8|K-8,751+",EK-8K-8751plus
Monmouth,2770,Long Branch City,141232605,5799,24355,87,143952259,5757,25004,84,"N. K-12|K-12,3500+",NK-12K-123500plus
Monmouth,2920,Manalapan-Englishtown Reg,96320228,5050,19075,28,100945016,5076,19886,30,"E. K-8|K-8,751+",EK-8K-8751plus
Monmouth,2930,Manasquan Boro,29920147,1572,19030,15,31108509,1519,20485,16,"L. K-12|K-12,0-1800",LK-12K-120-1800
Monmouth,3030,Marlboro Twp,99345285,4953,20057,38,102754658,4892,21004,36,"E. K-8|K-8,751+",EK-8K-8751plus
Monmouth,3040,Matawan-Aberdeen Regional,78476849,3754,20904,52,82027664,3747,21891,53,"N. K-12|K-12,3500+",NK-12K-123500plus
Monmouth,3160,Middletown Twp,190532059,9753,19535,36,199366990,9638,20685,39,"N. K-12|K-12,3500+",NK-12K-123500plus
Monmouth,3200,Millstone Twp,41416882,1785,23206,66,41917413,1739,24103,63,"K. K-12|K-8,751+",KK-12K-8751plus
Monmouth,3250,Monmouth Beach Boro,5457352,242,22582,38,5545740,248,22396,29,"C. K-8|K-8,0-400",CK-8K-80-400
Monmouth,3260,Monmouth Co Vocational,53919068,2367,22779,9,55110357,2212,24912,11,Q. County Voc,QCountyVoc
Monmouth,3270,Monmouth Regional,29362473,1005,29230,42,29539659,995,29678,40,"G. G9-12|7-12,9-12",GG9-127-129-12
Monmouth,3500,Neptune City,9981129,510,19582,14,9668804,475,20369,16,"I. K-12|K-8,0-400",IK-12K-80-400
Monmouth,3510,Neptune Twp,121445960,4299,28252,94,118328629,4110,28788,95,"N. K-12|K-12,3500+",NK-12K-123500plus
Monmouth,3810,Ocean Twp,86005126,3606,23849,67,88707405,3531,25125,67,"M. K-12|K-12,1800-3500",MK-12K-121800-3500
Monmouth,3830,Oceanport Boro,11879284,611,19448,21,12346697,573,21557,33,"D. K-8|K-8,401-750",DK-8K-8401-750
Monmouth,4360,Red Bank Boro,27851261,1434,19429,33,28485618,1411,20195,32,"E. K-8|K-8,751+",EK-8K-8751plus
Monmouth,4365,Red Bank Regional,31415366,1218,25796,33,32810780,1189,27606,34,"G. G9-12|7-12,9-12",GG9-127-129-12
Monmouth,4520,Roosevelt Boro,2903078,122,23830,47,2883700,117,24737,40,H. K-12|K-6,HK-12K-6
Monmouth,4570,Rumson Boro,19226666,996,19305,30,20240602,907,22320,47,"E. K-8|K-8,751+",EK-8K-8751plus
Monmouth,4580,Rumson-Fair Haven Reg,22546464,1000,22557,15,23511208,996,23596,14,"G. G9-12|7-12,9-12",GG9-127-129-12
Monmouth,4690,Sea Girt Boro,4575688,182,25209,52,4709649,176,26838,54,"I. K-12|K-8,0-400",IK-12K-80-400
Monmouth,4760,Shore Regional,18732211,627,29864,43,20318454,655,31009,44,"G. G9-12|7-12,9-12",GG9-127-129-12
Monmouth,4770,Shrewsbury Boro,9253622,471,19653,24,9962979,453,21980,40,"D. K-8|K-8,401-750",DK-8K-8401-750
Monmouth,4840,Lake Como,2869702,177,16259,1,3094288,163,18983,6,K-12|Non-Operating,
Monmouth,4980,Spring Lake Boro,7771595,262,29642,67,8080065,260,31063,68,"I. K-12|K-8,0-400",IK-12K-80-400
Monmouth,4990,Spring Lake Heights Boro,9616709,475,20244,22,9908752,465,21297,22,"I. K-12|K-8,0-400",IK-12K-80-400
Monmouth,5185,Tinton Falls,31439571,1549,20295,41,32770997,1537,21320,38,"E. K-8|K-8,751+",EK-8K-8751plus
Monmouth,5230,Union Beach,16443893,829,19835,26,17757895,854,20798,25,"J. K-12|K-8,401-750",JK-12K-8401-750
Monmouth,5310,Upper Freehold Regional,46442366,2312,20090,37,47890047,2271,21086,43,"M. K-12|K-12,1800-3500",MK-12K-121800-3500
Monmouth,5420,Wall Twp,80506567,3541,22737,62,82548182,3478,23737,59,"M. K-12|K-12,1800-3500",MK-12K-121800-3500
Monmouth,5640,West Long Branch Boro,13605294,561,24274,60,13995315,561,24931,57,"D. K-8|K-8,401-750",DK-8K-8401-750
Monmouth,6010,Academy Charter High Sch,4045696,173,23426,82,4052500,178,22741,84,O. Charter,OCharter
Monmouth,6740,Hope Academy Cs,3586395,207,17334,54,3918295,218,17941,54,O. Charter,OCharter
Monmouth,7720,The Red Bank Cs,3699909,181,20453,73,4407518,177,24944,88,O. Charter,OCharter
Monmouth,7891,College Achieve Asbury Park Charter Scho,N.R.,N.R.,N.R.,,2595650,159,16366,39,O. Charter,OCharter
Morris,450,Boonton Town,31871314,1407,22648,34,33524696,1409,23795,37,"L. K-12|K-12,0-1800",LK-12K-120-1800
Morris,460,Boonton Twp,14992736,721,20789,39,15201297,701,21683,34,"J. K-12|K-8,401-750",JK-12K-8401-750
Morris,630,Butler Boro,28281727,1216,23264,37,28040148,1184,23679,36,"L. K-12|K-12,0-1800",LK-12K-120-1800
Morris,785,Sch Dist Of The Chathams,76818591,4249,18078,16,80757402,4202,19221,17,"N. K-12|K-12,3500+",NK-12K-123500plus
Morris,820,Chester Twp,25955846,1129,22984,64,27327737,1076,25393,68,"E. K-8|K-8,751+",EK-8K-8751plus
Morris,1090,Denville Twp,34055469,1645,20704,45,35187060,1584,22221,45,"E. K-8|K-8,751+",EK-8K-8751plus
Morris,1110,Dover Town,52780702,3286,16062,3,54049003,3378,16001,1,"M. K-12|K-12,1800-3500",MK-12K-121800-3500
Morris,1190,East Hanover Twp,23140247,978,23661,69,23669781,935,25326,67,"E. K-8|K-8,751+",EK-8K-8751plus
Morris,1530,Florham Park Boro,20941431,972,21542,53,22423855,972,23068,54,"E. K-8|K-8,751+",EK-8K-8751plus
Morris,1990,Hanover Park Regional,41558808,1534,27089,38,42442993,1530,27750,35,"G. G9-12|7-12,9-12",GG9-127-129-12
Morris,2000,Hanover Twp,30789026,1452,21211,48,31776843,1459,21778,42,"E. K-8|K-8,751+",EK-8K-8751plus
Morris,2010,Harding Township,11757484,426,27604,64,12557805,434,28972,65,"I. K-12|K-8,0-400",IK-12K-80-400
Morris,2380,Jefferson Twp,67743078,3124,21688,54,70850377,3997,17724,8,"M. K-12|K-12,1800-3500",MK-12K-121800-3500
Morris,2460,Kinnelon Boro,44238377,2003,22087,57,46760932,1908,24513,64,"M. K-12|K-12,1800-3500",MK-12K-121800-3500
Morris,2650,Lincoln Park Boro,22978998,1245,18462,22,23921452,1244,19226,20,"K. K-12|K-8,751+",KK-12K-8751plus
Morris,2870,Madison Boro,52984229,2630,20149,40,59496794,2644,22503,51,"M. K-12|K-12,1800-3500",MK-12K-121800-3500
Morris,3090,Mendham Boro,12724750,533,23893,57,13475931,531,25373,62,"D. K-8|K-8,401-750",DK-8K-8401-750
Morris,3100,Mendham Twp,19554722,696,28113,68,21108263,701,30132,68,"D. K-8|K-8,401-750",DK-8K-8401-750
Morris,3240,Mine Hill Twp,10884485,535,20352,27,10317172,523,19725,23,H. K-12|K-6,HK-12K-6
Morris,3340,Montville Twp,86029542,3754,22918,79,90093253,3650,24682,83,"N. K-12|K-12,3500+",NK-12K-123500plus
Morris,3365,Morris County Vocational,21945581,1083,20271,7,23846077,1153,20684,6,Q. County Voc,QCountyVoc
Morris,3370,Morris Hills Regional,78399135,2818,27821,40,80185214,2836,28279,36,"G. G9-12|7-12,9-12",GG9-127-129-12
Morris,3380,Morris Plains Boro,18728147,846,22148,47,19463127,731,26620,63,"J. K-12|K-8,401-750",JK-12K-8401-750
Morris,3385,Morris School District,116293577,5305,21922,67,122379376,5135,23834,77,"N. K-12|K-12,3500+",NK-12K-123500plus
Morris,3410,Mount Arlington Boro,11722727,517,22673,39,12819667,532,24112,41,"I. K-12|K-8,0-400",IK-12K-80-400
Morris,3450,Mount Olive Twp,98980680,4608,21479,63,104665679,4614,22682,64,"N. K-12|K-12,3500+",NK-12K-123500plus
Morris,3460,Mountain Lakes Boro,41329518,1607,25719,42,42937499,1539,27908,46,"L. K-12|K-12,0-1800",LK-12K-120-1800
Morris,3520,Netcong Boro,5691334,297,19138,12,6317132,319,19776,11,"C. K-8|K-8,0-400",CK-8K-80-400
Morris,3950,Parsippany-Troy Hills Twp,160506823,7091,22636,74,162788338,7113,22886,66,"N. K-12|K-12,3500+",NK-12K-123500plus
Morris,4000,Long Hill Twp,19227636,840,22893,62,19780219,857,23090,55,"E. K-8|K-8,751+",EK-8K-8751plus
Morris,4080,Pequannock Twp,42051518,2152,19543,29,44580801,2141,20822,38,"M. K-12|K-12,1800-3500",MK-12K-121800-3500
Morris,4330,Randolph Twp,100360253,4734,21200,58,104956183,4735,22166,58,"N. K-12|K-12,3500+",NK-12K-123500plus
Morris,4440,Riverdale Boro,8976847,457,19663,15,9183418,473,19423,7,"I. K-12|K-8,0-400",IK-12K-80-400
Morris,4480,Rockaway Boro,9934924,608,16353,4,10320519,584,17664,5,"D. K-8|K-8,401-750",DK-8K-8401-750
Morris,4490,Rockaway Twp,55609105,2411,23067,65,56282870,2336,24094,62,"E. K-8|K-8,751+",EK-8K-8751plus
Morris,4560,Roxbury Twp,82404635,3622,22754,77,83830221,3648,22977,69,"N. K-12|K-12,3500+",NK-12K-123500plus
Morris,5520,Washington Twp,49244057,2098,23468,67,51041138,2086,24475,64,"E. K-8|K-8,751+",EK-8K-8751plus
Morris,5660,West Morris Regional,57148170,2624,21779,13,59074686,2514,23500,12,"G. G9-12|7-12,9-12",GG9-127-129-12
Morris,5770,Wharton Boro,16217946,793,20448,36,16716244,791,21127,27,"D. K-8|K-8,401-750",DK-8K-8401-750
Morris,8050,Unity Cs,4033205,233,17325,53,4280079,238,17991,56,O. Charter,OCharter
Ocean,185,Barnegat Twp,64012423,3141,20380,42,69349959,3158,21961,47,"M. K-12|K-12,1800-3500",MK-12K-121800-3500
Ocean,210,Bay Head Boro,4265928,162,26340,56,4317900,159,27081,56,"I. K-12|K-8,0-400",IK-12K-80-400
Ocean,230,Beach Haven Boro,2205875,68,32305,56,2088963,68,30841,55,A. K-6|K-6,AK-6K-6
Ocean,320,Berkeley Twp,38884373,2124,18310,14,40687978,2172,18731,14,A. K-6|K-6,AK-6K-6
Ocean,530,Brick Twp,168219449,8812,19090,27,175890694,8723,20164,28,"N. K-12|K-12,3500+",NK-12K-123500plus
Ocean,770,Central Regional,42560110,2059,20671,8,45132915,2150,20990,7,"F. G7-12|7-12,9-12",FG7-127-129-12
Ocean,1150,Eagleswood Twp,3279392,145,22578,39,3617797,151,23896,39,A. K-6|K-6,AK-6K-6
Ocean,2350,Island Heights Boro,2621896,127,20686,30,2831800,120,23672,37,A. K-6|K-6,AK-6K-6
Ocean,2360,Jackson Twp,163550500,8514,19210,31,169751200,8282,20496,36,"N. K-12|K-12,3500+",NK-12K-123500plus
Ocean,2480,Lacey Twp,80316861,4045,19854,38,83165148,4025,20664,38,"N. K-12|K-12,3500+",NK-12K-123500plus
Ocean,2500,Lakehurst Boro,10565119,492,21486,31,11221896,487,23067,33,"I. K-12|K-8,0-400",IK-12K-80-400
Ocean,2520,Lakewood Twp,186812557,6137,30441,96,195416511,6011,32512,97,"N. K-12|K-12,3500+",NK-12K-123500plus
Ocean,2550,Lavallette Boro,4645021,190,24435,48,5004701,196,25597,49,"I. K-12|K-8,0-400",IK-12K-80-400
Ocean,2690,Little Egg Harbor Twp,32761012,1586,20656,29,32560721,1608,20244,26,A. K-6|K-6,AK-6K-6
Ocean,2760,Long Beach Island,7219583,225,32077,55,7705049,233,33026,56,A. K-6|K-6,AK-6K-6
Ocean,2940,Manchester Twp,64842185,2977,21782,55,67303779,2976,22615,52,"M. K-12|K-12,1800-3500",MK-12K-121800-3500
Ocean,3790,Ocean County Vocational,29377280,1605,18307,3,29912049,1558,19199,4,Q. County Voc,QCountyVoc
Ocean,3800,Ocean Gate Boro,3395039,149,22738,41,3460641,152,22759,36,A. K-6|K-6,AK-6K-6
Ocean,3820,Ocean Twp,19837592,923,21494,35,20886374,929,22486,35,H. K-12|K-6,HK-12K-6
Ocean,4105,Pinelands Regional,37484339,1574,23812,22,39172713,1537,25491,24,"F. G7-12|7-12,9-12",FG7-127-129-12
Ocean,4190,Plumsted Twp,32499181,1389,23393,38,33383085,1357,24600,39,"L. K-12|K-12,0-1800",LK-12K-120-1800
Ocean,4210,Point Pleasant Boro,50376260,2741,18382,17,51119812,2770,18458,12,"M. K-12|K-12,1800-3500",MK-12K-121800-3500
Ocean,4220,Point Pleasant Beach,21132644,808,26163,43,19073376,812,23481,35,"L. K-12|K-12,0-1800",LK-12K-120-1800
Ocean,4710,Seaside Heights Boro,5123068,215,23798,46,5772290,228,25324,45,A. K-6|K-6,AK-6K-6
Ocean,4720,Seaside Park Boro,854325,51,16751,2,885129,55,16093,1,K-6|Non-Operating,
Ocean,4950,Southern Regional,61254467,2860,21415,11,64643366,2859,22612,9,"F. G7-12|7-12,9-12",FG7-127-129-12
Ocean,5020,Stafford Twp,44433878,2177,20410,28,46167165,2190,21078,28,A. K-6|K-6,AK-6K-6
Ocean,5190,Toms River Regional,261949733,15724,16659,3,273431660,15531,17606,4,"N. K-12|K-12,3500+",NK-12K-123500plus
Ocean,5220,Tuckerton Boro,6100467,300,20332,26,6589537,298,22132,33,A. K-6|K-6,AK-6K-6
Ocean,7893,Ocean Academy Charter School,N.R.,N.R.,N.R.,,2076551,151,13798,13,O. Charter,OCharter
Passaic,420,Bloomingdale Boro,21026394,880,23887,56,20746470,827,25081,58,"J. K-12|K-8,401-750",JK-12K-8401-750
Passaic,900,Clifton City,191277794,10961,17450,9,198928265,11268,17655,5,"N. K-12|K-12,3500+",NK-12K-123500plus
Passaic,1920,Haledon Boro,18281827,1044,17505,11,19142730,1040,18415,13,"E. K-8|K-8,751+",EK-8K-8751plus
Passaic,2100,Hawthorne Boro,45847083,2421,18939,23,48045967,2354,20414,32,"M. K-12|K-12,1800-3500",MK-12K-121800-3500
Passaic,2510,Lakeland Regional,26937050,994,27097,39,28356792,951,29834,41,"G. G9-12|7-12,9-12",GG9-127-129-12
Passaic,2700,Little Falls Twp,17255019,897,19237,29,17590966,889,19788,27,"E. K-8|K-8,751+",EK-8K-8751plus
Passaic,3640,North Haledon Boro,12963785,648,19996,28,13439969,667,20142,19,"D. K-8|K-8,401-750",DK-8K-8401-750
Passaic,3970,Passaic City,344176013,14868,23149,81,354908499,14569,24360,81,"N. K-12|K-12,3500+",NK-12K-123500plus
Passaic,3980,Passaic Co Manchester Reg,21399952,865,24750,26,22209499,877,25316,23,"G. G9-12|7-12,9-12",GG9-127-129-12
Passaic,3990,Passaic Valley Regional,30211220,1304,23161,21,32448479,1339,24237,17,"G. G9-12|7-12,9-12",GG9-127-129-12
Passaic,3995,Passaic County Vocational,88562811,3439,25755,17,90570150,3461,26172,14,Q. County Voc,QCountyVoc
Passaic,4010,Paterson City,612425388,28855,21224,60,874689113,28653,30527,96,"N. K-12|K-12,3500+",NK-12K-123500plus
Passaic,4230,Pompton Lakes Boro,36133064,1711,21120,28,38149850,1681,22700,29,"L. K-12|K-12,0-1800",LK-12K-120-1800
Passaic,4270,Prospect Park Boro,14611216,943,15499,4,15986991,941,16986,5,"E. K-8|K-8,751+",EK-8K-8751plus
Passaic,4400,Ringwood Boro,27519474,1223,22495,61,27235527,1183,23024,52,"E. K-8|K-8,751+",EK-8K-8751plus
Passaic,5200,Totowa Boro,18609656,1045,17805,13,18321373,1036,17687,7,"E. K-8|K-8,751+",EK-8K-8751plus
Passaic,5440,Wanaque Boro,20348546,954,21328,49,21764630,914,23819,61,"E. K-8|K-8,751+",EK-8K-8751plus
Passaic,5570,Wayne Twp,176062214,8006,21991,69,183506846,8012,22904,67,"N. K-12|K-12,3500+",NK-12K-123500plus
Passaic,5650,West Milford Twp,82013283,3457,23725,66,82874219,3375,24557,65,"M. K-12|K-12,1800-3500",MK-12K-121800-3500
Passaic,5690,Woodland Park,19855960,1109,17899,15,21118915,1092,19337,22,"E. K-8|K-8,751+",EK-8K-8751plus
Passaic,6021,Community Charter School,15021459,900,16691,40,16077174,897,17933,52,O. Charter,OCharter
Passaic,6079,John P Holland Charter S,3784465,201,18828,65,5852051,269,21731,80,O. Charter,OCharter
Passaic,6080,Passaic Arts And Science,12480521,837,14904,24,19744911,1262,15646,32,O. Charter,OCharter
Passaic,6096,Paterson Arts & Sci. Cs,7374379,540,13656,13,10261456,683,15035,23,O. Charter,OCharter
Passaic,6106,Philip's Charter School,1525838,54,28467,84,2133438,135,15803,35,O. Charter,OCharter
Passaic,6230,Classical Academy Charte,1468985,118,12428,9,2116886,118,17940,53,O. Charter,OCharter
Passaic,7503,Paterson Cs For Sci/Tech,17889146,1068,16750,42,20867143,1386,15053,24,O. Charter,OCharter
Passaic,7892,College Achieve Paterson Charter,N.R.,N.R.,N.R.,,3628571,276,13147,11,O. Charter,OCharter
Salem,60,Alloway Twp,9133575,526,17378,4,9132078,510,17921,3,"I. K-12|K-8,0-400",IK-12K-80-400
Salem,1350,Elsinboro Twp,2408703,142,16980,2,2610826,138,18880,4,"I. K-12|K-8,0-400",IK-12K-80-400
Salem,2800,Lower Alloways Creek,5141785,188,27406,61,5578356,194,28802,63,"I. K-12|K-8,0-400",IK-12K-80-400
Salem,2950,Mannington Twp,3670449,172,21358,30,3736455,170,21945,27,"I. K-12|K-8,0-400",IK-12K-80-400
Salem,3860,Oldmans Twp,5675273,302,18768,9,5718479,302,18945,5,"I. K-12|K-8,0-400",IK-12K-80-400
Salem,4070,Penns Grv-Carney's Pt Reg,44223196,2196,20134,39,45041287,2213,20357,31,"M. K-12|K-12,1800-3500",MK-12K-121800-3500
Salem,4075,Pennsville,35208622,1719,20481,23,38505847,1735,22195,26,"L. K-12|K-12,0-1800",LK-12K-120-1800
Salem,4150,Pittsgrove Twp,33680037,1718,19604,17,35267374,1768,19952,15,"L. K-12|K-12,0-1800",LK-12K-120-1800
Salem,4280,Quinton Twp,7607450,394,19317,13,7831049,370,21190,20,"I. K-12|K-8,0-400",IK-12K-80-400
Salem,4630,Salem City,29768424,1282,23215,36,30669130,1308,23450,34,"L. K-12|K-12,0-1800",LK-12K-120-1800
Salem,4635,Salem Co Special Service,9854072,187,52802,1,10360812,190,54593,1,P. CSSD,PCSSD
Salem,4640,Salem County Vocational,10863689,904,12024,1,11418344,859,13298,1,Q. County Voc,QCountyVoc
Salem,5320,Upper Pittsgrove Twp,8263320,476,17353,3,9321667,460,20284,15,"I. K-12|K-8,0-400",IK-12K-80-400
Salem,5910,Woodstown-Pilesgrove Reg,28369079,1570,18072,8,28737315,1587,18109,6,"L. K-12|K-12,0-1800",LK-12K-120-1800
Somerset,240,Bedminster Twp,19005262,805,23614,54,19222112,788,24392,53,"J. K-12|K-8,401-750",JK-12K-8401-750
Somerset,350,Bernards Twp,107513489,5549,19376,34,113102934,5443,20778,41,"N. K-12|K-12,3500+",NK-12K-123500plus
Somerset,490,Bound Brook Boro,32284423,1912,16885,6,32816313,1906,17217,6,"M. K-12|K-12,1800-3500",MK-12K-121800-3500
Somerset,510,Branchburg Twp,47333536,2186,21654,54,48727823,2147,22696,50,"K. K-12|K-8,751+",KK-12K-8751plus
Somerset,555,Bridgewater-Raritan Reg,173164004,8658,20000,41,178673805,8615,20740,40,"N. K-12|K-12,3500+",NK-12K-123500plus
Somerset,1610,Franklin Twp,169213489,7361,22987,80,175563778,7238,24255,80,"N. K-12|K-12,3500+",NK-12K-123500plus
Somerset,1810,Green Brook Twp,26894440,1309,20543,43,28379909,1273,22289,46,"K. K-12|K-8,751+",KK-12K-8751plus
Somerset,2170,Hillsborough Twp,139243850,7330,18996,24,149668772,7401,20222,32,"N. K-12|K-12,3500+",NK-12K-123500plus
Somerset,3000,Manville Boro,23406847,1456,16075,1,25799604,1485,17375,1,"L. K-12|K-12,0-1800",LK-12K-120-1800
Somerset,3320,Montgomery Twp,98339188,4819,20407,44,102702488,4778,21495,49,"N. K-12|K-12,3500+",NK-12K-123500plus
Somerset,3670,North Plainfield Boro,68829778,3387,20322,41,69787905,3402,20515,34,"M. K-12|K-12,1800-3500",MK-12K-121800-3500
Somerset,4810,Somerset Co Vocational,17766304,488,36398,20,17931777,475,37756,21,Q. County Voc,QCountyVoc
Somerset,4815,Somerset Hills Regional,45397953,1992,22787,63,47220468,1960,24091,62,"M. K-12|K-12,1800-3500",MK-12K-121800-3500
Somerset,4820,Somerville Boro,49039864,2370,20693,47,48698305,2370,20552,36,"M. K-12|K-12,1800-3500",MK-12K-121800-3500
Somerset,4850,South Bound Brook,10351370,569,18191,7,11052910,566,19526,14,"J. K-12|K-8,401-750",JK-12K-8401-750
Somerset,5470,Warren Twp,46193007,1786,25860,71,47608765,1745,27288,72,"E. K-8|K-8,751+",EK-8K-8751plus
Somerset,5540,Watchung Boro,15707190,709,22166,48,13958542,692,20185,20,"D. K-8|K-8,401-750",DK-8K-8401-750
Somerset,5550,Watchung Hills Regional,48355771,2097,23059,19,51850061,2053,25261,22,"G. G9-12|7-12,9-12",GG9-127-129-12
Somerset,6018,Central Jersey College P,6999764,474,14758,21,9127294,614,14873,20,O. Charter,OCharter
Somerset,6081,Thomas Edison Energysmar,6416796,425,15098,25,6007015,471,12767,9,O. Charter,OCharter
Sussex,90,Andover Reg,17367093,737,23576,53,17557659,949,18501,8,"J. K-12|K-8,401-750",JK-12K-8401-750
Sussex,640,Byram Twp,18105362,874,20718,46,18039001,849,21253,37,"E. K-8|K-8,751+",EK-8K-8751plus
Sussex,1560,Frankford Twp,11922992,561,21238,41,12482399,542,23031,46,"D. K-8|K-8,401-750",DK-8K-8401-750
Sussex,1570,Franklin Boro,9974997,494,20192,33,10114505,492,20571,23,"D. K-8|K-8,401-750",DK-8K-8401-750
Sussex,1630,Fredon Twp,5289162,242,21844,37,6198896,220,28178,54,A. K-6|K-6,AK-6K-6
Sussex,1800,Green Twp,13574935,664,20442,35,13943075,636,21940,37,"J. K-12|K-8,401-750",JK-12K-8401-750
Sussex,1930,Hamburg Boro,6835345,253,27043,59,6851834,237,28963,64,"C. K-8|K-8,0-400",CK-8K-80-400
Sussex,1980,Hampton Twp,7320829,298,24535,49,7446969,288,25877,49,A. K-6|K-6,AK-6K-6
Sussex,2030,Hardyston Twp,13998424,723,19375,20,14411162,674,21392,30,"D. K-8|K-8,401-750",DK-8K-8401-750
Sussex,2165,High Point Regional,28413194,923,30800,44,26951805,915,29470,38,"G. G9-12|7-12,9-12",GG9-127-129-12
Sussex,2240,Hopatcong,41928977,1600,26200,44,42430199,1582,26815,44,"L. K-12|K-12,0-1800",LK-12K-120-1800
Sussex,2465,Kittatinny Regional,25383216,1012,25085,30,25467023,989,25756,27,"F. G7-12|7-12,9-12",FG7-127-129-12
Sussex,2490,Lafayette Twp,5828730,235,24807,49,5833768,230,25321,44,"C. K-8|K-8,0-400",CK-8K-80-400
Sussex,2615,Lenape Valley Regional,17239458,795,21683,12,17797944,713,24957,21,"G. G9-12|7-12,9-12",GG9-127-129-12
Sussex,3300,Montague Twp,8937816,353,25306,53,9407809,336,28040,60,"I. K-12|K-8,0-400",IK-12K-80-400
Sussex,3590,Newton Town,31730390,1543,20561,24,33019409,1572,21003,22,"L. K-12|K-12,0-1800",LK-12K-120-1800
Sussex,3840,Ogdensburg Boro,5406413,261,20733,25,5312691,232,22952,32,"C. K-8|K-8,0-400",CK-8K-80-400
Sussex,4650,Sandyston-Walpack Twp,3549388,152,23372,43,3671903,146,25163,44,A. K-6|K-6,AK-6K-6
Sussex,4960,Sparta Twp,73318545,3283,22335,61,85209013,3200,26630,72,"M. K-12|K-12,1800-3500",MK-12K-121800-3500
Sussex,5030,Stanhope Boro,7072446,314,22556,37,7354526,319,23093,34,"C. K-8|K-8,0-400",CK-8K-80-400
Sussex,5040,Stillwater Twp,6878684,289,23792,45,7277272,285,25530,46,A. K-6|K-6,AK-6K-6
Sussex,5100,Sussex-Wantage Regional,26330419,1068,24661,70,26201253,1023,25601,69,"E. K-8|K-8,751+",EK-8K-8751plus
Sussex,5110,Sussex County Vocational,16584598,783,21192,8,17160339,782,21943,8,Q. County Voc,QCountyVoc
Sussex,5360,Vernon Twp,76729970,3181,24125,68,77103302,3128,24647,66,"M. K-12|K-12,1800-3500",MK-12K-121800-3500
Sussex,5435,Wallkill Valley Regional,17494556,661,26457,36,18288111,626,29202,37,"G. G9-12|7-12,9-12",GG9-127-129-12
Sussex,7850,Sussex County Technology,4204953,216,19485,70,4410032,224,19705,72,O. Charter,OCharter
Union,310,Berkeley Heights Twp,57767518,2717,21264,53,60359811,2635,22909,55,"M. K-12|K-12,1800-3500",MK-12K-121800-3500
Union,850,Clark Twp,40708390,2291,17771,10,40738667,2298,17731,9,"M. K-12|K-12,1800-3500",MK-12K-121800-3500
Union,980,Cranford Twp,71723434,3920,18296,18,75557794,3902,19366,18,"N. K-12|K-12,3500+",NK-12K-123500plus
Union,1320,Elizabeth City,622851316,28077,22183,70,633945458,28596,22169,59,"N. K-12|K-12,3500+",NK-12K-123500plus
Union,1710,Garwood Boro,9517276,501,19014,11,10202040,493,20690,19,"I. K-12|K-8,0-400",IK-12K-80-400
Union,2190,Hillside Twp,62347904,3122,19973,36,64166465,3071,20897,41,"M. K-12|K-12,1800-3500",MK-12K-121800-3500
Union,2420,Kenilworth Boro,28842492,1461,19742,19,30196789,1463,20640,19,"L. K-12|K-12,0-1800",LK-12K-120-1800
Union,2660,Linden City,135115682,6175,21882,66,142607852,6222,22920,68,"N. K-12|K-12,3500+",NK-12K-123500plus
Union,3470,Mountainside Boro,19950836,1042,19148,18,20646358,1021,20226,21,"J. K-12|K-8,401-750",JK-12K-8401-750
Union,3560,New Providence Boro,43466033,2423,17940,13,45333533,2391,18962,17,"M. K-12|K-12,1800-3500",MK-12K-121800-3500
Union,4160,Plainfield City,191666477,9568,20032,42,197059176,9450,20854,42,"N. K-12|K-12,3500+",NK-12K-123500plus
Union,4290,Rahway City,78118267,3906,19999,40,81519944,3887,20975,44,"N. K-12|K-12,3500+",NK-12K-123500plus
Union,4540,Roselle Boro,59022883,2838,20800,48,63590063,2947,21576,46,"M. K-12|K-12,1800-3500",MK-12K-121800-3500
Union,4550,Roselle Park Boro,38372481,2048,18735,20,41363609,2072,19962,26,"M. K-12|K-12,1800-3500",MK-12K-121800-3500
Union,4670,Scotch Plains-Fanwood Reg,104389299,5530,18876,23,108192169,5558,19466,21,"N. K-12|K-12,3500+",NK-12K-123500plus
Union,5000,Springfield Twp,46444952,2260,20549,43,50351211,2278,22107,48,"M. K-12|K-12,1800-3500",MK-12K-121800-3500
Union,5090,Summit City,84530788,4118,20529,47,88725052,3974,22326,61,"N. K-12|K-12,3500+",NK-12K-123500plus
Union,5260,Union County Vocational,31101296,1912,16270,2,32366432,1908,16968,2,Q. County Voc,QCountyVoc
Union,5290,Union Twp,151780657,7366,20607,49,161692347,7340,22028,55,"N. K-12|K-12,3500+",NK-12K-123500plus
Union,5730,Westfield Town,113183527,6379,17743,12,123814854,6389,19381,19,"N. K-12|K-12,3500+",NK-12K-123500plus
Union,5810,Winfield Twp,3538527,180,19694,16,3680809,171,21583,24,"I. K-12|K-8,0-400",IK-12K-80-400
Union,6033,The Barack Obama Green Charter High Scho,4011232,233,17193,50,4447892,239,18649,64,O. Charter,OCharter
Union,6101,College Achieve Central,7338348,592,12392,8,11061786,801,13810,14,O. Charter,OCharter
Union,6102,Cresthaven Academy Chart,1739827,75,23198,81,2285815,150,15239,27,O. Charter,OCharter
Union,7600,Queen City Academy Cs,4987575,322,15470,28,4819463,324,14893,21,O. Charter,OCharter
Union,8010,Union County Teams Cs,5443648,386,14121,15,5406261,386,14013,15,O. Charter,OCharter
Warren,30,Allamuchy Twp,11151936,570,19581,22,11300091,570,19809,16,"J. K-12|K-8,401-750",JK-12K-8401-750
Warren,70,Alpha Boro,5763245,288,19994,18,5997226,297,20203,14,"I. K-12|K-8,0-400",IK-12K-80-400
Warren,280,Belvidere Town,13897163,737,18850,14,14517720,708,20505,18,"L. K-12|K-12,0-1800",LK-12K-120-1800
Warren,400,Blairstown Twp,10291281,486,21162,32,9675299,469,20622,27,A. K-6|K-6,AK-6K-6
Warren,1620,Franklin Twp,5766085,220,26168,54,5816306,216,26926,53,A. K-6|K-6,AK-6K-6
Warren,1670,Frelinghuysen Twp,2942799,149,19697,22,2794629,141,19858,24,A. K-6|K-6,AK-6K-6
Warren,1785,Great Meadows Regional,21940353,1096,20023,29,23112347,1048,22047,41,"J. K-12|K-8,401-750",JK-12K-8401-750
Warren,1840,Greenwich Twp,22285133,1109,20089,30,20332827,1070,19005,10,"J. K-12|K-8,401-750",JK-12K-8401-750
Warren,1870,Hackettstown,36381504,1943,18722,19,36962736,1933,19119,20,"M. K-12|K-12,1800-3500",MK-12K-121800-3500
Warren,2040,Harmony Twp,7921183,353,22461,36,7774194,352,22105,28,"I. K-12|K-8,0-400",IK-12K-80-400
Warren,2250,Hope Twp,5303901,227,23361,42,5214241,218,23877,38,"I. K-12|K-8,0-400",IK-12K-80-400
Warren,2470,Knowlton Twp,4597039,195,23630,44,4608309,184,25073,43,A. K-6|K-6,AK-6K-6
Warren,2790,Lopatcong Twp,18417974,1174,15684,2,18616492,1143,16290,1,"J. K-12|K-8,401-750",JK-12K-8401-750
Warren,2970,Mansfield Twp,11441839,643,17785,10,11949077,635,18811,16,A. K-6|K-6,AK-6K-6
Warren,3675,North Warren Regional,18740771,892,21013,9,20086992,884,22723,10,"F. G7-12|7-12,9-12",FG7-127-129-12
Warren,3890,Oxford Twp,8181457,393,20801,26,8165953,381,21409,23,"I. K-12|K-8,0-400",IK-12K-80-400
Warren,4100,Phillipsburg Town,93365847,3918,23828,83,105529147,3937,26803,89,"N. K-12|K-12,3500+",NK-12K-123500plus
Warren,4200,Pohatcong Twp,8615229,427,20202,20,9205678,426,21602,25,"I. K-12|K-8,0-400",IK-12K-80-400
Warren,5450,Warren Co Special Service,2199036,27,83139,7,1844502,16,116988,8,P. CSSD,PCSSD
Warren,5460,Warren County Vocational,10984191,449,24489,10,11181193,462,24228,10,Q. County Voc,QCountyVoc
Warren,5465,Warren Hills Regional,43584506,1890,23058,18,45764003,1836,24922,20,"F. G7-12|7-12,9-12",FG7-127-129-12
Warren,5480,Washington Boro,9094562,508,17903,11,9697033,479,20228,25,A. K-6|K-6,AK-6K-6
Warren,5530,Washington Twp,9988480,469,21291,34,10258195,546,18802,15,A. K-6|K-6,AK-6K-6
Warren,5780,White Twp,10382742,436,23795,46,10616440,416,25541,48,"I. K-12|K-8,0-400",IK-12K-80-400
Warren,7727,Ridge And Valley Cs,2050322,125,16416,37,2132739,126,16927,43,O. Charter,OCharter
