CONAME,DISTNAME,DIST,GENERAL_CURR_EXP,L76400,GRANTS_ENTITLE,L92180,DEBT_SERVICE,SDA_DEBT_SERVICE,EXP21,TOTENR2A,PP21
Atlantic,Absecon City,10,17772.200679,95.825518493,2059.9908333,488.51094882,436.3705772,176.75981112,19372638.12,921.20555556,21030
Atlantic,Atlantic City,110,24358.709909,206.66207052,2850.4700169,346.93124132,1266.3459513,70.763112772,191113315.35,6567.4944444,29100
Atlantic,Atlantic Co Vocational,120,16650.110172,382.50389275,1524.8377778,279.85937148,2101.9654696,16.247012623,35663856.52,1701.8833333,20956
Atlantic,Atlantic Co Special Serv,125,60010.413544,1091.733434,429.36863105,1046.0840028,3507.7371003,3096.024942,21385111.91,309.11666667,69181
Atlantic,Brigantine City,570,34570.92824,3754.6054637,3351.0911633,309.78609794,1116.6633381,398.46882496,22992257.27,528.53888889,43502
Atlantic,Buena Regional,590,23863.328814,640.08481821,2912.4754228,533.18742821,1075.2737558,1172.0148659,50237357.11,1663.6888889,30196
Atlantic,Corbin City,960,17332.705882,0,57,0,0,0,1182500,68,17390
Atlantic,Egg Harbor City,1300,18973.563312,573.20492008,3586.3673826,546.65147353,1126.5565684,2805.6200237,14741107.01,533.86666667,27612
Atlantic,Egg Harbor Twp,1310,20800.999518,396.57739881,1326.1882507,379.43790993,1212.8602129,726.72070862,180525748.56,7266.7277778,24843
Atlantic,Estell Manor City,1410,12726.45236,53.868961285,249.80447395,245.25828406,290.24071182,423.60420897,5572687.09,398.35555556,13989
Atlantic,Folsom Boro,1540,19733.955662,97.613046883,959.36062445,430.43334638,476.11823432,608.39938338,10128852.4,454.08888889,22306
Atlantic,Galloway Twp,1690,22051.408826,196.4753635,2387.9355249,603.59838048,61.452980571,128.74866033,83220549.72,3272.5833333,25430
Atlantic,Greater Egg Harbor Reg,1790,25192.454483,234.20737013,887.66924324,285.53228899,1613.0227848,1457.4546738,91313111.31,3077.5888889,29670
Atlantic,Hamilton Twp,1940,18961.885533,39.46935693,1867.0036243,716.84183481,688.42255243,267.16535229,64335667.38,2854.1888889,22541
Atlantic,Hammonton Town,1960,16599.013001,175.10343543,1100.8492576,426.51086684,654.95539049,346.54479404,66192588.23,3429.1388889,19303
Atlantic,Linwood City,2680,20008.794488,213.29501104,506.60779342,0,269.62536653,144.52186626,17184786.57,812.79444444,21143
Atlantic,Longport,2780,26134.982456,0,25,0,0,0,1491119,57,26160
Atlantic,Mainland Regional,2910,24443.836174,162.64683531,646.77423732,350.35935295,2695.004614,0,34754480,1228.1333333,28299
Atlantic,Margate City,3020,31049.265282,883.05375509,888.2701339,159.015719,3436.3768678,1599.1586105,16324334.86,429.41666667,38015
Atlantic,Mullica Twp,3480,18669.856217,261.12620208,2398.4418555,338.49760644,1010.9754713,633.97744715,15286122.49,655.69444444,23313
Atlantic,Northfield City,3720,18640.062185,20.646580424,2291.9983592,215.39046894,716.81644155,156.23956768,20597213.14,934.48888889,22041
Atlantic,Pleasantville City,4180,21839.387272,349.26546942,3102.3931886,244.66693891,593.08350553,225.93458892,95372207.58,3618.7888889,26355
Atlantic,Port Republic City,4240,21117.990716,0,829.76790451,0,0,0,3309722,150.8,21948
Atlantic,Somers Point City,4800,22412.88852,141.64742543,3074.6711601,439.54054388,1214.6732192,293.62455832,22321166.98,809.41111111,27577
Atlantic,Ventnor City,5350,26411.799379,136.04390797,2574.8479215,362.60823206,1651.5522262,672.24960699,25854790.95,812.81111111,31809
Atlantic,Weymouth Twp,5760,23298.076011,12.429480779,3444.4208687,583.57900649,646.54643035,114.74848352,5003013.33,178.04444444,28100
Atlantic,Atlantic Community Charter School,6060,21719.300341,22.15301479,1927.2866894,0,0,0,8321929,351.6,23669
Atlantic,Principle Academy Charter School,6104,15000.714557,119.42987457,1487.2348917,295.83618396,0,0,8894472,526.2,16903
Atlantic,Charter~tech High School,7410,19165.152733,92.052518757,1719.9169346,415.60289389,0,0,7983765,373.2,21393
Bergen,Allendale Boro,40,21186.299856,1091.1472316,344.94251324,24.495714974,496.90977371,366.21056909,20345950.73,865.41666667,23510
Bergen,Alpine Boro,80,31520.899389,3442.5377556,616.00989182,0,0,227.8950324,7479777.88,208.88950276,35807
Bergen,Bergen Co Special Service,285,107104.9783,7168.2500949,1626.0293562,474.68945523,2546.8280606,326.62402347,70627580.72,592.27774475,119247
Bergen,Bergen County Vocational Technical,290,29417.291739,1472.437272,2753.1318824,144.91314706,1981.7388731,213.13474632,93790976.62,2606.5612933,35983
Bergen,Bergenfield Boro,300,20214.152235,287.71398971,727.21178801,2648.1832371,0,118.93664966,88916978.13,3705.4611111,23996
Bergen,Bogota Boro,440,19433.067807,632.07345786,2485.9700204,264.81557055,452.44074714,318.67077382,30054604.3,1274.2,23587
Bergen,Carlstadt Boro,740,24812.506103,1562.957867,735.82601528,411.05601877,2945.0997052,698.90953302,16384672.39,525.71666667,31166
Bergen,Carlstadt-East Rutherford,745,27184.757514,202.29678962,946.33709016,737.69296448,0,1365.5064378,17823667.57,585.6,30437
Bergen,Cliffside Park Boro,890,18392.549216,619.20367943,1020.1120711,411.95246506,0,20.818270751,63850572.93,3120.0444444,20465
Bergen,Closter Boro,930,20840.639336,361.45155769,576.75624786,6.0279014036,252.80725779,186.10166895,25966269.19,1168.4,22224
Bergen,Cresskill Boro,990,20514.116808,82.981216963,602.87383242,5.4988289531,1184.4510891,541.62221008,41285569.6,1800.3833333,22932
Bergen,Demarest Boro,1070,23923.697792,908.92618297,612.12208202,7.2582018927,877.14511041,271.20979022,18738475.23,704.44444444,26600
Bergen,Dumont Boro,1130,20755.275543,203.79646767,562.23562204,215.9204095,693.94605798,395.71834442,57863927.08,2534.9016393,22827
Bergen,East Rutherford Boro,1230,24767.388138,276.01124295,1222.4819388,412.91606585,922.24390458,394.33878889,21248337.95,758.99444444,27995
Bergen,Edgewater Boro,1270,19908.680594,41.249334317,1021.5903506,108.91435352,1612.8476264,149.47661095,27165877.89,1189.2555556,22843
Bergen,Elmwood Park,1345,17432.63932,507.78701533,928.66084549,322.26973792,1037.6243314,416.06847746,52685822.82,2551.9833333,20645
Bergen,Emerson Boro,1360,23930.268198,1125.6179416,628.61172787,334.86829705,872.10900436,27.169995048,28086465.72,1043.3833333,26919
Bergen,Englewood City,1370,26395.607688,261.7938493,2305.8109865,306.62481229,686.618124,507.65008644,80468903.86,2641.4333333,30464
Bergen,Englewood Cliffs Boro,1380,29692.707263,1511.6450894,559.7285018,2.7848966719,702.0718555,113.359487,16414599.25,503.78888889,32582
Bergen,Fair Lawn Public Schools,1450,21239.261999,804.04718627,520.82442761,744.0183635,706.82453459,195.03736765,128234122.01,5296.7388889,24210
Bergen,Fairview Boro,1470,14328.698961,87.515042165,1456.561365,162.20262797,0,9.717994901,34088293.69,2124.5833333,16045
Bergen,Fort Lee Boro,1550,19201.926302,163.77574238,616.70296795,206.58417846,1043.2746734,214.50447411,88415415.83,4122.5519126,21447
Bergen,Franklin Lakes Boro,1580,30605.517037,59.417024491,419.66748592,14.4105693,597.64313789,304.83405472,37181108.14,1161.8555556,32001
Bergen,Garfield City,1700,21580.015585,227.83951406,2937.343274,775.45623212,0,2000.6915652,127838278.49,4645.0590643,27521
Bergen,Glen Rock Boro,1760,21786.167643,621.41506121,721.68599828,5.4609744168,1391.3395375,62.593572409,63396812.66,2578.2944444,24589
Bergen,Hackensack City,1860,23173.48286,750.12891774,1553.5956915,488.84781464,0,71.898459022,139025025.04,5339.3222222,26038
Bergen,Harrington Park Boro,2050,27163.496618,72.223153886,627.48578819,2.989142175,483.71914615,404.16760048,16584034.32,576.75409836,28754
Bergen,Hasbrouck Heights Boro,2080,22051.089618,593.84873275,584.99813569,86.726558292,488.53528964,194.24479762,41837562.56,1743.2722222,23999
Bergen,Haworth Boro,2090,26168.384608,21.029092429,491.84818526,0,0,186.18857883,11066852.11,411.90555556,26867
Bergen,Hillsdale Boro,2180,25041.541526,19.939576111,775.29123802,142.46754776,437.72498937,202.44042461,28880132.24,1084.9277778,26619
Bergen,Ho Ho Kus Boro,2200,19807.860272,102.56057219,395.06430807,1.9380547928,834.3199438,354.5043732,18700541.11,869.94444444,21496
Bergen,Leonia Boro,2620,18750.016375,484.71424311,543.9166495,212.1336959,1337.9147138,224.15292383,43921609.46,2037.8563536,21553
Bergen,Little Ferry Boro,2710,22139.735135,858.63793466,838.28820329,224.39789399,0,7.2334733106,27351876.32,1136.4277778,24068
Bergen,Lodi Borough,2740,20317.81142,469.97467242,1104.6398415,167.46545151,155.72719216,93.894499515,70097229.63,3142.0331492,22310
Bergen,Lyndhurst Twp,2860,19709.144123,305.60830861,889.46081888,234.03560831,255.78501949,98.609126958,53839787.15,2505.0333333,21493
Bergen,Mahwah Twp,2900,27444.290099,509.56047309,598.29070873,225.75674366,557.83161938,325.59368259,82634963.72,2785.95,29661
Bergen,Maywood Boro,3060,18651.2669,285.30796194,510.42146553,84.361542313,648.66049074,422.17835086,24685552.1,1198.2,20602
Bergen,Midland Park Boro,3170,29958.642216,40.508517149,865.22748948,264.10536784,1087.7244039,573.13504437,28260089.83,861.86813187,32789
Bergen,Montvale Boro,3330,21893.805568,527.21050716,598.41200197,1.6748041944,627.78271157,326.45713748,22560929.97,941.00552486,23975
Bergen,Moonachie Boro,3350,21440.366216,122.1733358,1996.3368216,617.38425077,0,25.475118946,11076790.6,457.68579235,24202
Bergen,New Milford Boro,3550,21904.519409,278.7147852,591.25949268,111.34200388,217.21822595,243.07635459,46591612.78,1995.6888889,23346
Bergen,North Arlington Boro,3600,16806.430184,562.19788774,905.99942912,204.5462802,268.47756701,52.863917793,36225772.84,1926.85,18801
Bergen,Northern Highlands Reg,3700,23797.174463,1267.40691,654.36179826,141.50305557,1118.371874,224.30541333,37738472.43,1387.2845304,27203
Bergen,Northern Valley Regional,3710,30880.948156,1048.6691222,956.25786396,42.187585728,1259.2789137,336.57832143,73858738.74,2139.3497268,34524
Bergen,Northvale Boro,3730,22879.556648,414.79257453,428.65543305,4.6588595731,882.25777518,365.03327636,13616290.34,545.1978022,24975
Bergen,Norwood Boro,3740,19681.972942,783.54471375,411.13664856,0,655.74070205,188.51654304,13860837.69,638.13333333,21721
Bergen,Oakland Boro,3760,27359.798032,417.33306998,459.59043365,223.66584159,263.25904883,56.765352014,38047544.48,1321.9944444,28780
Bergen,Old Tappan Boro,3850,22376.230955,418.20885256,411.53694814,0,0,16.903161558,15656176.61,674.17032967,23223
Bergen,Oradell Boro,3870,18723.548621,54.31413148,471.35162316,0,675.78200104,384.47691193,15258055.96,751.27777778,20309
Bergen,Palisades Park,3910,17225.19248,48.914062966,964.30956283,281.71714213,67.868692582,74.628523799,31992440.05,1714.2513812,18663
Bergen,Paramus Boro,3930,25186.7044,902.73833895,995.56773039,100.50265908,412.89016692,410.18471356,101926825.51,3639.1275946,28009
Bergen,Park Ridge Boro,3940,25994.326552,3571.4679109,664.31700528,44.456037972,3788.6654744,87.238593,42330078.69,1239.5166667,34150
Bergen,Pascack Valley Regional,3960,30538.012124,2775.3776661,718.20425955,31.063374886,1034.4234258,643.0272426,69331268.14,1939.8729282,35740
Bergen,Ramapo-Indian Hill Reg,4300,26502.21222,244.3818775,573.86089278,177.65935044,693.63043156,967.97555984,65541331.4,2247.6666667,29160
Bergen,Ramsey Boro,4310,26584.203904,140.19046019,965.0924985,103.19918835,1566.9256572,252.05565116,77512018.28,2617.6174863,29612
Bergen,Ridgefield Boro,4370,26491.270629,614.39681957,888.40336308,267.02421373,576.36879851,67.515520065,46774840.49,1618.2277778,28905
Bergen,Ridgefield Park Twp,4380,20235.889513,1281.3047801,762.18131011,227.28425671,0,4.0100516138,51197642.35,2274.3722222,22511
Bergen,Ridgewood Village,4390,21606.625921,355.04067592,508.89444586,61.365684466,561.97927797,175.10176652,130543118.9,5610.1712707,23269
Bergen,River Dell Regional,4405,23997.38096,110.12206864,564.70445721,25.470414661,885.23062587,380.21995962,41794146.08,1609.75,25963
Bergen,River Edge Boro,4410,17754.036753,178.07228916,681.49527403,0,1151.6165673,111.06523062,24498516.45,1232.55,19876
Bergen,River Vale Twp,4430,25263.028661,756.86285488,358.9342946,0.0235461244,760.79882504,547.13614988,29396328.54,1061.7458564,27687
Bergen,Rochelle Park Twp,4470,22180.814821,759.36659236,553.40917826,291.55200246,706.93673611,202.52426781,16062604.91,650.45,24695
Bergen,Rockleigh,4500,23281.37037,0,0,0,0,0,628597,27,23281
Bergen,Rutherford Boro,4600,21190.042908,278.51304415,770.4603178,26.138451241,1247.5132331,302.81691422,60493458,2540.0892879,23815
Bergen,Saddle Brook Twp,4610,22751.600735,45.719806763,709.10485743,304.53447283,1203.1239418,332.65498471,43069679.93,1699.2197802,25347
Bergen,Saddle River Boro,4620,27537.367667,185.01838007,849.35313898,78.623453364,1145.020698,116.17988508,10068363.66,336.6043956,29912
Bergen,South Hackensack Twp,4870,24423.802849,66.363650366,749.80639199,111.17720447,1651.799769,486.63779746,9915341.55,360.69444444,27490
Bergen,Teaneck Twp,5150,27563.262957,626.97322127,2123.3116451,2769.2528555,336.0204246,232.94729005,127634801.07,3792.8111111,33652
Bergen,Tenafly Boro,5160,23333.689546,644.07402207,485.57841121,21.297191537,791.45984196,149.71820386,91543818.58,3600.4277778,25426
Bergen,Upper Saddle River Boro,5330,25040.277247,789.62057839,586.30766013,0.3907743786,261.90308317,9.5889310468,29776789.69,1115.7333333,26688
Bergen,Waldwick Boro,5410,21509.704361,557.27295975,525.99429329,11.228254945,417.89807331,190.2062897,37904162.33,1632.9340659,23212
Bergen,Wallington Boro,5430,19736.799639,542.05649625,930.63917019,93.748513796,377.88364561,281.15733672,26784104.43,1219.55,21962
Bergen,Westwood Regional,5755,22070.54078,206.65616665,605.56060572,205.58194076,633.10494154,17.829635357,66562065.15,2803.8795522,23739
Bergen,Wood-Ridge Boro,5830,19862.330743,44.820495441,625.62552954,164.98591717,841.09530069,480.12376678,26710370.47,1213.0611111,22019
Bergen,Woodcliff Lake Boro,5880,24856.674864,144.55353505,388.92537372,258.08623743,903.64571908,534.98844276,19100885.48,705.17127072,27087
Bergen,Wyckoff Twp,5920,23582.970128,827.26490357,493.32013735,25.285334389,841.61931892,384.16506622,50651482.47,1936.6166667,26155
Bergen,Bergen Arts And Sciences Charter Sc,6013,13236.74162,117.71879963,1348.0765694,743.91373401,0,0,18478589,1196.3,15446
Bergen,Englewood On The Palisades Charter,6430,17577.775995,175.51347882,734.41591784,180.10269576,0,0,5816889,311.6,18668
Bergen,Teaneck Community Cs,7890,19086.057327,382.7113191,581.52383738,16.490201813,0,0,6860833,341.9,20067
Burlington,Bass River Twp,200,31436.190476,0,0,0,0,0,1980480,63,31436
Burlington,Beverly City,380,20439.179595,52.696775242,2846.4251482,516.03606531,205.8987897,264.93735684,9982240.46,410.36666667,24325
Burlington,Bordentown Regional,475,20027.679422,165.00866843,696.68653943,390.259175,1417.1293973,372.93673438,52561619.84,2278.3833333,23070
Burlington,Burlington City,600,22184.72297,429.89844632,2662.6531262,234.42004456,114.25512832,5790.3331655,54292049.26,1728.15,31416
Burlington,Burlington Co Spec Serv,605,88441.36588,473.42187434,60.940546015,1461.4983755,866.82393561,94.177942107,48134369.3,526.64444444,91398
Burlington,Burlington Co Vocational,610,19961.373961,283.13807438,1066.584014,222.23076722,1267.866304,738.4958362,49870326.67,2118.5635359,23540
Burlington,Burlington Twp,620,20271.217621,286.97861732,1014.7454214,154.75966741,831.48774708,460.27109845,84024482.55,3650.15,23019
Burlington,Chesterfield Twp,830,19106.325017,40.141654437,346.99250792,210.95744188,3205.6294122,0.4271506913,16478994.24,719.27777778,22910
Burlington,Cinnaminson Twp,840,19482.017782,688.00565169,793.47136857,222.30969139,991.38766359,1.2142476039,60781647.74,2740.5777778,22178
Burlington,Delanco Twp,1030,19711.595471,89.662928667,895.70111923,252.26027769,1064.7292031,558.84410478,11551877.68,511.76111111,22573
Burlington,Delran Twp,1060,18795.48251,439.16821775,685.57387458,297.91814452,797.51345897,72.636488593,61999697.68,2940.0055556,21088
Burlington,Eastampton Twp,1250,19030.393213,173.80358643,619.39256023,133.72231833,1598.3857195,1710.0601376,13002987.66,558.88950276,23266
Burlington,Edgewater Park Twp,1280,19645.243053,207.7328119,1705.8395674,179.88484517,934.17591035,57.507216782,24476329.41,1076.8111111,22730
Burlington,Evesham Twp,1420,20422.331574,201.23372786,609.85959087,185.74746309,465.01154941,34.885353606,95208886.96,4343.6555556,21919
Burlington,Florence Twp,1520,19764.716765,98.396642705,1117.6001641,187.19533318,1511.3152701,484.58646243,35141688.43,1517.0944444,23164
Burlington,Hainesport Twp,1910,19841.698877,74.214712132,825.66326014,250.28432662,1083.868461,526.68697561,12409982.41,549.05555556,22602
Burlington,Lenape Regional,2610,24429.99401,354.23416316,803.88952197,111.94045115,1074.9868513,430.89430224,186219213.32,6844.8,27206
Burlington,Lumberton Twp,2850,22237.732923,1345.2909055,966.48669579,501.58647736,948.91382049,469.54384134,29622372.73,1119.1111111,26470
Burlington,Mansfield Twp,2960,25834.888478,109.12453925,392.06052623,251.04681153,2639.3497969,907.01609679,15123829.34,501.89444444,30133
Burlington,Maple Shade Twp,3010,18659.769727,196.44483901,1404.7961211,343.65144945,1441.3336975,313.17457985,54569418.66,2440.5833333,22359
Burlington,Medford Lakes Boro,3070,18150.683879,80.895474897,333.94849883,4.2096411282,1304.8660197,376.89448851,9900507.34,488.87777778,20251
Burlington,Medford Twp,3080,22334.395758,509.38760815,461.53424179,180.79928429,906.60833324,363.62799262,63030362.97,2546.0277778,24756
Burlington,Moorestown Twp,3360,21968.097023,96.638820274,872.80170124,198.03877941,1328.9721598,518.38574299,96082580.54,3845.9285714,24983
Burlington,Mount Holly Twp,3430,20176.798414,1045.2077665,2073.8163538,234.67232394,441.92685514,1104.8068902,27187477.39,1084.15,25077
Burlington,Mount Laurel Twp,3440,20004.895914,135.43907037,557.84092115,188.80662298,789.97168341,210.86826502,89406647.66,4084.7666667,21888
Burlington,New Hanover Twp,3540,29478.286106,59.481208801,1538.9812516,634.33781354,0,1264.745193,6419844.81,194.68333333,32976
Burlington,North Hanover Twp,3650,21783.430946,6202.9370998,2810.860013,601.57068364,0,0,36396092,1159.1555556,31399
Burlington,Northern Burlington Reg,3690,19368.728586,4260.8849095,1060.9008954,168.18260769,1609.18695,410.66059409,58288363.72,2168.5833333,26879
Burlington,Palmyra Boro,3920,19654.800445,625.05814088,1033.9670149,173.2642283,1204.5846749,19.769896458,21788350.36,959.35555556,22711
Burlington,Pemberton Twp,4050,24375.647197,683.5316877,2614.6888352,396.35475296,0,2138.4302932,132210182.74,4376.5666667,30209
Burlington,Rancocas Valley Regional,4320,19302.240773,0,913.59226506,167.39158118,1260.6084188,0,45890337,2120.25,21644
Burlington,Riverside Twp,4450,19574.261618,104.64150214,1758.0691622,278.39733211,545.58009715,585.04870351,31513008.68,1379.3666667,22846
Burlington,Riverton,4460,19117.721281,568.6658454,555.9959963,43.364644287,0,243.490579,7406492.99,360.77777778,20529
Burlington,Shamong Twp,4740,21977.968336,241.98776565,851.43500103,200.81234846,260.14865058,463.86909399,16824283.93,701.12222222,23996
Burlington,Southampton Township School Distric,4930,21929.847038,355.79188306,661.99987372,313.0344599,857.10050672,721.49450662,17483808.95,703.87777778,24839
Burlington,Springfield Twp,5010,19776.695015,50.481121701,903.07881232,446.41752199,1198.0318915,959.77592009,5535344.54,237.2173913,23334
Burlington,Tabernacle Twp,5130,21344.697697,539.33597425,577.03243377,247.92077247,1135.882149,494.03731122,16384140.45,673.16666667,24339
Burlington,Washington Twp,5490,19176.892308,289.84615385,54.969230769,0,0,1905.3509231,1392758.81,65,21427
Burlington,Westampton,5720,16965.016524,44.578896418,645.90679975,393.30673966,522.14841272,281.38700137,18825322.68,998.56666667,18852
Burlington,Willingboro Twp,5805,21024.499484,217.28760448,1753.6223995,376.08037033,496.45288232,1042.4983214,87356488.28,3506.8222222,24910
Burlington,Woodland Twp,5890,27084.781344,0,856.08649278,368.67448851,0,0,3243959,114.58888889,28310
Burlington,Riverbank Charter School Of Excelle,6026,14238.257477,0,420.97529259,95.065019506,0,0,2269211,153.8,14754
Burlington,Benjamin Banneker Prep Cs,6076,17368.427691,792.19450673,390.46804933,17.813901345,0,0,6625385,356.8,18569
Camden,Audubon Public School Disrict,150,19091.24437,127.74870843,814.49788653,184.91919526,643.2580593,446.50705261,30750301.25,1443.1222222,21308
Camden,Barrington Boro,190,19888.597217,173.60858489,427.86240618,226.31156522,556.92214978,379.53370542,17565742.61,811.24444444,21653
Camden,Bellmawr Boro,260,17203.107847,604.47724303,2811.1869993,376.09097108,196.20006819,136.38585715,25022784.98,1173.2666667,21327
Camden,Berlin Boro,330,16197.80994,132.13121272,538.45407555,447.71093439,666.50099404,286.13611133,15315296.44,838.33333333,18269
Camden,Berlin Twp,340,22632.890189,100.14490827,776.27359745,183.84472215,410.32969955,303.80224674,18359160.05,752.2,24407
Camden,Black Horse Pike Regional,390,22487.834905,538.04137794,1001.0314087,310.7886439,0,88.390961346,85416542.82,3496.9392265,24426
Camden,Brooklawn Boro,580,18175.124628,75.974081256,938.60852292,242.94565577,869.22669441,473.53692475,7320910.52,352.38333333,20775
Camden,Camden City,680,21237.314157,5.216603492,9461.2912939,1034.5611639,0,5183.358378,277121669.81,7505.65,36922
Camden,Camden County Vocational,700,20595.034943,1833.7048384,2007.0257215,454.55510125,0,539.1016761,56746555.34,2231.5314408,25429
Camden,Cherry Hill Twp,800,21169.354661,1377.4832946,822.79711188,275.9438484,0,155.68786535,252974248.73,10628.604396,23801
Camden,Clementon Boro,880,18743.058444,66.641653866,1080.9125475,318.77219047,0,343.88367033,13603865.87,661.88333333,20553
Camden,Collingswood Boro,940,18433.9314,167.35722339,1782.8086277,235.37108416,579.06141953,564.11750234,48525292.78,2229.7513812,21763
Camden,Eastern Camden County Reg,1255,20450.760605,769.45365087,655.80270147,294.91704641,0,62.869389043,43615843.29,1961.6906077,22234
Camden,Gibbsboro Boro,1720,19176.465186,325.71498239,745.64914657,224.00433487,789.29829315,671.57468166,6227201.55,283.92307692,21933
Camden,Gloucester City,1770,18929.629239,1407.4185007,3052.6271191,319.50928798,429.47330209,4955.8247946,65756262.5,2260.0939227,29094
Camden,Gloucester Twp,1780,18350.343457,286.86561509,1221.7100928,352.44091585,174.44513002,91.873349599,133305250.6,6509.7833333,20478
Camden,Kipp Cooper Norcross,1799,13672.621807,4876.5127764,2110.6521159,593.71512353,2391.7027349,0,41841109,1769.5388889,23645
Camden,Camden Prep,1801,16213.386325,14.734657049,4305.7518753,0,0,0,20902255,1017.9402174,20534
Camden,Mastery Schools Of Camden,1802,19150.762274,0,1828.4661329,0,0,0,50774861,2420.2444444,20979
Camden,Haddon Heights Boro,1880,18465.219173,199.60736454,707.722221,142.22932635,671.36309484,443.10232135,30958225.94,1500.6961326,20629
Camden,Haddon Twp,1890,19429.494045,92.594335834,872.15472078,245.08707479,1279.4644594,708.45999824,45452529,2008.7513812,22627
Camden,Haddonfield Boro,1900,17359.214734,744.77154819,638.83236437,96.25277703,1378.416201,322.23148448,54701722.26,2663.2166667,20540
Camden,Hi Nella,2130,20332.966942,0,414.28099174,0,0,0,2510417,121,20747
Camden,Laurel Springs Boro,2540,16874.38682,111.70505876,598.9361423,78.662493206,660.0685997,0,5431264,296.40555556,18324
Camden,Lawnside Boro,2560,21825.472677,1267.1286666,1258.7045154,624.14114169,677.57579687,712.54265373,11295301.19,428.41111111,26366
Camden,Lindenwold Boro,2670,16789.016439,502.57694864,2390.6232525,281.23057573,451.23823905,188.67512959,60791474.5,2950.5611111,20603
Camden,Magnolia Boro,2890,20534.508934,967.34697406,1146.470317,337.57262248,668.90489914,692.71736888,9387322.03,385.55555556,24348
Camden,Merchantville Boro,3110,17329.871064,363.25100228,1062.9544493,139.827548,292.37262526,69.645607108,10621172.1,551.52222222,19258
Camden,Mount Ephraim Boro,3420,18538.905415,183.02381327,1764.8937048,314.29444357,1051.1906633,394.12532419,12580605.25,565.51111111,22246
Camden,Oaklyn Boro,3770,17054.823587,3.4376112832,2091.6927128,460.11059793,418.68738197,21.428545252,10265360.06,511.98342541,20050
Camden,Pennsauken Twp,4060,19852.243883,1141.059623,1899.759054,496.09085566,507.96933158,100.48808866,113651751.68,4735.9611111,23998
Camden,Pine Hill Boro,4110,21662.619104,1317.3718687,955.83420344,408.17945748,0,94.385715016,45120735.87,1846.3055556,24438
Camden,Runnemede Boro,4590,17668.231915,1032.4274934,2135.9986532,517.2797074,0,257.53139718,18185931.24,841.49444444,21611
Camden,Somerdale Boro,4790,19637.867617,1541.7311005,1681.1883802,434.42897072,484.62831615,81.94993956,11036936.79,462.5359116,23862
Camden,Sterling High School Dist,5035,19603.154216,1052.2975139,854.87039202,419.10991673,280.73414396,380.35343151,20828710.09,922.01111111,22591
Camden,Stratford Boro,5080,17576.687062,408.30438432,803.76604156,245.00592649,490.62654169,399.48963281,17276106.68,867.10555556,19924
Camden,Voorhees Twp,5400,19887.670405,798.45024838,595.87200813,248.01753726,336.61937378,92.704501355,64833713.89,2952.4444444,21959
Camden,Waterford Twp,5560,18773.464482,25.724436397,1691.0130557,234.08963332,0,197.43555129,32094510.62,1534.0277778,20922
Camden,Winslow Twp,5820,22631.080665,1360.6599335,1031.8675627,283.72172713,17.532855578,63.871074523,118958630.21,4685.4888889,25389
Camden,Woodlynne Boro,5900,16073.723975,1419.0287381,1911.2945653,433.5445556,0,633.64156012,11777328.03,575.31111111,20471
Camden,Hope Community Cs,6086,16481.852662,0,4117.1407732,191.62654996,0,0,2850394,137.1,20791
Camden,Camden’s Promise Charter School,6107,16146.006282,20.120481928,2345.7920398,395.47137968,144.31062772,0,40639183,2133.1,19052
Camden,Environment Community Cs,6232,20515.549558,0,2722.5515211,676.46221786,0,0,4873788,203.8,23915
Camden,Freedom Prep Charter School,6240,14862.20081,0,2299.0794157,750.95618019,0,0,14593099,814.7,17912
Camden,Leap Academy University Cs,7109,14295.069994,789.74270901,1952.8813999,786.4646792,0,0,27502677,1543,17824
Cape May,Avalon Boro,170,38663.340961,1558.0287676,751.97123243,720.97090552,0,1385.5131742,4392706.16,101.96666667,43080
Cape May,Cape May City,710,26541.825515,989.97983269,1933.2454437,565.53181954,0,139.71316851,4487999.11,148.75555556,30170
Cape May,Cape May Co Special Serv,715,60371.283147,6930.9397766,219.33074308,708.12821758,0,597.63947062,15746161.63,228.77777778,68827
Cape May,Cape May County Vocational School D,720,28132.536964,2146.3938846,1643.4456451,323.95116054,0,316.71886972,19711152.13,605.32272727,32563
Cape May,Cape May Point,730,33003.5,0,0,0,0,0,66007,2,33004
Cape May,Dennis Twp,1080,21396.603279,331.8087706,2589.4690541,220.10885502,582.66872529,658.96346914,19340731.86,750.23333333,25780
Cape May,Lower Cape May Regional,2820,25152.77777,1767.150659,1183.6690657,501.18438798,915.73887383,293.85676784,37213809.12,1248.1833333,29814
Cape May,Lower Twp,2840,19374.407375,395.47678959,3099.3383948,547.98546638,206.60303688,25.740091106,36341476.94,1536.6666667,23650
Cape May,Middle Twp,3130,19691.862371,84.455548837,2219.5474812,326.20422484,638.96086809,345.62676838,58457369.3,2508.1833333,23307
Cape May,North Wildwood City,3680,41583.592375,171.75194163,3187.063309,541.86396799,1574.41751,94.517241704,11130776.32,236.05555556,47153
Cape May,Ocean City,3780,22019.600453,175.89497126,955.72754512,320.26685233,1183.9238401,762.41629452,52123214.21,2050.6555556,25418
Cape May,Sea Isle City,4700,23664.615385,40.568047337,64.863905325,0,0,411.80153846,2043366.23,84.5,24182
Cape May,Stone Harbor Boro,5060,30617.669769,3534.9970752,279.17468758,0,0,491.67787291,3648537.68,104.47222222,34924
Cape May,Upper Twp,5340,19124.793686,724.30046664,476.6251716,150.49587138,0,76.207542561,39174402.08,1906.0722222,20552
Cape May,West Cape May Boro,5610,26170.655391,568.3255814,563.30232558,363.67864693,0,353.40317125,2208859.95,78.833333333,28019
Cape May,West Wildwood,5700,25635.46875,0,0,0,0,0,820335,32,25635
Cape May,Wildwood City,5790,22708.638182,634.40621393,3405.1578501,1080.5423901,0,82.94112562,24717262.72,885.55248619,27912
Cape May,Wildwood Crest Boro,5800,32251.669423,48.675567108,3094.5935728,265.51275992,0,279.48179348,10139853.13,282.13333333,35940
Cape May,Woodbine Boro,5840,22478.34929,64.916474084,4359.6566524,607.64608782,1218.5962364,709.2395378,7430743.88,252.41666667,29438
Cumberland,Bridgeton City,540,16504.16445,183.74459868,3103.0461735,950.34152009,0,1550.0751758,140060776.51,6283.1833333,22291
Cumberland,Commercial Twp,950,18852.226838,328.77891063,2083.816779,488.55161173,399.63185728,142.36700357,13983038.63,627.17222222,22295
Cumberland,Cumberland Co Vocational,995,17379.704261,1204.0610026,1025.2048019,357.52176825,5776.7039209,157.72199495,25135545.63,970.45,25901
Cumberland,Cumberland Regional,997,20668.299359,5658.5931668,1575.1421189,272.77060006,955.67614126,2662.2644081,33220240.08,1044.9,31793
Cumberland,Deerfield Twp,1020,22293.009803,268.45334624,1868.8260922,543.97555367,473.23248215,724.53263948,7208649.44,275.43333333,26172
Cumberland,Downe Twp,1120,21077.200026,47.877252613,4172.6511896,492.42288206,0,131.18234464,4491015.07,173.25555556,25921
Cumberland,Fairfield Twp,1460,16882.673667,318.42891761,4285.3493538,487.51211632,1048.2128433,2500.6401454,12638899,495.2,25523
Cumberland,Greenwich Twp,1820,16521.840806,1.6116926723,3012.0284416,514.60398973,0,10.06644282,1692742.44,84.383333333,20060
Cumberland,Hopewell Twp,2270,17228.95091,371.53942711,1514.1971525,469.41184453,656.49549356,228.43721856,10055866.86,491.27222222,20469
Cumberland,Lawrence Twp,2570,18392.713279,95.175628885,2415.8735555,496.98239539,716.23419966,616.0161904,12109613.98,532.68888889,22733
Cumberland,Maurice River Twp,3050,17096.384717,87.662866625,2140.9383014,450.54500787,304.03292891,0,10352800,515.58888889,20080
Cumberland,Millville City,3230,19413.111172,38.93287997,3432.4429569,642.96401022,0,2967.8978969,132641162.94,5006.2055556,26495
Cumberland,Stow Creek Twp,5070,18157.590678,5.8270544945,2642.3366042,719.91326441,0,72.80411775,2739166.18,126.82222222,21598
Cumberland,Upper Deerfield Twp,5300,19261.467385,303.09754431,3117.256943,505.92942406,506.63237008,819.86185041,20331298.09,829.36666667,24514
Cumberland,Vineland City,5390,17336.302821,56.825958523,3202.9291265,344.52143142,0,1826.1562403,233613015.25,10261.155556,22767
Cumberland,Vineland Public Charter School,6028,10809.601429,12.685541506,2311.9791094,0,0,0,4778246,363.8,13134
Cumberland,Millville Public Charter School,6069,12093.969307,0,2534.9357113,2269.576939,0,0,4074224,241.1,16898
Cumberland,Compass Academy Cs,6089,13634.144427,0,1448.8801675,594.39037153,0,0,2995954,191.1,15677
Cumberland,Bridgeton Public Charter School,6100,15171.80417,0,2597.2076156,0,0,0,1959922,110.3,17769
Essex,Belleville Town,250,18284.92996,628.61112934,2244.7671456,501.24569972,649.99360688,31.210286557,102325114.32,4580.198895,22341
Essex,Bloomfield Twp,410,19367.506947,560.200909,851.51902808,130.57690154,385.4304385,260.71197527,131865497.18,6117.3606557,21556
Essex,Caldwell-West Caldwell,660,20256.930388,117.89339651,522.65465379,110.73090939,1028.2603802,54.190504896,58828343.56,2663.0414365,22091
Essex,Cedar Grove Twp,760,21989.111018,37.162211354,668.52878075,5.6477032006,1434.4392813,480.70076552,39470696.84,1603.4836957,24616
Essex,East Orange,1210,22828.394936,213.6848336,3172.9371229,347.66441894,609.18644812,3233.0577217,283991914.99,9340.3259669,30405
Essex,Essex Co Voc-Tech,1390,18585.011451,101.3849822,1927.6510601,151.1069294,5321.0108369,0,67772581.96,2598.0277778,26086
Essex,Essex Fells Boro,1400,25794.96672,55.434170613,453.01878969,0,0,20.067389739,6701228.6,254.57222222,26323
Essex,Fairfield Twp,1465,20735.984515,62.121204743,439.45752477,0,125.19782815,206.08525237,14764234.79,684.51666667,21569
Essex,Glen Ridge Boro,1750,20976.923537,469.99215326,616.40390164,30.072431401,1106.9156898,145.34274781,42975192.16,1840.8222222,23346
Essex,Irvington Township,2330,18196.254198,66.250473181,3657.8370446,238.87255397,819.40920332,2136.6511362,185033995.1,7367.3888889,25115
Essex,Livingston Twp,2730,21749.312122,399.33189448,453.26859421,44.794607328,1344.5342431,393.60492153,148196058.99,6077.3833333,24385
Essex,Millburn Twp,3190,22663.801102,341.25652091,543.6054575,14.440627134,1211.7697458,188.32308808,118194910.88,4734.7666667,24963
Essex,Montclair Town,3310,23991.019512,77.986919301,630.74853633,89.900948951,1081.0503832,187.57497355,164927469.17,6329.1767956,26058
Essex,Newark City,3570,20761.514499,163.70242372,4448.5255136,408.81378643,169.13632838,2053.8141575,1118199359.9,39927.838889,28006
Essex,North Caldwell Boro,3630,22049.271217,147.47674225,492.18016132,0,834.95919484,201.36079374,16619140.88,700.48333333,23725
Essex,Nutley Town,3750,19990.215308,326.4574593,578.17548831,189.66630097,858.93781941,234.46187325,89397200.97,4030.9111111,22178
Essex,City Of Orange Twp,3880,19593.345558,345.51412452,2346.0030229,0,66.290411888,3070.3736539,141560477.98,5568.5277778,25422
Essex,Roseland Boro,4530,21992.103131,503.18849693,588.27224244,287.98781004,1819.025045,579.57333446,11838663.77,459.39444444,25770
Essex,South Orange-Maplewood,4900,20615.142546,42.738993286,1027.0464649,146.8128835,901.85778065,150.05536535,161855067.93,7072.9555556,22884
Essex,Verona Boro,5370,19339.303975,241.42469257,649.88409612,43.009288857,1861.7333684,116.44439246,49308134.07,2215.9166667,22252
Essex,West Essex Regional,5630,25927.911352,93.306545032,539.88148267,32.021922243,1236.0209997,625.88137112,47201224.71,1658.801105,28455
Essex,West Orange Town,5680,28403.292602,219.36944185,772.32147023,277.94104932,939.02190322,181.31224011,199447252.35,6476.9777778,30793
Essex,Pride Academy Charter School,6020,17817.429143,426.06535512,900.88029343,37.852617539,0,0,5752750,299.9,19182
Essex,Burch Charter School Of Excellence,6022,13673.464286,0,1408.5952381,403.4702381,0,0,5203138,336,15486
Essex,Newark Educators Community Charter,6029,19774.170096,0,4663.9780521,244.79195245,0,0,5398159,218.7,24683
Essex,Great Oaks Legacy Charter School,6053,17237.726152,14.370719413,4945.0605446,164.59152923,0,0,40812428,1825.1,22362
Essex,Peoples Preparatory Charter School,6057,20703.000264,0,2402.1038756,147.97521751,0,0,8819893,379.3,23253
Essex,Roseville Community Cs,6058,23393.567356,53.456878118,2308.2038489,168.89522452,0,0,7274309,280.6,25924
Essex,Phillip's Academy Charter School,6094,14303.108165,0,3374.0277778,154.73484848,0,0,8473705,475.2,17832
Essex,Link Community Charter School,6099,19674.87725,31.662847791,1054.5171849,475.8690671,0,0,6487881,305.5,21237
Essex,Lead Charter School,6109,21848.955353,0,891.52145644,40.043346337,0,0,5255466,230.7,22781
Essex,Achieve Community Charter School,6110,11409.142937,0,2666.7169179,100.82356226,0,0,5078088,358.2,14177
Essex,Discovery Cs,6320,18252.535354,0,1798.6464646,609.22222222,0,0,2045380,99,20660
Essex,East Orange Community Cs,6410,16394.782516,96.679397411,1454.3369404,125.37237428,0,0,8516943,471.3,18071
Essex,Gray Cs,6665,15908.331495,0,1681.6078323,191.7953668,0,0,6447657,362.6,17782
Essex,Marion P. Thomas Cs,7210,19409.147868,48.527685454,2168.6174952,461.82165335,0,0,31234803,1414.1,22088
Essex,New Horizons Comm. Cs,7290,17603.693473,1762.4793941,1742.2944977,411.63065271,0,0,9660372,448.9,21520
Essex,North Star Academy Charter School,7320,15141.541493,128.25784909,1975.6954994,75.278516268,0,0,109453431,6319.2,17321
Essex,Team Academy Charter School,7325,18048.208434,361.30189832,1963.7320958,251.06680417,0,0,107993008,5236.2,20624
Essex,Robert Treat Academy Cs,7730,15294.421789,30.351004952,2052.2312846,300.92339062,0,0,12137665,686.6,17678
Essex,Maria L. Varisco-Rogers Cs,7735,17622.292115,0,1504.4498208,347.5125448,0,0,10866634,558,19474
Essex,University Heights Cs,8065,14319.486938,1329.8774576,5042.3727444,614.05332615,1175.3191489,0,16694472,742.6,22481
Gloucester,Clayton Boro,860,16651.813311,213.5839981,2100.1410851,342.19501453,880.62883207,676.33758325,30267608.63,1450.6611111,20865
Gloucester,Clearview Regional,870,17387.170424,500.281635,871.38360534,209.5957677,1318.171054,612.72936187,46264038.16,2213.6611111,20899
Gloucester,Deptford Twp,1100,19231.617677,621.14381132,837.53800954,207.13127301,339.11563384,288.38760045,85150008.1,3955.8777778,21525
Gloucester,East Greenwich Twp,1180,15835.228579,83.905744017,493.51685062,372.66695963,1209.1025373,657.73088065,24287484.65,1302.1277778,18652
Gloucester,Elk Twp,1330,19896.444644,133.85864786,1171.5316309,769.45600635,467.34451782,60.543524665,7249360.46,322.20555556,22499
Gloucester,Franklin Twp,1590,18361.414658,850.72527976,675.13501127,424.43264714,149.83768094,107.55154871,26928033.11,1309.15,20569
Gloucester,Gateway Regional,1715,24513.725929,801.77822371,938.63484158,552.82823399,637.64406513,570.7926139,25750202.86,919.14444444,28015
Gloucester,Glassboro,1730,23050.00046,260.33182032,1916.9837865,273.2385626,901.32857024,419.78342372,48553027.95,1810.2166667,26822
Gloucester,Gloucester Co Spec Serv,1774,59509.907435,233.00376142,4257.0393276,721.16979104,2948.1928138,618.63859155,37419141.9,547.96111111,68288
Gloucester,Gloucester Co Vocational,1775,15203.854113,201.79837055,1339.1199887,197.83924761,2868.4069631,406.88570162,32687746.2,1616.7722222,20218
Gloucester,Greenwich Twp,1830,27576.922684,4.5958845732,1253.7318885,399.16473883,0,28.640995982,13352082.25,456.27777778,29263
Gloucester,Harrison Twp,2070,17022.467227,346.9140812,564.03939092,184.33503463,788.05989115,185.7080421,25041184.89,1311.6388889,19092
Gloucester,Kingsway Regional,2440,15735.395884,361.97955812,808.23817577,242.64231867,1195.562143,515.49888072,53509769.24,2837.3121547,18859
Gloucester,Logan Twp,2750,17909.299746,117.55124429,1770.628644,333.96262062,631.71406805,47.482445912,22764526.52,1093.8888889,20811
Gloucester,Mantua Twp,2990,19149.611163,0,1881.2724933,315.48260369,0,0,26262553,1230.3055556,21346
Gloucester,Monroe Twp,3280,18495.547118,732.81502527,828.23150385,254.52678722,832.77678943,254.87756211,120884888.58,5649.15,21399
Gloucester,National Park Boro,3490,16102.443287,66.862712149,2687.7029071,0,969.59838683,0,5899407,297.55,19827
Gloucester,Newfield Boro,3580,17511.845261,2.2088974855,232.21663443,0,0,22.378452611,4593195.83,258.5,17769
Gloucester,Paulsboro Boro,4020,19559.101381,479.32745622,2627.9482073,363.54186507,171.24766174,237.63720917,28098890.07,1198.8192884,23439
Gloucester,Pitman Boro,4140,23988.948955,341.74091604,811.74455691,631.60999053,657.05963737,12.054508119,30261991.38,1144.4166667,26443
Gloucester,South Harrison Twp,4880,17288.598176,66.38319864,403.15205855,0,2765.4434463,233.36638688,6612634.6,318.57458564,20757
Gloucester,Delsea Regional H.S Dist.,4940,22805.139523,24.690603936,1297.0073,236.03394011,398.99789602,602.71699459,40787804.76,1608.0611111,25365
Gloucester,Swedesboro-Woolwich,5120,19103.169758,382.56456988,542.86720045,202.60425432,2259.8797709,550.50848475,34837226.07,1511.9277778,23042
Gloucester,Washington Twp,5500,22860.832693,124.79059451,716.53281338,350.88140213,179.15628941,226.89077282,168721211.24,6898.1,24459
Gloucester,Wenonah Boro,5590,22369.951557,157.09144834,400.28274839,0,1154.918438,604.23072664,4161728.23,168.58333333,24686
Gloucester,West Deptford Twp,5620,18626.359466,137.12365923,1350.6763115,320.16714657,321.21808584,125.94630848,61118151.95,2926.9055556,20881
Gloucester,Westville Boro,5740,18527.895331,1071.4010706,1679.6265962,0,0,337.18448343,7448430.28,344.57777778,21616
Gloucester,Woodbury City,5860,17328.015097,1096.6845823,2375.8729201,364.67485699,578.26863931,671.39234591,36723216.19,1638.3388889,22415
Gloucester,Woodbury Heights Boro,5870,18904.087178,949.15978767,1256.8977855,0,134.8095316,114.34114538,5074375.28,237.57222222,21359
Hudson,Bayonne City,220,16518.262797,229.04484414,2441.2902802,195.89037898,1075.152638,269.71968052,203278559.36,9806.3111111,20729
Hudson,East Newark Boro,1200,14757.330877,0,1417.3196582,251.11358596,0,0,5534941,336.96703297,16426
Hudson,Guttenberg Town,1850,15730.969459,0,1619.6207319,188.35096475,0,262.87236718,22670708.42,1273.5055556,17802
Hudson,Harrison Town,2060,19838.378729,3.6320835784,3714.4863103,495.17260076,722.59623694,4632.3360612,67118700.74,2282.4364641,29407
Hudson,Hoboken City,2210,29486.046942,447.17702991,6326.0787442,260.03929715,30.63505584,1493.870888,118431766.82,3113.0333333,38044
Hudson,Hudson County Vocational,2295,22785.931053,396.82166818,2379.6193404,217.31495484,4755.110413,112.81275953,81513789.35,2659.7111111,30648
Hudson,Jersey City,2390,20871.020188,91.778638577,4341.7514444,341.06000558,107.07190546,1472.3545332,729661385.25,26801.116667,27225
Hudson,Kearny Town,2410,19488.802281,211.05404996,1416.4636282,179.75056429,243.09106558,593.22365034,116465601.61,5262.2254831,22132
Hudson,North Bergen Twp,3610,17747.155767,228.45659799,2077.9783939,350.81729703,352.35913515,194.31274123,153317675.05,7317.8888889,20951
Hudson,Secaucus Town,4730,19108.295892,508.1072073,711.08590187,340.11539919,971.00965508,262.48869776,48479672.69,2213.5722222,21901
Hudson,Union City,5240,19018.250757,239.05307928,4116.0569681,706.79767817,0,2202.9931379,343902335.43,13084.516667,26283
Hudson,Weehawken Twp,5580,22273.871184,1144.6802705,1556.739362,145.79640473,1737.7832999,240.01328275,35199492.92,1298.9277778,27099
Hudson,West New York Schools,5670,16509.405976,154.26691252,3048.8757703,828.92276075,0,2602.7603864,197832907.53,8547.8277778,23144
Hudson,The Ethical Community Charter Schoo,6030,14354.207221,0,1448.0298273,250.40816327,0,0,6135321,382.2,16053
Hudson,Hola Hoboken Dual Lang Cs,6036,12999.82669,0,1342.6640257,141.90641248,0,0,5850248,403.9,14484
Hudson,Dr Lena Edwards Academic Charter Sc,6064,15600.380267,0,1671.397739,401.64953751,0,0,6878498,389.2,17673
Hudson,Beloved Community Charter School,6082,14745.361272,272.96699118,1328.7648312,323.79981746,0,0,21918890,1314.8,16671
Hudson,Jersey City Global Cs,6093,11165.371967,2031.6402647,1177.4413475,47.244836575,0,0,7192101,498.7,14422
Hudson,Empowerment Academy Charter School,6103,13135.875075,101.58918919,1220.4144144,181.57717718,0,0,12187347,832.5,14639
Hudson,Hudson Arts And Science  Charter Sc,6105,12636.512847,526.63738857,1970.097011,632.94965915,0,0,12026455,762.8,15766
Hudson,Elysian Cs Of Hoboken,6420,16848.228113,0,1269.2884548,122.18346704,0,0,5229322,286.7,18240
Hudson,Hoboken Cs,6720,18829.83871,0,1324.8454301,114.70430108,0,0,6032170,297.6,20269
Hudson,Jersey City Comm. Cs,6910,13134.890399,23.789294817,1789.220051,262.44180119,1171.13339,0,8951286,588.5,15210
Hudson,Jersey City Golden Door Charter Sch,6915,12322.476157,0,2217.7544651,192.06519854,0,0,8496115,576.7,14732
Hudson,Learning Community Cs,7115,12529.060335,614.02737874,2411.5345614,54.057799561,0,0,9235656,591.7,15609
Hudson,Soaring Heights Cs,7830,12473.476821,0,1834.7203826,0,0,0,3888968,271.8,14308
Hudson,University Academy Cs,8060,18236.289222,119.4315598,1545.6662119,215.53888131,0,0,8847424,439.8,20117
Hunterdon,Alexandria Twp,20,24561.812224,4537.683219,563.98407404,62.066851452,0,296.4585878,14201075.5,473.02222222,30022
Hunterdon,Bethlehem Twp,370,28495.290403,62.596407105,475.10603093,0,1099.775444,828.32591342,10187576.04,329.04444444,30961
Hunterdon,Bloomsbury Boro,430,24944.338871,4.4322394618,795.20801867,313.56034601,0,44.957654813,3168408.11,121.38333333,26102
Hunterdon,Califon Boro,670,29830.70969,3.9466109826,690.79265196,15.974377787,1833.0441899,31.445823692,3103785.83,95.778378378,32406
Hunterdon,Clinton-Glen Gardner,910,23309.354647,400.83398186,436.10840016,144.60489023,1054.2304194,356.45329105,10801765.85,420.27624309,25702
Hunterdon,Clinton Twp,920,25927.607691,243.12922925,526.21719756,334.91417726,1739.6278264,563.20840898,35547794.95,1211.8,29335
Hunterdon,Delaware Twp,1040,27679.622453,1173.6089304,581.94037301,247.26414666,1647.7987022,623.480864,11736067.13,367.28333333,31954
Hunterdon,Delaware Valley Regional,1050,28680.703799,1152.5947017,623.58387028,302.29949595,0,625.25545487,21259228.3,677.38121547,31384
Hunterdon,East Amwell Twp,1160,27825.559162,233.62053703,618.66922396,339.50722927,652.84744762,93.822720567,10087028.52,338.9,29764
Hunterdon,South Hunterdon Regional School Dis,1376,27789.011713,1620.3187506,982.94487656,273.88421926,1911.2572325,0,29434601,903.52777778,32577
Hunterdon,Flemington-Raritan Reg,1510,23934.335371,131.61129014,665.9223247,275.59095455,1927.6881876,203.28215024,81406244.69,2999.6666667,27138
Hunterdon,Franklin Twp,1600,26094.964267,3039.5746906,578.20725118,167.29301028,2529.8283075,931.62608942,8501339.95,254.97777778,33341
Hunterdon,Frenchtown Boro,1680,28689.729149,146.04782141,1046.6100046,4.8753264042,1022.0121858,1476.3125186,3514016.11,108.50555556,32386
Hunterdon,Hampton Boro,1970,28102.254155,31.435129924,3381.532458,408.45836011,2016.3437701,0,4107120,121.01111111,33940
Hunterdon,High Bridge Boro,2140,25002.694263,0,2335.3000251,197.94972383,1501.2239518,41.539332789,10295154.77,354.04444444,29079
Hunterdon,Holland Twp,2220,24750.490664,560.06904915,534.06876509,147.71449486,0,386.957443,13413727.71,508.49444444,26379
Hunterdon,Hunterdon Central Reg,2300,26053.828662,1436.3166068,532.7098703,208.44350762,835.69470673,471.27709333,76295711.55,2582.9444444,29538
Hunterdon,Hunterdon Co Vocational,2308,17135.54834,451.98463383,972.85328461,0,0,884.19844446,9106354.86,468.32344322,19445
Hunterdon,Kingwood Twp,2450,22287.633585,771.99613452,681.18420629,225.99346089,716.05020294,402.91784161,8605113.95,343.02762431,25086
Hunterdon,Lebanon Boro,2590,27099.517082,223.28538402,388.11970203,2.0035961983,0,75.146956075,3605965.57,129.76666667,27788
Hunterdon,Lebanon Twp,2600,26038.028814,53.294735425,398.33080075,227.60276212,0,23.359785724,15446865.91,577.65555556,26741
Hunterdon,Milford Boro,3180,26570.966857,22.541686681,657.66142867,6.7316269814,541.50689632,516.82047622,2292513.36,80.961111111,28316
Hunterdon,N Hunt/Voorhees Regional,3660,28329.329575,294.06633564,695.52882967,146.58889223,348.39384354,310.0049499,65567012.62,2176.5769231,30124
Hunterdon,Readington Twp,4350,25480.521109,1526.3842164,462.10792507,129.54532109,1443.8035662,565.52834824,42019353.69,1419.1944444,29608
Hunterdon,Tewksbury Twp,5180,31126.435033,2037.473273,634.59292763,84.183799342,1505.3947368,1082.2518092,17739169.28,486.4,36470
Hunterdon,Union Twp,5270,25584.58833,1748.1476683,445.01720685,248.6496778,2333.4256345,765.69347243,12622344.97,405.53038674,31126
Mercer,East Windsor Regional,1245,21045.487211,1278.7677115,759.14188355,117.28904014,605.99634385,466.00309079,122597827.3,5050.8555556,24273
Mercer,Ewing Twp,1430,23312.921172,329.9322059,927.44455109,303.52992586,1212.6009416,35.683071043,89248777.74,3416.5988643,26122
Mercer,Hamilton Twp,1950,19530.404662,133.54690806,902.78252756,227.54923916,690.56015847,100.72823418,248574887.08,11515.788889,21586
Mercer,Hopewell Valley Regional,2280,26827.515139,436.49906836,511.97129382,185.17322697,1660.0567719,351.60157214,102950632.08,3434.8,29973
Mercer,Lawrence Twp,2580,23075.707465,338.40677433,985.68663594,184.87974778,1315.049476,256.37126356,96483860.81,3688.7707182,26156
Mercer,Mercer County Special Services Scho,3103,89897.783661,1372.9399962,1073.5407029,639.22138868,799.99595925,2054.4355274,46474137.26,484.92432432,95838
Mercer,Mercer County Vocational,3105,20779.360283,579.20095939,1186.8318242,0,6.6939955122,208.25647623,14234268.55,625.39779006,22760
Mercer,Princeton Public Schools,4255,26986.149473,373.47949487,1230.286964,217.50202087,1957.2358045,610.93023586,116443159.02,3711.2666667,31376
Mercer,Trenton Public School District,5210,16863.40541,525.91026339,2977.2480496,327.29117478,63.064608676,2504.4025761,359713601.6,15464.022222,23261
Mercer,Robbinsville Twp,5510,17144.043626,340.3307367,442.51919899,57.701351445,1765.8737785,239.0609472,62427190.01,3122.9944444,19990
Mercer,W Windsor-Plainsboro Reg,5715,19932.590916,1996.4654069,531.40300066,173.07288996,1295.0587238,96.839003395,225451164.22,9383.8555556,24025
Mercer,Foundation Academy Cs,6017,15195.500466,981.97017707,2511.3122088,243.12674744,0,0,20313939,1073,18932
Mercer,Paul Robeson Humanities  Charter Sc,6025,14706.295349,361.24883721,1568.7790698,307.95581395,0,0,7286040,430,16944
Mercer,Trenton Stem-To-Civics Cs,6183,15357.831992,0,1693.5697518,0,0,0,10169456,596.4,17051
Mercer,International Charter School,6810,16281.454139,0,1737.6957494,432.94183445,0,0,1649617,89.4,18452
Mercer,Pace Cs Of Hamilton,7500,14547.619048,0,1434.5608997,221.49318019,0,0,6771515,417.9,16204
Mercer,Princeton Cs,7540,18321.25687,1568.5352449,524.37275986,35.617682198,0,0,8558234,418.5,20450
Mercer,Achievers Early College Prep Charte,7895,9715.439665,186.88998858,1258.1271412,218.18424058,0,0,2989169,262.7,11379
Mercer,Village Cs,8140,15230.444939,350.13348165,1131.1540601,333.29810901,0,0,6129393,359.6,17045
Middlesex,Carteret Boro,750,18030.347949,129.25255237,1602.5938149,317.747452,389.42896532,22.777808479,78201568.04,3816.1722222,20492
Middlesex,Cranbury Twp,970,27612.73835,88.488774291,385.7813974,170.06383246,656.84548142,569.18933872,20836039.43,706.71111111,29483
Middlesex,Dunellen Boro,1140,15908.76656,1894.9676545,927.776845,700.923722,905.50542983,353.85090437,25606206.46,1237.5055556,20692
Middlesex,East Brunswick Twp,1170,21179.36235,1299.9555563,584.90546328,357.17083296,814.09131356,516.89852493,201673211.78,8147.6277778,24752
Middlesex,Edison Twp,1290,17754.729638,379.85166701,591.55945008,176.96348535,33.196057838,72.461657425,313510032.48,16492.922222,19009
Middlesex,Highland Park Boro,2150,23766.241109,76.75433366,1206.6199583,161.91809702,1175.7025427,512.18685421,42104770.01,1565.2666667,26899
Middlesex,Jamesburg Boro,2370,17162.724461,372.13061303,2026.4402676,382.21680132,488.07269066,56.984018604,18991082.12,926.91111111,20489
Middlesex,Metuchen Boro,3120,19763.23062,412.17988347,642.30086506,213.7312476,1082.9173565,453.1973443,52182987.72,2312.301105,22568
Middlesex,Middlesex Boro,3140,20328.607886,285.1356799,712.16904599,272.18587063,237.37735503,156.60590695,44006888.64,2001.0333333,21992
Middlesex,Middlesex Co Vocational,3150,22146.167653,247.35994192,1929.152778,263.93568218,1457.5811928,566.7494061,57427309.91,2158.0333333,26611
Middlesex,Milltown Boro,3220,17838.015294,1.2480332305,568.39039587,153.39857763,828.73371515,12.16989112,20551845.16,1059.2666667,19402
Middlesex,Monroe Twp,3290,19536.263001,155.81349614,349.43383437,110.76530929,1464.7230748,200.67167931,152357883.16,6983.2333333,21818
Middlesex,New Brunswick City,3530,19613.276623,2.4473465114,3452.7959803,721.44250054,280.23846736,3090.8501426,268597746.46,9889.0777778,27161
Middlesex,North Brunswick Twp,3620,19170.983849,650.65023169,1512.4539973,302.67873468,1601.9028198,281.11781864,137638188.16,5852.0166667,23520
Middlesex,Old Bridge Twp,3845,20956.570666,243.81551702,708.44476351,152.11157476,330.86057356,203.726003,181758063.61,8043.9835165,22596
Middlesex,Perth Amboy City,4090,20864.108353,588.54374395,3221.158674,442.25840713,0,1586.4472547,283302487.24,10609.58011,26703
Middlesex,Piscataway Twp,4130,17881.139364,1324.6270933,1225.0196767,613.94597063,518.36483303,275.71873032,153040111.21,7007.7111111,21839
Middlesex,Sayreville Boro,4660,16850.139959,513.88714514,1778.0188367,266.26763156,572.22822162,313.87128512,128292135.85,6321.5494505,20294
Middlesex,South Amboy City,4830,17290.549305,36.735445028,1788.5895187,340.86492703,553.75830936,14.108061511,21885345.02,1092.9226519,20025
Middlesex,South Brunswick Twp,4860,18718.992704,71.288977342,473.23596751,194.09940009,922.31328813,147.7591072,170729246.76,8317.0220994,20528
Middlesex,South Plainfield Boro,4910,20095.101036,824.72523796,638.14064226,195.21503648,830.09877563,217.97318159,77625982.22,3404.4611111,22801
Middlesex,South River Boro,4920,16300.664877,271.31841153,1725.7481479,388.62473439,589.03405502,500.44761529,45914221.91,2321.7333333,19776
Middlesex,Spotswood Boro,4970,19830.179832,202.53215025,667.05528101,192.03266256,764.04427499,357.97740107,35091743.82,1594.0777778,22014
Middlesex,Woodbridge Twp,5850,19314.360212,602.09002588,932.04391188,272.60390562,593.48293314,248.8762469,302759180.87,13784.677778,21963
Middlesex,Academy For Urban Leadership Charte,6032,17691.22549,273.06168301,2304.1870915,240.25326797,0,0,10041073,489.6,20509
Middlesex,Hatikvah International Cs,6041,14160.906934,0,507.25182482,0,0,0,8038151,548,14668
Middlesex,Greater Brunswick Cs,6635,16087.373482,1471.1437247,1872.9352227,763.37044534,1445.5339069,0,8552269,395.2,21640
Middlesex,Middlesex Charter School,7896,9222.0968992,685.32170543,2219.3139535,0.4069767442,0,0,3128802,258,12127
Monmouth,Allenhurst,50,34211.636364,0,0,0,0,0,376328,11,34212
Monmouth,Asbury Park City,100,32042.096423,95.170665094,6363.5171233,440.8811573,0,2137.4667995,72363858.14,1761.5722222,41079
Monmouth,Atlantic Highlands Boro,130,24810.433157,125.70452495,577.09681578,262.37720768,1102.2302437,709.05311332,7133051.5,258.56666667,27587
Monmouth,Avon Boro,180,27391.333333,83.828179023,525.40554148,132.64047289,2356.5442697,44.819179453,5294036.68,173.37845304,30535
Monmouth,Belmar Boro,270,20579.566467,107.44406394,2791.517917,758.81141031,528.50283238,370.48035329,15210128.72,605.10555556,25136
Monmouth,Bradley Beach Boro,500,22205.798171,329.89432308,2153.4906644,364.23161237,485.20674276,367.40513115,9519745.18,367.47222222,25906
Monmouth,Brielle Boro,560,21087.435191,41.228506396,497.33415464,48.051471969,567.90438774,418.57332051,16758844.55,739.56111111,22661
Monmouth,Colts Neck Twp,945,29940.605712,648.70588768,563.19339404,29.481002206,1740.7725807,509.03623415,32125411.09,960.92391304,33432
Monmouth,Deal Boro,1000,27746.175112,9735.8713329,773.81968386,0,0,5.4176803487,6535452.4,170.81111111,38261
Monmouth,Eatontown Boro,1260,23329.138688,25.706934407,2571.549721,309.50004574,2005.5175647,0,27440612,971.64444444,28241
Monmouth,Fair Haven Boro,1440,18800.558586,68.443434343,279.43737374,7.6636363636,949.57474747,411.75568687,20312259.13,990,20517
Monmouth,Farmingdale Boro,1490,21593.023256,2.7784577723,2546.1689106,148.94736842,1884.9449204,17.301162791,4279963.01,163.4,26193
Monmouth,Freehold Boro,1640,18070.431859,654.78627204,2572.1212687,510.07635166,733.12608198,1394.2627852,39864347.89,1665.5388889,23935
Monmouth,Freehold Regional,1650,20238.709103,206.8388569,595.13556972,38.772747405,0,38.479974581,219326662.32,10385.8,21118
Monmouth,Freehold Twp,1660,23142.837978,647.72374183,483.20930922,158.23154529,991.68654694,337.8908917,92748271.56,3600.2555556,25762
Monmouth,Hazlet Twp,2105,21872.991215,335.92352873,582.32625081,303.18563751,1347.3576979,82.28896649,65507614.63,2671.1555556,24524
Monmouth,Henry Hudson Regional,2120,32375.810823,255.52087983,838.19178376,459.92215815,2052.9017514,1364.7091857,11621366.59,311.17222222,37347
Monmouth,Highlands Boro,2160,27174.75266,395.05693485,2870.4293448,557.59566922,0,47.756729513,5543707.76,178.56666667,31046
Monmouth,Holmdel Twp,2230,24566.232413,197.04248507,762.46361513,84.233278532,1323.3832309,273.7068651,78608003.56,2889.25,27207
Monmouth,Howell Twp,2290,22487.651122,51.013931936,488.7535846,430.74246751,822.63751562,288.14339529,134319770.95,5467.0555556,24569
Monmouth,Interlaken,2320,17601.459459,0,0,0,0,0,651254,37,17601
Monmouth,Keansburg Boro,2400,33274.717918,4.442556392,3799.5515102,491.2371773,0,3937.0544532,66223501.89,1595.4777778,41507
Monmouth,Keyport Boro,2430,22920.659592,204.6220341,2158.5384524,365.45343985,1242.4217241,169.68854537,25218202.87,931.88888889,27061
Monmouth,Little Silver Boro,2720,21314.495743,308.36993556,559.40755459,136.20927288,975.44653789,424.51330064,18834156.22,794.07222222,23718
Monmouth,Long Branch City,2770,21371.459185,118.10407692,3066.829772,572.36691648,106.21250467,4826.8590292,163523336.48,5439.5666667,30062
Monmouth,Manalapan-Englishtown Reg,2920,20143.893861,86.932092767,511.7967226,355.47479941,799.55624247,273.57783374,103683271.66,4676.4777778,22171
Monmouth,Manasquan Boro,2930,22014.288986,700.19767574,570.29969602,371.60287808,998.95236249,186.8258727,37729317.87,1518.7611111,24842
Monmouth,Marlboro Twp,3030,22081.109498,870.94776319,441.46598053,319.18312013,0,10.129197757,108589961.84,4577.4444444,23723
Monmouth,Matawan-Aberdeen Regional,3040,26375.178952,282.76538539,986.97109323,192.70587278,797.60904242,325.44148199,106815485.01,3688.2944444,28961
Monmouth,Middletown Twp,3160,21108.415401,115.37682277,563.50047232,158.4733819,693.36616033,149.23029566,209878540.1,9209.9,22788
Monmouth,Millstone Twp,3200,21004.881374,335.96655202,322.27281991,248.29201456,1727.6315831,337.48429657,42484144.3,1771.9055556,23977
Monmouth,Monmouth Beach Boro,3250,24062.084509,775.4336214,567.54288444,15.356320841,910.67008295,569.45216485,6882652.5,255.85555556,26901
Monmouth,Monmouth Co Vocational,3260,23631.009508,66.168979151,1386.7024051,11.018782528,1971.4515216,398.77758604,57580947.66,2096.5111111,27465
Monmouth,Monmouth Regional,3270,31052.219322,437.01883157,882.20968731,197.55382325,2163.3802225,69.907268109,33111477.94,951.41666667,34802
Monmouth,Neptune City,3500,23880.396472,0,1259.5008702,307.98165138,1728.0377002,0,10235960,376.65555556,27176
Monmouth,Neptune Twp,3510,22094.953325,404.32768751,2540.7554247,288.72444446,0,6321.1648706,118326060.75,3738.5888889,31650
Monmouth,Ocean Twp,3810,25636.468368,253.32396303,1183.502417,566.19463785,1002.6241523,183.75036218,95707152.89,3320.1833333,28826
Monmouth,Oceanport Boro,3830,24674.304404,73.44757693,745.43946932,345.81905288,293.25594251,14.128579326,14189648.58,542.7,26146
Monmouth,Red Bank Boro,4360,17108.760755,117.56489046,4087.0450437,571.15176054,304.76176705,273.77481744,31068656.95,1383.1,22463
Monmouth,Red Bank Regional,4365,23522.265581,79.664213611,984.444676,87.449560404,1461.5710843,412.90934028,33970767.91,1279.5833333,26548
Monmouth,Roosevelt Boro,4520,23825.357197,6.9192047592,387.6310571,0,553.38994254,352.68577821,2745292.84,109.26111111,25126
Monmouth,Rumson Boro,4570,22609.988765,166.3998716,985.30950725,16.471028837,1423.4658392,237.29312503,23773950.29,934.55,25439
Monmouth,Rumson-Fair Haven Reg,4580,24248.821946,1354.923742,794.97784839,335.63268393,912.60108472,608.76571687,27660635.64,978.93922652,28256
Monmouth,Sea Girt Boro,4690,28420.439437,2025.4985915,623.53239437,1190.8901408,0,454.80670423,5806942.19,177.5,32715
Monmouth,Shore Regional,4760,31414.829419,519.82643597,806.9230352,201.56641536,1501.9525953,16.914747519,21179204.24,614.56666667,34462
Monmouth,Shrewsbury Boro,4770,21843.116244,28.229508197,449.11251863,5.3852459016,565.7414307,376.2078465,10408459.31,447.33333333,23268
Monmouth,Lake Como,4840,23465.287425,0,1229.6167665,0,0,0,4124049,167,24695
Monmouth,Spring Lake Boro,4980,33586.107911,933.36964118,1470.9058486,1.4921560595,0,24.686941225,8303218.3,230.53888889,36017
Monmouth,Spring Lake Heights Boro,4990,20232.813972,251.37209062,513.89968027,262.16247808,2298.0121704,577.68015265,11700701.71,484.78333333,24136
Monmouth,Tinton Falls,5185,24140.095959,379.43356917,754.48808763,371.90074053,2174.9602096,334.15436292,37914662.26,1346.6388889,28155
Monmouth,Union Beach,5230,19835.016017,64.199080737,1911.9554297,235.72134268,0,396.45398486,18592585.63,828.42307692,22443
Monmouth,Upper Freehold Regional,5310,19486.311036,649.91772266,443.76571958,192.99563551,2024.4969151,481.26116115,49726942.96,2136.1519337,23279
Monmouth,Wall Twp,5420,25973.616332,502.87831494,606.63921619,356.25675047,978.44748699,106.33327088,90672319.02,3178.7888889,28524
Monmouth,West Long Branch Boro,5640,21987.534267,232.71898932,1213.1496025,157.54587581,1060.5802644,383.56713721,14256791.83,569.47222222,25035
Monmouth,Loch Arbour School District,5645,73643.142857,0,10.857142857,0,0,0,257789,3.5,73654
Monmouth,Academy Charter High School,6010,23283.044619,53.497375328,1547.4671916,344.45538058,0,0,3844818,152.4,25228
Monmouth,Hope Academy Cs,6740,14649.887776,850.70140281,2361.3827655,520.16432866,0,0,4586343,249.5,18382
Monmouth,The Red Bank Cs,7720,18842.226563,1344.5089286,2646.09375,733.97879464,0,0,4223172,179.2,23567
Monmouth,College Achieve Greater Asbury Park,7891,18232.150597,232.85079189,908.68574604,315.97110308,0,0,7086308,359.9,19690
Morris,Boonton Town,450,23322.735333,847.55819293,2004.5303945,221.88619265,1049.874607,25.243071598,38887745.83,1415.55,27472
Morris,Boonton Twp,460,23921.391121,31.708110259,284.41242356,7.2673176554,0,13.720736211,15581908.21,642.32777778,24258
Morris,Butler Boro,630,23372.938049,474.92661524,716.07649985,244.96181321,558.58440667,308.98836729,28984245.77,1128.8249233,25676
Morris,Sch Dist Of The Chathams,785,20565.174792,160.53194747,461.07214548,99.139987071,903.35167733,308.01939899,88165379.49,3918.9333333,22497
Morris,Chester Twp,820,24025.549025,418.54786239,705.93612585,246.7623251,1097.6190601,614.29770639,28590105.87,1054.6464088,27109
Morris,Denville Twp,1090,22481.285108,643.53770988,400.37380895,23.533984321,0,97.318378014,38255301.65,1617.8306011,23646
Morris,Dover Town,1110,16797.305069,539.35321662,2752.1173019,362.29595829,218.262085,139.24944968,67819449.58,3259.2055556,20809
Morris,East Hanover Twp,1190,26185.264603,216.44581363,532.28281226,0.5314625591,687.22281531,454.00526216,25568432.07,910.69444444,28076
Morris,Florham Park Boro,1530,22976.14883,370.43142837,446.27832755,2.1594379262,1731.4197644,328.60275412,25023657.35,967.84444444,25855
Morris,Hanover Park Regional,1990,26768.966476,991.08900733,543.64171747,29.356829957,2422.1111505,986.5926478,45495305.39,1433.295082,31742
Morris,Hanover Twp,2000,25037.338088,249.26243275,370.66512273,396.73047243,247.84801614,206.32049201,34652871.03,1307.2527473,26508
Morris,Harding Township,2010,32280.175357,113.69223601,537.73815071,46.619509509,0,157.22648143,13038248,393.48333333,33135
Morris,Jefferson Twp,2380,24198.17092,127.60451216,810.98947191,275.37597493,971.19730345,413.92139022,70333178.94,2624.6407305,26797
Morris,Kinnelon Boro,2460,27524.36326,375.33431778,512.52333136,186.14825753,960.70998228,355.34970467,50645128.05,1693,29914
Morris,Lincoln Park Boro,2650,21264.483661,98.108014244,465.14121128,160.26904002,162.73040893,55.729184591,26641955.47,1199.7388889,22206
Morris,Madison Boro,2870,21317.446187,66.209122624,620.77336898,122.63349744,1030.1693456,65.316010564,59354896.28,2555.9166667,23223
Morris,Mendham Boro,3090,24227.900663,510.74187099,531.21751026,109.07923814,1446.2801221,748.55971798,13101681.15,475.15,27574
Morris,Mendham Twp,3100,26118.209492,420.0802702,369.86797087,116.4049478,1541.1549259,824.47761207,22334589.02,759.93333333,29390
Morris,Mine Hill Twp,3240,19729.604181,309.68577208,632.13621038,280.71948753,397.75185435,242.77462576,10673977.59,494.33333333,21593
Morris,Montville Twp,3340,26297.802172,772.09928348,449.14126735,20.77380206,764.370309,170.52186744,97821576.2,3435.3846154,28475
Morris,Morris County Vocational,3365,16058.177115,128.3968286,889.3502654,48.41765773,779.08405563,392.56276288,27229919.96,1488.3,18296
Morris,Morris Hills Regional,3370,29615.44381,2190.1409524,510.56380952,129.15733333,937.45942857,527.2720419,89013848.11,2625,33910
Morris,Morris Plains Boro,3380,24660.818143,481.65520646,383.68664605,175.02821063,1252.8119451,451.90301439,22208982.65,810.37222222,27406
Morris,Morris School District,3385,22657.149051,692.62378517,2091.309528,239.24488287,0,65.2656364,137311259.02,5333.3888889,25746
Morris,Mount Arlington Boro,3410,25298.446145,0.4512458309,525.04218168,190.54541887,456.73925839,64.686344909,13525353.63,509.7,26536
Morris,Mount Olive Twp,3450,21693.724818,578.15483951,492.3535491,231.02893014,1017.108924,321.37269424,113018613.62,4644.5222222,24334
Morris,Mountain Lakes Boro,3460,29066.929188,456.4749987,835.53777586,64.594366974,1201.6827529,353.10423036,47673639.71,1490.8111111,31978
Morris,Netcong Boro,3520,21260.010812,1084.9592617,1514.1317527,376.12541993,547.58659304,644.43649071,7316550.02,287.74444444,25427
Morris,Parsippany-Troy Hills Twp,3950,23325.239737,362.69275544,484.47356437,317.27247577,474.26767155,79.182497789,179028596.72,7148.8111111,25043
Morris,Long Hill Twp,4000,24122.728871,194.68193835,488.33910223,1.2571202747,1355.0382928,556.25741054,21784916.57,815.35555556,26718
Morris,Pequannock Twp,4080,21311.867887,1018.1480943,474.8985423,42.157005182,630.76904451,19.607327231,48519880.17,2064.9,23497
Morris,Randolph Twp,4330,23103.85803,383.89093891,477.64365832,294.49658141,895.79273106,190.60138438,109710401.68,4328.4611111,25346
Morris,Riverdale Boro,4440,20269.145384,698.6178242,440.99108028,138.39292521,0,395.43897233,9594030.1,437.23333333,21943
Morris,Rockaway Boro,4480,21961.064656,322.65791792,750.17602291,189.04893462,1030.1354622,53.288446014,12533312.6,515.63898097,24306
Morris,Rockaway Twp,4490,24597.778708,910.28663546,453.42757142,191.50569543,259.27898184,47.213086184,60730117,2295.2111111,26459
Morris,Roxbury Twp,4560,23993.824882,1455.9531792,445.58813387,409.70813617,488.40016092,241.96269277,94081519.04,3479.9333333,27035
Morris,Washington Twp,5520,25789.291467,108.54592591,446.94712484,236.76823299,719.12457545,450.38386901,53699999.31,1935.0611111,27751
Morris,West Morris Regional,5660,25094.88796,787.14455866,583.05391143,42.506712494,997.83907029,515.49521278,63689091.05,2272.9116022,28021
Morris,Wharton Boro,5770,19741.180247,918.50658223,2441.2396712,303.81140341,334.53685831,35.706603917,18270676.93,768.48333333,23775
Morris,Unity Cs,8050,18056.542845,0,512.14014352,647.67834529,0,0,4552356,236.9,19216
Ocean,Barnegat Twp,185,17658.313291,2143.0400836,2955.6638015,320.32510849,768.74950576,1919.2723007,90144277.36,3498.6611111,25765
Ocean,Bay Head Boro,210,25394.128424,1442.5327021,659.97418902,0,1709.3830615,289.91416027,4621299.54,156.67582418,29496
Ocean,Beach Haven Boro,230,25467.351228,2030.8546862,1470.6494067,0,0,5.4050764642,2522681.6,87.066298343,28974
Ocean,Berkeley Twp,320,16168.002015,240.43502277,2625.479096,482.31673297,824.23710876,337.63231989,49498092.49,2393.7444444,20678
Ocean,Brick Twp,530,18984.727235,530.01790199,1396.6329423,369.00204403,244.58172126,169.23657497,180428237.79,8316.8888889,21694
Ocean,Central Regional,770,17125.574859,590.27961252,801.6141181,234.13024713,159.54026663,281.83110074,50028076.25,2606.5833333,19193
Ocean,Eagleswood Twp,1150,24728.903181,0,1354.7217025,0,2987.2450889,0,4143568,142.53333333,29071
Ocean,Island Heights Boro,2350,24393.406782,29.35311013,597.09349681,42.33977794,1904.6726969,198.8682471,3520528.22,129.59444444,27166
Ocean,Jackson Twp,2360,21124.566736,83.358850776,684.79757784,356.47801487,1097.7833065,458.38808012,183022316.89,7688.2777778,23805
Ocean,Lacey Twp,2480,20579.587428,315.59021381,856.75338872,228.34840811,983.48334945,264.89242154,88187718.55,3796.5055556,23229
Ocean,Lakehurst Boro,2500,17388.762323,41.276107516,3150.5924944,424.34028049,207.40311675,1058.0809152,11107142.1,498.73888889,22270
Ocean,Lakewood Twp,2520,36717.227608,155.42396128,14427.030913,3499.5128226,413.87434866,0.7104527103,309527837.79,5605.9888889,55214
Ocean,Lavallette Boro,2550,23233.635909,328.69087275,838.55596269,78.557628248,361.63391073,275.91545636,5026746.88,200.13333333,25117
Ocean,Little Egg Harbor Twp,2690,17091.540173,178.46882058,4263.6214381,1339.578121,1071.7647377,29.281128707,39393962.1,1643.1777778,23974
Ocean,Long Beach Island,2760,34476.208249,4836.8419164,951.64543334,216.96803466,0,459.0266694,8872984.83,216.72777778,40941
Ocean,Manchester Twp,2940,22238.698696,455.79895602,1315.6313612,414.29653812,988.71144009,547.60843561,74352872.94,2864.05,25961
Ocean,Ocean County Vocational,3790,18581.453011,135.45550668,3221.4796566,28.966545424,1093.1843174,285.95480672,36800300.03,1576.2666667,23346
Ocean,Ocean Gate Boro,3800,22762.991664,165.24441838,2544.6403887,994.19595359,979.74196791,116.9629037,3655722.53,132.62777778,27564
Ocean,Ocean Twp,3820,19997.545869,47.302597543,1844.109388,288.66766125,766.27825836,8.0822635562,21196669.15,923.52222222,22952
Ocean,Pinelands Regional,4105,23575.544419,113.02050114,1685.4884478,20.667751383,2343.2600065,43.623026359,42686434.78,1536.5,27782
Ocean,Plumsted Twp,4190,24844.026619,85.062435281,745.24517269,286.70859475,482.45599074,718.09516355,29727459.22,1094.4666667,27162
Ocean,Point Pleasant Boro,4210,19073.178218,242.25724466,764.76662616,172.93798529,683.51842317,163.52457068,56915399.36,2697.3888889,21100
Ocean,Point Pleasant Beach Boro,4220,24608.259663,70.689522854,1084.6449813,455.58407249,1452.0023023,835.05031657,21461074.27,752.85555556,28506
Ocean,Seaside Heights Boro,4710,21385.708391,267.44448811,4568.0482413,720.5084496,88.426016899,50.262188053,6124984.19,226.17777778,27080
Ocean,Southern Regional,4950,22242.787847,2358.4210146,1037.5197031,159.59579537,0,83.859522279,73580316.77,2842.8944444,25882
Ocean,Stafford Twp,5020,19591.128842,929.79496552,800.59559829,384.59446177,529.18708052,226.96697639,48751357.56,2170.3666667,22462
Ocean,Toms River Regional,5190,17784.143336,35.552295531,945.01090481,244.55301025,1158.6364313,159.70555256,294527070.3,14489.022222,20328
Ocean,Tuckerton Boro,5220,18585.322792,524.37719252,3030.0612598,0.5623331064,1251.5681449,410.64412796,7576743.87,318.31666667,23803
Ocean,Ocean Academy Charter School,7893,16584.410967,1170.5995782,1182.720699,1513.4920157,0,0,6787761,331.9,20451
Passaic,Bloomingdale Boro,420,23625.5699,91.017264113,734.67885069,183.57891509,101.18328171,66.185223391,22467360.62,905.86111111,24802
Passaic,Clifton City,900,19108.327489,187.34344471,1773.4736194,397.67260618,91.797793595,92.711784852,228641618.9,10560.166667,21651
Passaic,Haledon Boro,1920,17701.281605,212.17418993,1860.296311,382.68884049,0,185.27885457,20323389.9,999.0989011,20342
Passaic,Hawthorne Boro,2100,21768.437642,291.01668292,880.95779765,241.42575319,889.29925779,73.776121314,54056034.21,2238.8166667,24145
Passaic,Lakeland Regional,2510,27941.198057,196.06736754,673.51291829,235.80181517,299.99826133,413.02680908,28527226.91,958.58888889,29760
Passaic,Little Falls Twp,2700,21167.794653,950.07828265,920.82705968,365.48790774,457.97489707,363.16352016,21541833.09,889.22777778,24225
Passaic,North Haledon Boro,3640,21003.601877,477.18947817,587.34161809,72.625821129,2589.8762975,938.92858353,14797872.24,576.47540984,25670
Passaic,Passaic City,3970,21564.074659,542.68339735,3937.3798424,2478.7934553,0,3231.8013635,422557070.35,13306.900552,31755
Passaic,Passaic Co Manchester Reg,3980,28212.459289,137.58766992,1645.6666209,293.36317452,0,142.8215598,24626168.38,809.22222222,30432
Passaic,Passaic Valley Regional,3990,31505.611223,29.097364626,1027.7487872,152.93415498,691.18489577,63.599213321,35455143,1059.3055556,33470
Passaic,Passaic County Vocational,3995,23625.271181,454.34558291,1610.9609394,332.80407654,1296.6447984,157.3338528,115155480.44,4190.9222222,27477
Passaic,Paterson City,4010,19447.615779,73.822160906,3760.9151311,426.6514951,12.608701172,1844.7097724,663635841.82,25957.422222,25566
Passaic,Pompton Lakes Boro,4230,21938.051021,168.17941986,816.17011774,179.13754438,230.52083566,25.87960584,40678758.34,1741.5388889,23358
Passaic,Prospect Park Boro,4270,17698.767427,454.21173083,1607.3201904,459.82737194,382.84761601,772.2160866,17486449.53,818.07222222,21375
Passaic,Ringwood Boro,4400,25163.72377,59.729557294,536.0466853,338.54975307,863.00130101,44.574985923,28670575.12,1061.6519337,27006
Passaic,Totowa Boro,5200,18382.913669,168.66084841,757.02685115,377.03828493,787.98236278,343.71864011,19016062.43,913.47222222,20817
Passaic,Wanaque Boro,5440,23123.924379,200.67425938,932.90970476,675.30083115,1363.1670607,25.010650463,23129894.42,878.76243094,26321
Passaic,Wayne Twp,5570,24982.936903,60.617602233,613.46650531,272.01743347,400.26445101,215.99577462,202040397.44,7611.1555556,26545
Passaic,West Milford Twp,5650,26770.315673,564.92560812,659.51867125,313.5291665,200.81508099,93.992237674,86262198.01,3015.8342541,28603
Passaic,Woodland Park,5690,17601.79123,744.97213912,1988.5086013,447.35031788,471.70905011,283.02205591,25595947.99,1188.4444444,21537
Passaic,Community Charter School Of Paterso,6021,15265.090645,419.77506714,2602.4988809,260.20702775,0,0,16574110,893.6,18548
Passaic,John P Holland Charter School,6079,16878.457539,1349.8375217,5067.1945407,206.38864818,0,0,10848467,461.6,23502
Passaic,Passaic Arts And Science Charter Sc,6080,14765.02095,327.14606078,1963.1814695,1594.1310121,0,0,31601543,1694.5,18649
Passaic,Paterson Arts And Science Charter S,6096,13149.217979,113.41664879,2098.6419223,1022.4941,0,0,15272951,932.2,16384
Passaic,Philip’s Charter School Of Paterson,6106,13367.575,0,2223.7222222,471.16666667,0,0,5782487,360,16062
Passaic,Classical Academy Charter School Of,6230,11289.238889,0,431.73888889,0,0,0,2109776,180,11721
Passaic,Paterson Cs For Sci/Tech,7503,15362.353938,1853.5009129,1636.4599635,369.3394627,0,0,29478329,1533.6,19222
Passaic,College Achieve Paterson Charter Sc,7892,14299.578564,140.84183143,1002.1123829,93.140478668,0,0,14929782,961,15536
Salem,Alloway Twp,60,18665.658812,131.63519976,797.00259042,269.2893793,525.81896981,536.62589668,9334869.85,446.08888889,20926
Salem,Elsinboro Twp,1350,21134.271357,69.578662543,1179.5361422,565.79822188,0,348.68480866,3013579.38,129.35,23298
Salem,Lower Alloways Creek,2800,22663.195871,84.545151801,968.9698618,406.4211578,0,83.70884165,4845940.58,200.18888889,24207
Salem,Mannington Twp,2950,19546.640023,752.2823804,3205.7327888,342.42007001,821.56767795,0,4698006,190.44444444,24669
Salem,Oldmans Twp,3860,18456.798383,6.4510200331,853.3243889,273.95000919,425.26447344,0,6050328,302.27777778,20016
Salem,Penns Grv-Carneys Pt Reg,4070,18231.975879,242.73014416,1595.6536947,414.15753941,235.062897,327.94782617,46867466,2226.7444444,21048
Salem,Pennsville,4075,19615.110962,72.320823888,2001.7216579,457.34810959,1287.2554781,139.71589847,42117545.41,1786.65,23573
Salem,Pittsgrove Twp,4150,19161.842171,513.87743241,2263.6422228,572.41974664,440.42288102,229.27199687,39444570.04,1701.5555556,23181
Salem,Quinton Twp,4280,20156.599339,648.1421778,2354.6327073,370.11493512,867.53993713,681.01322157,8642868.64,344.63888889,25078
Salem,Salem City,4630,19221.584272,190.15344469,4001.2377759,581.541034,218.08966845,643.11616194,32702950.08,1315.7111111,24856
Salem,Salem Co Special Service,4635,64397.59109,457.52792553,105.61835106,887.34375,2683.1698803,8.7140226064,11453789.71,167.11111111,68540
Salem,Salem County Vocational,4640,15194.46356,452.70827196,2544.1954869,529.63220998,921.49530136,12.450852825,14826817.47,754.35555556,19655
Salem,Upper Pittsgrove Twp,5320,20431.732964,809.50600005,784.10153527,279.50051885,0,162.25631908,9178053.47,408.51086957,22467
Salem,Woodstown-Pilesgrove Reg,5910,18129.417755,171.26153678,1207.2732869,209.30305946,1079.870266,445.91893221,30292463.92,1425.9944444,21243
Salem,Creativity Colaboratory Charter Sch,7897,14032.112971,0,317.49651325,239.71408647,0,0,2092109,143.4,14589
Somerset,Bedminster Twp,240,25323.121327,244.50497914,516.49343728,181.73082194,0,0,19166483,729.71111111,26266
Somerset,Bernards Twp,350,23351.539779,209.2288054,727.38520979,42.370125541,1102.111522,88.988782831,124404448.35,4874.4722222,25522
Somerset,Bound Brook Boro,490,17791.431331,792.97134099,1640.16912,464.12192371,845.66164435,31.912689783,41429999.05,1921.0555556,21566
Somerset,Branchburg Twp,510,24199.205265,1489.5713399,379.07822345,114.31474757,1077.324467,244.11497887,53906615.29,1959.9833333,27504
Somerset,Bridgewater-Raritan Reg,555,22159.764848,954.73738093,450.30850179,279.22870028,668.52277577,185.38420621,203539869.97,8241.1657459,24698
Somerset,Franklin Twp,1610,22772.113218,626.26614661,1310.9298988,397.9591577,1246.9038332,280.27745142,188356608.78,7071.9166667,26634
Somerset,Green Brook Twp,1810,23240.995029,94.021590245,278.4328394,95.567294706,1316.6289907,551.40325578,29669092.65,1159.9888889,25577
Somerset,Hillsborough Twp,2170,19731.51129,190.70225897,377.13211214,307.18186589,365.52974798,105.98612945,153289719.36,7272.4833333,21078
Somerset,Manville Boro,3000,18080.509276,744.28997445,1600.4387762,506.26881012,0,63.645986812,32229192.54,1535.0777778,20995
Somerset,Montgomery Twp,3320,21415.934267,145.78496556,549.6774312,108.08671683,1798.8301159,421.62106354,110930690.53,4538.9111111,24440
Somerset,North Plainfield Boro,3670,20425.005493,292.3168289,1622.1864466,220.96333068,336.50297184,424.00818958,79366877.16,3403.2388889,23321
Somerset,Somerset Co Vocational,4810,33579.586999,67.604333694,2477.7497291,236.92329361,0,533.3735428,18919058.1,512.77777778,36895
Somerset,Somerset Hills Regional,4815,24544.07334,342.28937142,635.51329,190.639034,1842.2408348,544.67065185,50174179.89,1785.5944444,28099
Somerset,Somerville Boro,4820,21249.239723,950.3831143,1386.2625398,171.67659044,903.74047406,461.01437635,55107616.33,2193.5722222,25122
Somerset,South Bound Brook,4850,20490.780866,973.80045558,1449.4469248,298.65148064,579.13439636,646.38152164,13410459.86,548.75,24438
Somerset,Warren Twp,5470,29033.617978,3191.1823869,443.03471347,1.0081678759,4305.5369944,250.70512665,57120652.66,1534.4666667,37225
Somerset,Watchung Boro,5540,23647.915765,363.22345251,563.36758621,4.5320634116,0,815.64270414,15582882.02,613.62777778,25395
Somerset,Watchung Hills Regional,5550,22532.641352,1766.9916306,638.55081507,86.04622878,3864.115399,466.26667746,56738248.51,1932.8563536,29355
Somerset,Central Jersey College Prep Charter,6018,12319.559588,149.51670103,719.46639175,228.53278351,0,0,16268204,1212.5,13417
Somerset,Thomas Edison Energysmart Charter S,6081,12358.35968,0,447.34829169,572.5327214,0,0,7870419,588.3,13378
Sussex,Andover Reg,90,24958.986931,812.58526023,429.29703813,180.93882917,1493.3879824,365.348666,18258924.18,646.55,28241
Sussex,Byram Twp,640,20286.773078,272.12507585,395.25306314,96.452547677,923.71395649,512.60658789,18322221,814.79444444,22487
Sussex,Frankford Twp,1560,26042.99691,1018.5457872,804.08466248,125.02820534,441.94378681,131.01460114,13584760.11,475.59668508,28564
Sussex,Franklin Boro,1570,21149.723213,695.40278541,2309.4923816,359.48852275,0,54.216293836,11672273.86,475.09444444,24568
Sussex,Fredon Twp,1630,27495.505869,1333.3426495,954.77361655,387.3784237,1821.6210173,43.678759083,5731294.13,178.9,32036
Sussex,Green Twp,1800,23377.739801,91.4180663,495.93140571,80.491808101,298.39750566,406.51719858,14024043.42,566.61666667,24750
Sussex,Hamburg Boro,1930,30330.993532,1516.4108159,1139.7615522,662.3517494,1042.6244838,703.16498091,7570466.27,213.88333333,35395
Sussex,Hampton Twp,1980,22673.368775,345.31337233,959.32578276,236.34621197,0,144.80448411,7611289.77,312.46111111,24359
Sussex,Hardyston Twp,2030,21400.577754,101.50796085,502.42534088,151.12678805,1259.2404428,632.67098123,14373620.99,597.71666667,24048
Sussex,High Point Regional,2165,29289.261253,80.277991365,594.42834329,1160.0792571,0,104.93896019,26399423.15,845.35,31229
Sussex,Hopatcong,2240,26412.204992,715.36672288,908.02684697,1280.1306481,0,8.3214920749,42695492,1455.9888889,29324
Sussex,Kittatinny Regional,2465,29439.001425,327.52315365,904.94300641,220.59130848,272.49346948,418.72202565,26599433.69,842.2,31583
Sussex,Lafayette Twp,2490,25666.014664,567.32532595,673.19106445,415.40555191,1644.6035776,642.4723346,5765697.21,194.72777778,29609
Sussex,Lenape Valley Regional,2615,24904.897873,1784.9795633,581.65081934,101.91875737,0,21.45535567,18611128.01,679.36464088,27395
Sussex,Montague Twp,3300,23188.577869,2022.9079877,3186.6708472,277.6252055,0,62.26752877,9420172.95,327.79444444,28738
Sussex,Newton Town,3590,19790.692768,505.17508762,1936.3138124,212.52719528,334.20870738,254.81177548,36619918.67,1589.8388889,23034
Sussex,Ogdensburg Boro,3840,18079.810603,200.01631318,2402.5891406,241.90232157,0,171.76459458,5808649.1,275.34254144,21096
Sussex,Sandyston-Walpack Twp,4650,24467.416956,17.937530987,463.75805652,34.952900347,0,120.65570154,3375748.17,134.46666667,25105
Sussex,Sparta Twp,4960,24443.833596,500.71166853,642.22849479,208.77985811,1844.1192778,37.398482598,85524303.22,3090.0777778,27677
Sussex,Stanhope Boro,5030,20871.023343,216.9601567,621.91301993,91.741695552,1118.8330445,826.15520797,7267254.88,306.03314917,23747
Sussex,Stillwater Twp,5040,23722.855043,1706.6286974,2713.4925593,390.22597832,0,40.9950395,7776467.8,272.15,28574
Sussex,Sussex-Wantage Regional,5100,24300.567949,621.57493905,782.6714634,263.95741192,0,7.7012513214,26756344.46,1030.0222222,25976
Sussex,Sussex County Vocational,5110,21511.803449,5.5992793838,1199.0372446,294.96591577,1038.7693799,399.12960557,17793524.94,727.77222222,24449
Sussex,Vernon Twp,5360,24739.74389,28.955526274,654.6728641,238.72439847,162.05223511,20.122592942,75402672.23,2917.5777778,25844
Sussex,Wallkill Valley Regional,5435,27904.080493,2043.5627251,913.65402102,152.59047758,671.65278435,394.25540501,19599329.53,610.95555556,32080
Sussex,Sussex County Technology Charter Sc,7850,20437.808889,0,702.07111111,0,1328.2488889,0,5055329,225,22468
Union,Berkeley Heights Twp,310,24002.644959,235.18759635,501.36688589,72.295052514,873.04002573,168.80762807,64753286.15,2504.6388889,25853
Union,Clark Twp,850,18598.546241,222.12757478,640.82038717,57.181930227,618.00526949,566.32770615,46753260.42,2258.2833333,20703
Union,Cranford Twp,980,20496.741693,19.824419284,544.27897792,29.218763962,227.79387357,179.85327071,81529949.53,3792.4944444,21498
Union,Elizabeth City,1320,19364.119142,237.22308956,2854.0540227,370.34783883,0,1754.4928515,684176420.32,27834.411111,24580
Union,Garwood Boro,1710,20000.784305,153.62917933,457.84758221,171.3854656,1055.0317767,633.63242885,11295457.3,502.63888889,22472
Union,Hillside Twp,2190,20349.460144,984.94743817,1770.8073475,217.20413777,0,124.41070111,71360556.66,3043.5055556,23447
Union,Kenilworth Boro,2420,22216.393282,130.58079978,744.47198438,248.04785558,843.1447844,0,34755154,1437.1944444,24183
Union,Linden City,2660,21947.13857,649.2288419,1679.6012099,273.7942728,0,102.20474357,150318111.78,6097.6111111,24652
Union,Mountainside Boro,3470,19786.994188,89.947251086,550.79627307,371.39080756,1644.3147845,159.28655642,22924567.62,1014.2388889,22603
Union,New Providence Boro,3560,20276.149031,236.75799148,389.04475319,68.88701289,877.64723829,0,51711383,2366.8176796,21848
Union,Plainfield City,4160,17585.190039,317.41159001,3698.1182675,316.09651074,234.52991241,991.42839468,217669753.29,9405.5166667,23143
Union,Rahway City,4290,18611.720487,712.89457364,1809.6427038,233.0345131,446.72493944,267.56174961,92572358.15,4192.2888889,22082
Union,Roselle Boro,4540,20876.139061,133.17278034,1884.2986843,368.39696785,0,178.27211641,67256022.27,2869.25,23440
Union,Roselle Park Boro,4550,19101.108187,791.62922779,1526.9412032,589.41148442,327.05046649,162.81824724,45644512.71,2028.7388889,22499
Union,Scotch Plains-Fanwood Reg,4670,20486.389561,891.26255079,646.69170146,70.30288197,240.09191563,224.87569496,121634335.93,5391.6850829,22560
Union,Springfield Twp,5000,20047.193785,805.45168501,527.71007341,333.65420367,413.38724059,203.85980921,50784379.52,2274.1388889,22331
Union,Summit City,5090,20908.90525,836.3318822,957.54827145,247.42816901,977.16272983,270.89211524,94494238.17,3905,24198
Union,Union County Vocational,5260,13774.257693,21.449753649,936.57339407,67.600632147,2958.7372037,227.86697034,38696125.22,2151.4,17986
Union,Union Twp,5290,20751.359778,208.15771928,1311.480752,287.96401094,381.28907216,216.05504177,168062939.88,7257.7611111,23156
Union,Westfield Town,5730,21432.670132,1757.7542747,524.13584419,31.012448625,608.54939066,103.06960715,147055688.77,6012.7790055,24457
Union,Winfield Twp,5810,23690.957996,0,3244.2145106,495.56374355,0,0,4549540,165.85555556,27431
Union,The Barack Obama Green Charter High,6033,17119.252922,0,2083.3180301,692.53338898,0,0,4766867,239.6,19895
Union,College Achieve Central Charter Sch,6101,12338.442424,8.7590909091,809.62727273,245.45227273,0,0,17691011,1320,13402
Union,Cresthaven Academy Charter School,6102,12268.066845,0,1267.0427807,434.6684492,0,0,5224697,374,13970
Union,Queen City Academy Cs,7600,13079.105263,662.38080495,1508.3529412,198.84829721,0,0,4989926,323,15449
Union,Union County Teams Cs,8010,11356.537781,0,1155.6659085,364.86732373,0,0,5095457,395.7,12877
Warren,Allamuchy Twp,30,20094.328573,91.991823103,649.90786594,367.12253829,1329.4944144,14.707082805,13052026.44,578.86666667,22548
Warren,Alpha Boro,70,24669.170282,200.02728452,905.74450955,245.33926734,0,83.061461735,6484360.39,248.41111111,26103
Warren,Belvidere Town,280,21396.397349,361.61039838,1579.7224493,1562.5310068,0,23.51816518,15585116.17,625.31111111,24924
Warren,Blairstown Twp,400,24221.394546,54.595341383,773.31960985,121.73910641,0,137.87815479,10177281.87,402.12222222,25309
Warren,Franklin Twp,1620,27321.914529,331.91307632,643.95456262,492.48598239,1015.8043055,791.66453618,5851137.25,191.22777778,30598
Warren,Frelinghuysen Twp,1670,20476.329532,723.63788473,940.24657655,253.30456607,0,0,2825440,126.17222222,22394
Warren,Great Meadows Regional,1785,21659.727375,716.97573359,438.59736262,103.95189336,662.10702278,54.125907446,21668309.02,916.77021858,23635
Warren,Greenwich Twp,1840,19299.950437,33.355680773,370.08567157,237.60269089,608.7698942,272.31891789,20118759.59,966.22222222,20822
Warren,Hackettstown,1870,18984.111882,329.36257197,673.34221016,257.71170946,200.13519652,187.0543557,40372604.12,1956.8222222,20632
Warren,Harmony Twp,2040,25898.899789,5.9603342226,791.11012302,253.68265525,0,118.87771787,7897573.02,291.76216216,27069
Warren,Hope Twp,2250,27785.093931,1076.4293221,736.75972149,524.51129795,916.0207567,496.08154887,5334302.95,169.15555556,31535
Warren,Knowlton Twp,2470,29149.953996,65.481972826,711.06451268,286.08323526,0,34.123419279,4711932.86,155.78333333,30247
Warren,Lopatcong Twp,2790,16477.196305,901.61808796,370.91890853,47.499709286,992.46125922,53.595814732,20705530.57,1098.8277778,18843
Warren,Mansfield Twp,2970,22753.535001,442.81657424,1082.5125039,288.86261379,844.46311604,34.336888145,13510691.98,530.94444444,25447
Warren,North Warren Regional,3675,22705.862473,106.09973102,456.10593834,94.657562591,0,29.228539899,16957997.23,724.95,23392
Warren,Oxford Twp,3890,21662.982669,517.48043235,497.06298919,207.86712635,781.69399925,1014.1386787,8829297.21,357.73333333,24681
Warren,Phillipsburg Town,4100,19591.922106,847.54697363,2248.0227657,242.8183744,167.04318535,3868.9146455,104026723.57,3857.6611111,26966
Warren,Pohatcong Twp,4200,19156.278454,219.54684771,586.45768267,122.47998026,1981.7234694,52.243908532,9656719.94,436.58563536,22119
Warren,Warren County Vocational,5460,21826.427907,588.15680727,1548.2662596,251.75161014,0,770.60521202,11185461.11,447.68333333,24985
Warren,Warren Hills Regional,5465,22821.114708,274.17977507,668.44839449,127.66534658,1322.5753449,692.20065761,45390945,1752.1277778,25906
Warren,Washington Boro,5480,17900.171864,24.6319943,3437.1092234,406.46045925,378.63035019,250.04309311,11352192.12,506.86111111,22397
Warren,Washington Twp,5530,25046.977536,478.23093941,1076.2729748,301.58015657,0,23.990580327,10548223.91,391.73333333,26927
Warren,White Twp,5780,26278.024744,13.966319117,725.7616196,191.10739581,0,123.01974344,9990409.45,365.52222222,27332
Warren,Ridge And Valley Cs,7727,21129.548751,177.05076551,725.14907333,0,0,0,2734140,124.1,22032
